elevation,seed,wavelength_nm,direct_horizontal_W_m2_nm,diffuse_horizontal_W_m2_nm
-18,21,360.0,0.0,0.0
-18,21,361.0,0.0,0.0
-18,21,362.0,0.0,0.0
-18,21,363.0,0.0,0.0
-18,21,364.0,0.0,0.0
-18,21,365.0,0.0,0.0
-18,21,366.0,0.0,0.0
-18,21,367.0,0.0,0.0
-18,21,368.0,0.0,0.0
-18,21,369.0,0.0,0.0
-18,21,370.0,0.0,0.0
-18,21,371.0,0.0,0.0
-18,21,372.0,0.0,0.0
-18,21,373.0,0.0,0.0
-18,21,374.0,0.0,0.0
-18,21,375.0,0.0,0.0
-18,21,376.0,0.0,0.0
-18,21,377.0,0.0,0.0
-18,21,378.0,0.0,0.0
-18,21,379.0,0.0,0.0
-18,21,380.0,0.0,0.0
-18,21,381.0,0.0,0.0
-18,21,382.0,0.0,0.0
-18,21,383.0,0.0,0.0
-18,21,384.0,0.0,0.0
-18,21,385.0,0.0,0.0
-18,21,386.0,0.0,0.0
-18,21,387.0,0.0,0.0
-18,21,388.0,0.0,0.0
-18,21,389.0,0.0,0.0
-18,21,390.0,0.0,0.0
-18,21,391.0,0.0,0.0
-18,21,392.0,0.0,0.0
-18,21,393.0,0.0,0.0
-18,21,394.0,0.0,0.0
-18,21,395.0,0.0,0.0
-18,21,396.0,0.0,0.0
-18,21,397.0,0.0,0.0
-18,21,398.0,0.0,0.0
-18,21,399.0,0.0,0.0
-18,21,400.0,0.0,0.0
-18,21,401.0,0.0,0.0
-18,21,402.0,0.0,0.0
-18,21,403.0,0.0,0.0
-18,21,404.0,0.0,0.0
-18,21,405.0,0.0,0.0
-18,21,406.0,0.0,0.0
-18,21,407.0,0.0,0.0
-18,21,408.0,0.0,0.0
-18,21,409.0,0.0,0.0
-18,21,410.0,0.0,0.0
-18,21,411.0,0.0,0.0
-18,21,412.0,0.0,0.0
-18,21,413.0,0.0,0.0
-18,21,414.0,0.0,0.0
-18,21,415.0,0.0,0.0
-18,21,416.0,0.0,0.0
-18,21,417.0,0.0,0.0
-18,21,418.0,0.0,0.0
-18,21,419.0,0.0,0.0
-18,21,420.0,0.0,0.0
-18,21,421.0,0.0,0.0
-18,21,422.0,0.0,0.0
-18,21,423.0,0.0,0.0
-18,21,424.0,0.0,0.0
-18,21,425.0,0.0,0.0
-18,21,426.0,0.0,0.0
-18,21,427.0,0.0,0.0
-18,21,428.0,0.0,0.0
-18,21,429.0,0.0,0.0
-18,21,430.0,0.0,0.0
-18,21,431.0,0.0,0.0
-18,21,432.0,0.0,0.0
-18,21,433.0,0.0,0.0
-18,21,434.0,0.0,0.0
-18,21,435.0,0.0,0.0
-18,21,436.0,0.0,0.0
-18,21,437.0,0.0,0.0
-18,21,438.0,0.0,0.0
-18,21,439.0,0.0,0.0
-18,21,440.0,0.0,0.0
-18,21,441.0,0.0,0.0
-18,21,442.0,0.0,0.0
-18,21,443.0,0.0,0.0
-18,21,444.0,0.0,0.0
-18,21,445.0,0.0,0.0
-18,21,446.0,0.0,0.0
-18,21,447.0,0.0,0.0
-18,21,448.0,0.0,0.0
-18,21,449.0,0.0,0.0
-18,21,450.0,0.0,0.0
-18,21,451.0,0.0,0.0
-18,21,452.0,0.0,0.0
-18,21,453.0,0.0,0.0
-18,21,454.0,0.0,0.0
-18,21,455.0,0.0,0.0
-18,21,456.0,0.0,0.0
-18,21,457.0,0.0,0.0
-18,21,458.0,0.0,0.0
-18,21,459.0,0.0,0.0
-18,21,460.0,0.0,0.0
-18,21,461.0,0.0,0.0
-18,21,462.0,0.0,0.0
-18,21,463.0,0.0,0.0
-18,21,464.0,0.0,0.0
-18,21,465.0,0.0,0.0
-18,21,466.0,0.0,0.0
-18,21,467.0,0.0,0.0
-18,21,468.0,0.0,0.0
-18,21,469.0,0.0,0.0
-18,21,470.0,0.0,0.0
-18,21,471.0,0.0,0.0
-18,21,472.0,0.0,0.0
-18,21,473.0,0.0,0.0
-18,21,474.0,0.0,0.0
-18,21,475.0,0.0,0.0
-18,21,476.0,0.0,0.0
-18,21,477.0,0.0,0.0
-18,21,478.0,0.0,0.0
-18,21,479.0,0.0,0.0
-18,21,480.0,0.0,0.0
-18,21,481.0,0.0,0.0
-18,21,482.0,0.0,0.0
-18,21,483.0,0.0,0.0
-18,21,484.0,0.0,0.0
-18,21,485.0,0.0,0.0
-18,21,486.0,0.0,0.0
-18,21,487.0,0.0,0.0
-18,21,488.0,0.0,0.0
-18,21,489.0,0.0,0.0
-18,21,490.0,0.0,0.0
-18,21,491.0,0.0,0.0
-18,21,492.0,0.0,0.0
-18,21,493.0,0.0,0.0
-18,21,494.0,0.0,0.0
-18,21,495.0,0.0,0.0
-18,21,496.0,0.0,0.0
-18,21,497.0,0.0,0.0
-18,21,498.0,0.0,0.0
-18,21,499.0,0.0,0.0
-18,21,500.0,0.0,0.0
-18,21,501.0,0.0,0.0
-18,21,502.0,0.0,0.0
-18,21,503.0,0.0,0.0
-18,21,504.0,0.0,0.0
-18,21,505.0,0.0,0.0
-18,21,506.0,0.0,0.0
-18,21,507.0,0.0,0.0
-18,21,508.0,0.0,0.0
-18,21,509.0,0.0,0.0
-18,21,510.0,0.0,0.0
-18,21,511.0,0.0,0.0
-18,21,512.0,0.0,0.0
-18,21,513.0,0.0,0.0
-18,21,514.0,0.0,0.0
-18,21,515.0,0.0,0.0
-18,21,516.0,0.0,0.0
-18,21,517.0,0.0,0.0
-18,21,518.0,0.0,0.0
-18,21,519.0,0.0,0.0
-18,21,520.0,0.0,0.0
-18,21,521.0,0.0,0.0
-18,21,522.0,0.0,0.0
-18,21,523.0,0.0,0.0
-18,21,524.0,0.0,0.0
-18,21,525.0,0.0,0.0
-18,21,526.0,0.0,0.0
-18,21,527.0,0.0,0.0
-18,21,528.0,0.0,0.0
-18,21,529.0,0.0,0.0
-18,21,530.0,0.0,0.0
-18,21,531.0,0.0,0.0
-18,21,532.0,0.0,0.0
-18,21,533.0,0.0,0.0
-18,21,534.0,0.0,0.0
-18,21,535.0,0.0,0.0
-18,21,536.0,0.0,0.0
-18,21,537.0,0.0,0.0
-18,21,538.0,0.0,0.0
-18,21,539.0,0.0,0.0
-18,21,540.0,0.0,0.0
-18,21,541.0,0.0,0.0
-18,21,542.0,0.0,0.0
-18,21,543.0,0.0,0.0
-18,21,544.0,0.0,0.0
-18,21,545.0,0.0,0.0
-18,21,546.0,0.0,0.0
-18,21,547.0,0.0,0.0
-18,21,548.0,0.0,0.0
-18,21,549.0,0.0,0.0
-18,21,550.0,0.0,0.0
-18,21,551.0,0.0,0.0
-18,21,552.0,0.0,0.0
-18,21,553.0,0.0,0.0
-18,21,554.0,0.0,0.0
-18,21,555.0,0.0,0.0
-18,21,556.0,0.0,0.0
-18,21,557.0,0.0,0.0
-18,21,558.0,0.0,0.0
-18,21,559.0,0.0,0.0
-18,21,560.0,0.0,0.0
-18,21,561.0,0.0,0.0
-18,21,562.0,0.0,0.0
-18,21,563.0,0.0,0.0
-18,21,564.0,0.0,0.0
-18,21,565.0,0.0,0.0
-18,21,566.0,0.0,0.0
-18,21,567.0,0.0,0.0
-18,21,568.0,0.0,0.0
-18,21,569.0,0.0,0.0
-18,21,570.0,0.0,0.0
-18,21,571.0,0.0,0.0
-18,21,572.0,0.0,0.0
-18,21,573.0,0.0,0.0
-18,21,574.0,0.0,0.0
-18,21,575.0,0.0,0.0
-18,21,576.0,0.0,0.0
-18,21,577.0,0.0,0.0
-18,21,578.0,0.0,0.0
-18,21,579.0,0.0,0.0
-18,21,580.0,0.0,0.0
-18,21,581.0,0.0,0.0
-18,21,582.0,0.0,0.0
-18,21,583.0,0.0,0.0
-18,21,584.0,0.0,0.0
-18,21,585.0,0.0,0.0
-18,21,586.0,0.0,0.0
-18,21,587.0,0.0,0.0
-18,21,588.0,0.0,0.0
-18,21,589.0,0.0,0.0
-18,21,590.0,0.0,0.0
-18,21,591.0,0.0,0.0
-18,21,592.0,0.0,0.0
-18,21,593.0,0.0,0.0
-18,21,594.0,0.0,0.0
-18,21,595.0,0.0,0.0
-18,21,596.0,0.0,0.0
-18,21,597.0,0.0,0.0
-18,21,598.0,0.0,0.0
-18,21,599.0,0.0,0.0
-18,21,600.0,0.0,0.0
-18,21,601.0,0.0,0.0
-18,21,602.0,0.0,0.0
-18,21,603.0,0.0,0.0
-18,21,604.0,0.0,0.0
-18,21,605.0,0.0,0.0
-18,21,606.0,0.0,0.0
-18,21,607.0,0.0,0.0
-18,21,608.0,0.0,0.0
-18,21,609.0,0.0,0.0
-18,21,610.0,0.0,0.0
-18,21,611.0,0.0,0.0
-18,21,612.0,0.0,0.0
-18,21,613.0,0.0,0.0
-18,21,614.0,0.0,0.0
-18,21,615.0,0.0,0.0
-18,21,616.0,0.0,0.0
-18,21,617.0,0.0,0.0
-18,21,618.0,0.0,0.0
-18,21,619.0,0.0,0.0
-18,21,620.0,0.0,0.0
-18,21,621.0,0.0,0.0
-18,21,622.0,0.0,0.0
-18,21,623.0,0.0,0.0
-18,21,624.0,0.0,0.0
-18,21,625.0,0.0,0.0
-18,21,626.0,0.0,0.0
-18,21,627.0,0.0,0.0
-18,21,628.0,0.0,0.0
-18,21,629.0,0.0,0.0
-18,21,630.0,0.0,0.0
-18,21,631.0,0.0,0.0
-18,21,632.0,0.0,0.0
-18,21,633.0,0.0,0.0
-18,21,634.0,0.0,0.0
-18,21,635.0,0.0,0.0
-18,21,636.0,0.0,0.0
-18,21,637.0,0.0,0.0
-18,21,638.0,0.0,0.0
-18,21,639.0,0.0,0.0
-18,21,640.0,0.0,0.0
-18,21,641.0,0.0,0.0
-18,21,642.0,0.0,0.0
-18,21,643.0,0.0,0.0
-18,21,644.0,0.0,0.0
-18,21,645.0,0.0,0.0
-18,21,646.0,0.0,0.0
-18,21,647.0,0.0,0.0
-18,21,648.0,0.0,0.0
-18,21,649.0,0.0,0.0
-18,21,650.0,0.0,0.0
-18,21,651.0,0.0,0.0
-18,21,652.0,0.0,0.0
-18,21,653.0,0.0,0.0
-18,21,654.0,0.0,0.0
-18,21,655.0,0.0,0.0
-18,21,656.0,0.0,0.0
-18,21,657.0,0.0,0.0
-18,21,658.0,0.0,0.0
-18,21,659.0,0.0,0.0
-18,21,660.0,0.0,0.0
-18,21,661.0,0.0,0.0
-18,21,662.0,0.0,0.0
-18,21,663.0,0.0,0.0
-18,21,664.0,0.0,0.0
-18,21,665.0,0.0,0.0
-18,21,666.0,0.0,0.0
-18,21,667.0,0.0,0.0
-18,21,668.0,0.0,0.0
-18,21,669.0,0.0,0.0
-18,21,670.0,0.0,0.0
-18,21,671.0,0.0,0.0
-18,21,672.0,0.0,0.0
-18,21,673.0,0.0,0.0
-18,21,674.0,0.0,0.0
-18,21,675.0,0.0,0.0
-18,21,676.0,0.0,0.0
-18,21,677.0,0.0,0.0
-18,21,678.0,0.0,0.0
-18,21,679.0,0.0,0.0
-18,21,680.0,0.0,0.0
-18,21,681.0,0.0,0.0
-18,21,682.0,0.0,0.0
-18,21,683.0,0.0,0.0
-18,21,684.0,0.0,0.0
-18,21,685.0,0.0,0.0
-18,21,686.0,0.0,0.0
-18,21,687.0,0.0,0.0
-18,21,688.0,0.0,0.0
-18,21,689.0,0.0,0.0
-18,21,690.0,0.0,0.0
-18,21,691.0,0.0,0.0
-18,21,692.0,0.0,0.0
-18,21,693.0,0.0,0.0
-18,21,694.0,0.0,0.0
-18,21,695.0,0.0,0.0
-18,21,696.0,0.0,0.0
-18,21,697.0,0.0,0.0
-18,21,698.0,0.0,0.0
-18,21,699.0,0.0,0.0
-18,21,700.0,0.0,0.0
-18,21,701.0,0.0,0.0
-18,21,702.0,0.0,0.0
-18,21,703.0,0.0,0.0
-18,21,704.0,0.0,0.0
-18,21,705.0,0.0,0.0
-18,21,706.0,0.0,0.0
-18,21,707.0,0.0,0.0
-18,21,708.0,0.0,0.0
-18,21,709.0,0.0,0.0
-18,21,710.0,0.0,0.0
-18,21,711.0,0.0,0.0
-18,21,712.0,0.0,0.0
-18,21,713.0,0.0,0.0
-18,21,714.0,0.0,0.0
-18,21,715.0,0.0,0.0
-18,21,716.0,0.0,0.0
-18,21,717.0,0.0,0.0
-18,21,718.0,0.0,0.0
-18,21,719.0,0.0,0.0
-18,21,720.0,0.0,0.0
-18,21,721.0,0.0,0.0
-18,21,722.0,0.0,0.0
-18,21,723.0,0.0,0.0
-18,21,724.0,0.0,0.0
-18,21,725.0,0.0,0.0
-18,21,726.0,0.0,0.0
-18,21,727.0,0.0,0.0
-18,21,728.0,0.0,0.0
-18,21,729.0,0.0,0.0
-18,21,730.0,0.0,0.0
-18,21,731.0,0.0,0.0
-18,21,732.0,0.0,0.0
-18,21,733.0,0.0,0.0
-18,21,734.0,0.0,0.0
-18,21,735.0,0.0,0.0
-18,21,736.0,0.0,0.0
-18,21,737.0,0.0,0.0
-18,21,738.0,0.0,0.0
-18,21,739.0,0.0,0.0
-18,21,740.0,0.0,0.0
-18,21,741.0,0.0,0.0
-18,21,742.0,0.0,0.0
-18,21,743.0,0.0,0.0
-18,21,744.0,0.0,0.0
-18,21,745.0,0.0,0.0
-18,21,746.0,0.0,0.0
-18,21,747.0,0.0,0.0
-18,21,748.0,0.0,0.0
-18,21,749.0,0.0,0.0
-18,21,750.0,0.0,0.0
-18,21,751.0,0.0,0.0
-18,21,752.0,0.0,0.0
-18,21,753.0,0.0,0.0
-18,21,754.0,0.0,0.0
-18,21,755.0,0.0,0.0
-18,21,756.0,0.0,0.0
-18,21,757.0,0.0,0.0
-18,21,758.0,0.0,0.0
-18,21,759.0,0.0,0.0
-18,21,760.0,0.0,0.0
-18,21,761.0,0.0,0.0
-18,21,762.0,0.0,0.0
-18,21,763.0,0.0,0.0
-18,21,764.0,0.0,0.0
-18,21,765.0,0.0,0.0
-18,21,766.0,0.0,0.0
-18,21,767.0,0.0,0.0
-18,21,768.0,0.0,0.0
-18,21,769.0,0.0,0.0
-18,21,770.0,0.0,0.0
-18,21,771.0,0.0,0.0
-18,21,772.0,0.0,0.0
-18,21,773.0,0.0,0.0
-18,21,774.0,0.0,0.0
-18,21,775.0,0.0,0.0
-18,21,776.0,0.0,0.0
-18,21,777.0,0.0,0.0
-18,21,778.0,0.0,0.0
-18,21,779.0,0.0,0.0
-18,21,780.0,0.0,0.0
-18,21,781.0,0.0,0.0
-18,21,782.0,0.0,0.0
-18,21,783.0,0.0,0.0
-18,21,784.0,0.0,0.0
-18,21,785.0,0.0,0.0
-18,21,786.0,0.0,0.0
-18,21,787.0,0.0,0.0
-18,21,788.0,0.0,0.0
-18,21,789.0,0.0,0.0
-18,21,790.0,0.0,0.0
-18,21,791.0,0.0,0.0
-18,21,792.0,0.0,0.0
-18,21,793.0,0.0,0.0
-18,21,794.0,0.0,0.0
-18,21,795.0,0.0,0.0
-18,21,796.0,0.0,0.0
-18,21,797.0,0.0,0.0
-18,21,798.0,0.0,0.0
-18,21,799.0,0.0,0.0
-18,21,800.0,0.0,0.0
-18,21,801.0,0.0,0.0
-18,21,802.0,0.0,0.0
-18,21,803.0,0.0,0.0
-18,21,804.0,0.0,0.0
-18,21,805.0,0.0,0.0
-18,21,806.0,0.0,0.0
-18,21,807.0,0.0,0.0
-18,21,808.0,0.0,0.0
-18,21,809.0,0.0,0.0
-18,21,810.0,0.0,0.0
-18,21,811.0,0.0,0.0
-18,21,812.0,0.0,0.0
-18,21,813.0,0.0,0.0
-18,21,814.0,0.0,0.0
-18,21,815.0,0.0,0.0
-18,21,816.0,0.0,0.0
-18,21,817.0,0.0,0.0
-18,21,818.0,0.0,0.0
-18,21,819.0,0.0,0.0
-18,21,820.0,0.0,0.0
-18,21,821.0,0.0,0.0
-18,21,822.0,0.0,0.0
-18,21,823.0,0.0,0.0
-18,21,824.0,0.0,0.0
-18,21,825.0,0.0,0.0
-18,21,826.0,0.0,0.0
-18,21,827.0,0.0,0.0
-18,21,828.0,0.0,0.0
-18,21,829.0,0.0,0.0
-18,21,830.0,0.0,0.0
-18,42,360.0,0.0,0.0
-18,42,361.0,0.0,0.0
-18,42,362.0,0.0,0.0
-18,42,363.0,0.0,0.0
-18,42,364.0,0.0,0.0
-18,42,365.0,0.0,0.0
-18,42,366.0,0.0,0.0
-18,42,367.0,0.0,0.0
-18,42,368.0,0.0,0.0
-18,42,369.0,0.0,0.0
-18,42,370.0,0.0,0.0
-18,42,371.0,0.0,0.0
-18,42,372.0,0.0,0.0
-18,42,373.0,0.0,0.0
-18,42,374.0,0.0,0.0
-18,42,375.0,0.0,0.0
-18,42,376.0,0.0,0.0
-18,42,377.0,0.0,0.0
-18,42,378.0,0.0,0.0
-18,42,379.0,0.0,0.0
-18,42,380.0,0.0,0.0
-18,42,381.0,0.0,0.0
-18,42,382.0,0.0,0.0
-18,42,383.0,0.0,0.0
-18,42,384.0,0.0,0.0
-18,42,385.0,0.0,0.0
-18,42,386.0,0.0,0.0
-18,42,387.0,0.0,0.0
-18,42,388.0,0.0,0.0
-18,42,389.0,0.0,0.0
-18,42,390.0,0.0,0.0
-18,42,391.0,0.0,0.0
-18,42,392.0,0.0,0.0
-18,42,393.0,0.0,0.0
-18,42,394.0,0.0,0.0
-18,42,395.0,0.0,0.0
-18,42,396.0,0.0,0.0
-18,42,397.0,0.0,0.0
-18,42,398.0,0.0,0.0
-18,42,399.0,0.0,0.0
-18,42,400.0,0.0,0.0
-18,42,401.0,0.0,0.0
-18,42,402.0,0.0,0.0
-18,42,403.0,0.0,0.0
-18,42,404.0,0.0,0.0
-18,42,405.0,0.0,0.0
-18,42,406.0,0.0,0.0
-18,42,407.0,0.0,0.0
-18,42,408.0,0.0,0.0
-18,42,409.0,0.0,0.0
-18,42,410.0,0.0,0.0
-18,42,411.0,0.0,0.0
-18,42,412.0,0.0,0.0
-18,42,413.0,0.0,0.0
-18,42,414.0,0.0,0.0
-18,42,415.0,0.0,0.0
-18,42,416.0,0.0,0.0
-18,42,417.0,0.0,0.0
-18,42,418.0,0.0,0.0
-18,42,419.0,0.0,0.0
-18,42,420.0,0.0,0.0
-18,42,421.0,0.0,0.0
-18,42,422.0,0.0,0.0
-18,42,423.0,0.0,0.0
-18,42,424.0,0.0,0.0
-18,42,425.0,0.0,0.0
-18,42,426.0,0.0,0.0
-18,42,427.0,0.0,0.0
-18,42,428.0,0.0,0.0
-18,42,429.0,0.0,0.0
-18,42,430.0,0.0,0.0
-18,42,431.0,0.0,0.0
-18,42,432.0,0.0,0.0
-18,42,433.0,0.0,0.0
-18,42,434.0,0.0,0.0
-18,42,435.0,0.0,0.0
-18,42,436.0,0.0,0.0
-18,42,437.0,0.0,0.0
-18,42,438.0,0.0,0.0
-18,42,439.0,0.0,0.0
-18,42,440.0,0.0,0.0
-18,42,441.0,0.0,0.0
-18,42,442.0,0.0,0.0
-18,42,443.0,0.0,0.0
-18,42,444.0,0.0,0.0
-18,42,445.0,0.0,0.0
-18,42,446.0,0.0,0.0
-18,42,447.0,0.0,0.0
-18,42,448.0,0.0,0.0
-18,42,449.0,0.0,0.0
-18,42,450.0,0.0,0.0
-18,42,451.0,0.0,0.0
-18,42,452.0,0.0,0.0
-18,42,453.0,0.0,0.0
-18,42,454.0,0.0,0.0
-18,42,455.0,0.0,0.0
-18,42,456.0,0.0,0.0
-18,42,457.0,0.0,0.0
-18,42,458.0,0.0,0.0
-18,42,459.0,0.0,0.0
-18,42,460.0,0.0,0.0
-18,42,461.0,0.0,0.0
-18,42,462.0,0.0,0.0
-18,42,463.0,0.0,0.0
-18,42,464.0,0.0,0.0
-18,42,465.0,0.0,0.0
-18,42,466.0,0.0,0.0
-18,42,467.0,0.0,0.0
-18,42,468.0,0.0,0.0
-18,42,469.0,0.0,0.0
-18,42,470.0,0.0,0.0
-18,42,471.0,0.0,0.0
-18,42,472.0,0.0,0.0
-18,42,473.0,0.0,0.0
-18,42,474.0,0.0,0.0
-18,42,475.0,0.0,0.0
-18,42,476.0,0.0,0.0
-18,42,477.0,0.0,0.0
-18,42,478.0,0.0,0.0
-18,42,479.0,0.0,0.0
-18,42,480.0,0.0,0.0
-18,42,481.0,0.0,0.0
-18,42,482.0,0.0,0.0
-18,42,483.0,0.0,0.0
-18,42,484.0,0.0,0.0
-18,42,485.0,0.0,0.0
-18,42,486.0,0.0,0.0
-18,42,487.0,0.0,0.0
-18,42,488.0,0.0,0.0
-18,42,489.0,0.0,0.0
-18,42,490.0,0.0,0.0
-18,42,491.0,0.0,0.0
-18,42,492.0,0.0,0.0
-18,42,493.0,0.0,0.0
-18,42,494.0,0.0,0.0
-18,42,495.0,0.0,0.0
-18,42,496.0,0.0,0.0
-18,42,497.0,0.0,0.0
-18,42,498.0,0.0,0.0
-18,42,499.0,0.0,0.0
-18,42,500.0,0.0,0.0
-18,42,501.0,0.0,0.0
-18,42,502.0,0.0,0.0
-18,42,503.0,0.0,0.0
-18,42,504.0,0.0,0.0
-18,42,505.0,0.0,0.0
-18,42,506.0,0.0,0.0
-18,42,507.0,0.0,0.0
-18,42,508.0,0.0,0.0
-18,42,509.0,0.0,0.0
-18,42,510.0,0.0,0.0
-18,42,511.0,0.0,0.0
-18,42,512.0,0.0,0.0
-18,42,513.0,0.0,0.0
-18,42,514.0,0.0,0.0
-18,42,515.0,0.0,0.0
-18,42,516.0,0.0,0.0
-18,42,517.0,0.0,0.0
-18,42,518.0,0.0,0.0
-18,42,519.0,0.0,0.0
-18,42,520.0,0.0,0.0
-18,42,521.0,0.0,0.0
-18,42,522.0,0.0,0.0
-18,42,523.0,0.0,0.0
-18,42,524.0,0.0,0.0
-18,42,525.0,0.0,0.0
-18,42,526.0,0.0,0.0
-18,42,527.0,0.0,0.0
-18,42,528.0,0.0,0.0
-18,42,529.0,0.0,0.0
-18,42,530.0,0.0,0.0
-18,42,531.0,0.0,0.0
-18,42,532.0,0.0,0.0
-18,42,533.0,0.0,0.0
-18,42,534.0,0.0,0.0
-18,42,535.0,0.0,0.0
-18,42,536.0,0.0,0.0
-18,42,537.0,0.0,0.0
-18,42,538.0,0.0,0.0
-18,42,539.0,0.0,0.0
-18,42,540.0,0.0,0.0
-18,42,541.0,0.0,0.0
-18,42,542.0,0.0,0.0
-18,42,543.0,0.0,0.0
-18,42,544.0,0.0,0.0
-18,42,545.0,0.0,0.0
-18,42,546.0,0.0,0.0
-18,42,547.0,0.0,0.0
-18,42,548.0,0.0,0.0
-18,42,549.0,0.0,0.0
-18,42,550.0,0.0,0.0
-18,42,551.0,0.0,0.0
-18,42,552.0,0.0,0.0
-18,42,553.0,0.0,0.0
-18,42,554.0,0.0,0.0
-18,42,555.0,0.0,0.0
-18,42,556.0,0.0,0.0
-18,42,557.0,0.0,0.0
-18,42,558.0,0.0,0.0
-18,42,559.0,0.0,0.0
-18,42,560.0,0.0,0.0
-18,42,561.0,0.0,0.0
-18,42,562.0,0.0,0.0
-18,42,563.0,0.0,0.0
-18,42,564.0,0.0,0.0
-18,42,565.0,0.0,0.0
-18,42,566.0,0.0,0.0
-18,42,567.0,0.0,0.0
-18,42,568.0,0.0,0.0
-18,42,569.0,0.0,1.24221715e-08
-18,42,570.0,0.0,0.0
-18,42,571.0,0.0,0.0
-18,42,572.0,0.0,0.0
-18,42,573.0,0.0,0.0
-18,42,574.0,0.0,0.0
-18,42,575.0,0.0,0.0
-18,42,576.0,0.0,0.0
-18,42,577.0,0.0,0.0
-18,42,578.0,0.0,0.0
-18,42,579.0,0.0,0.0
-18,42,580.0,0.0,0.0
-18,42,581.0,0.0,0.0
-18,42,582.0,0.0,0.0
-18,42,583.0,0.0,0.0
-18,42,584.0,0.0,0.0
-18,42,585.0,0.0,0.0
-18,42,586.0,0.0,0.0
-18,42,587.0,0.0,0.0
-18,42,588.0,0.0,0.0
-18,42,589.0,0.0,0.0
-18,42,590.0,0.0,0.0
-18,42,591.0,0.0,0.0
-18,42,592.0,0.0,0.0
-18,42,593.0,0.0,0.0
-18,42,594.0,0.0,0.0
-18,42,595.0,0.0,0.0
-18,42,596.0,0.0,0.0
-18,42,597.0,0.0,0.0
-18,42,598.0,0.0,0.0
-18,42,599.0,0.0,0.0
-18,42,600.0,0.0,0.0
-18,42,601.0,0.0,0.0
-18,42,602.0,0.0,0.0
-18,42,603.0,0.0,0.0
-18,42,604.0,0.0,0.0
-18,42,605.0,0.0,0.0
-18,42,606.0,0.0,0.0
-18,42,607.0,0.0,0.0
-18,42,608.0,0.0,0.0
-18,42,609.0,0.0,0.0
-18,42,610.0,0.0,0.0
-18,42,611.0,0.0,0.0
-18,42,612.0,0.0,0.0
-18,42,613.0,0.0,0.0
-18,42,614.0,0.0,0.0
-18,42,615.0,0.0,0.0
-18,42,616.0,0.0,0.0
-18,42,617.0,0.0,0.0
-18,42,618.0,0.0,0.0
-18,42,619.0,0.0,0.0
-18,42,620.0,0.0,0.0
-18,42,621.0,0.0,0.0
-18,42,622.0,0.0,0.0
-18,42,623.0,0.0,0.0
-18,42,624.0,0.0,0.0
-18,42,625.0,0.0,0.0
-18,42,626.0,0.0,0.0
-18,42,627.0,0.0,0.0
-18,42,628.0,0.0,0.0
-18,42,629.0,0.0,0.0
-18,42,630.0,0.0,0.0
-18,42,631.0,0.0,0.0
-18,42,632.0,0.0,0.0
-18,42,633.0,0.0,0.0
-18,42,634.0,0.0,0.0
-18,42,635.0,0.0,0.0
-18,42,636.0,0.0,0.0
-18,42,637.0,0.0,0.0
-18,42,638.0,0.0,0.0
-18,42,639.0,0.0,0.0
-18,42,640.0,0.0,0.0
-18,42,641.0,0.0,0.0
-18,42,642.0,0.0,0.0
-18,42,643.0,0.0,0.0
-18,42,644.0,0.0,0.0
-18,42,645.0,0.0,0.0
-18,42,646.0,0.0,0.0
-18,42,647.0,0.0,0.0
-18,42,648.0,0.0,0.0
-18,42,649.0,0.0,0.0
-18,42,650.0,0.0,0.0
-18,42,651.0,0.0,0.0
-18,42,652.0,0.0,0.0
-18,42,653.0,0.0,0.0
-18,42,654.0,0.0,0.0
-18,42,655.0,0.0,0.0
-18,42,656.0,0.0,0.0
-18,42,657.0,0.0,0.0
-18,42,658.0,0.0,0.0
-18,42,659.0,0.0,0.0
-18,42,660.0,0.0,0.0
-18,42,661.0,0.0,0.0
-18,42,662.0,0.0,0.0
-18,42,663.0,0.0,0.0
-18,42,664.0,0.0,0.0
-18,42,665.0,0.0,0.0
-18,42,666.0,0.0,0.0
-18,42,667.0,0.0,0.0
-18,42,668.0,0.0,0.0
-18,42,669.0,0.0,0.0
-18,42,670.0,0.0,0.0
-18,42,671.0,0.0,0.0
-18,42,672.0,0.0,0.0
-18,42,673.0,0.0,0.0
-18,42,674.0,0.0,0.0
-18,42,675.0,0.0,0.0
-18,42,676.0,0.0,0.0
-18,42,677.0,0.0,0.0
-18,42,678.0,0.0,0.0
-18,42,679.0,0.0,0.0
-18,42,680.0,0.0,0.0
-18,42,681.0,0.0,0.0
-18,42,682.0,0.0,0.0
-18,42,683.0,0.0,0.0
-18,42,684.0,0.0,0.0
-18,42,685.0,0.0,0.0
-18,42,686.0,0.0,0.0
-18,42,687.0,0.0,0.0
-18,42,688.0,0.0,0.0
-18,42,689.0,0.0,0.0
-18,42,690.0,0.0,0.0
-18,42,691.0,0.0,0.0
-18,42,692.0,0.0,0.0
-18,42,693.0,0.0,0.0
-18,42,694.0,0.0,0.0
-18,42,695.0,0.0,0.0
-18,42,696.0,0.0,0.0
-18,42,697.0,0.0,0.0
-18,42,698.0,0.0,0.0
-18,42,699.0,0.0,0.0
-18,42,700.0,0.0,0.0
-18,42,701.0,0.0,0.0
-18,42,702.0,0.0,0.0
-18,42,703.0,0.0,0.0
-18,42,704.0,0.0,0.0
-18,42,705.0,0.0,0.0
-18,42,706.0,0.0,0.0
-18,42,707.0,0.0,0.0
-18,42,708.0,0.0,0.0
-18,42,709.0,0.0,0.0
-18,42,710.0,0.0,0.0
-18,42,711.0,0.0,0.0
-18,42,712.0,0.0,0.0
-18,42,713.0,0.0,0.0
-18,42,714.0,0.0,0.0
-18,42,715.0,0.0,0.0
-18,42,716.0,0.0,0.0
-18,42,717.0,0.0,0.0
-18,42,718.0,0.0,0.0
-18,42,719.0,0.0,0.0
-18,42,720.0,0.0,0.0
-18,42,721.0,0.0,0.0
-18,42,722.0,0.0,0.0
-18,42,723.0,0.0,0.0
-18,42,724.0,0.0,0.0
-18,42,725.0,0.0,0.0
-18,42,726.0,0.0,0.0
-18,42,727.0,0.0,0.0
-18,42,728.0,0.0,0.0
-18,42,729.0,0.0,0.0
-18,42,730.0,0.0,0.0
-18,42,731.0,0.0,0.0
-18,42,732.0,0.0,0.0
-18,42,733.0,0.0,0.0
-18,42,734.0,0.0,0.0
-18,42,735.0,0.0,0.0
-18,42,736.0,0.0,0.0
-18,42,737.0,0.0,0.0
-18,42,738.0,0.0,0.0
-18,42,739.0,0.0,0.0
-18,42,740.0,0.0,0.0
-18,42,741.0,0.0,0.0
-18,42,742.0,0.0,0.0
-18,42,743.0,0.0,0.0
-18,42,744.0,0.0,0.0
-18,42,745.0,0.0,0.0
-18,42,746.0,0.0,0.0
-18,42,747.0,0.0,0.0
-18,42,748.0,0.0,0.0
-18,42,749.0,0.0,0.0
-18,42,750.0,0.0,0.0
-18,42,751.0,0.0,0.0
-18,42,752.0,0.0,0.0
-18,42,753.0,0.0,0.0
-18,42,754.0,0.0,0.0
-18,42,755.0,0.0,0.0
-18,42,756.0,0.0,0.0
-18,42,757.0,0.0,0.0
-18,42,758.0,0.0,0.0
-18,42,759.0,0.0,0.0
-18,42,760.0,0.0,0.0
-18,42,761.0,0.0,0.0
-18,42,762.0,0.0,0.0
-18,42,763.0,0.0,0.0
-18,42,764.0,0.0,0.0
-18,42,765.0,0.0,0.0
-18,42,766.0,0.0,0.0
-18,42,767.0,0.0,0.0
-18,42,768.0,0.0,0.0
-18,42,769.0,0.0,0.0
-18,42,770.0,0.0,0.0
-18,42,771.0,0.0,0.0
-18,42,772.0,0.0,0.0
-18,42,773.0,0.0,0.0
-18,42,774.0,0.0,0.0
-18,42,775.0,0.0,0.0
-18,42,776.0,0.0,0.0
-18,42,777.0,0.0,0.0
-18,42,778.0,0.0,0.0
-18,42,779.0,0.0,0.0
-18,42,780.0,0.0,0.0
-18,42,781.0,0.0,0.0
-18,42,782.0,0.0,0.0
-18,42,783.0,0.0,0.0
-18,42,784.0,0.0,0.0
-18,42,785.0,0.0,0.0
-18,42,786.0,0.0,0.0
-18,42,787.0,0.0,0.0
-18,42,788.0,0.0,0.0
-18,42,789.0,0.0,0.0
-18,42,790.0,0.0,0.0
-18,42,791.0,0.0,0.0
-18,42,792.0,0.0,0.0
-18,42,793.0,0.0,0.0
-18,42,794.0,0.0,0.0
-18,42,795.0,0.0,0.0
-18,42,796.0,0.0,0.0
-18,42,797.0,0.0,0.0
-18,42,798.0,0.0,0.0
-18,42,799.0,0.0,0.0
-18,42,800.0,0.0,0.0
-18,42,801.0,0.0,0.0
-18,42,802.0,0.0,0.0
-18,42,803.0,0.0,0.0
-18,42,804.0,0.0,0.0
-18,42,805.0,0.0,0.0
-18,42,806.0,0.0,0.0
-18,42,807.0,0.0,0.0
-18,42,808.0,0.0,0.0
-18,42,809.0,0.0,0.0
-18,42,810.0,0.0,0.0
-18,42,811.0,0.0,0.0
-18,42,812.0,0.0,0.0
-18,42,813.0,0.0,0.0
-18,42,814.0,0.0,0.0
-18,42,815.0,0.0,0.0
-18,42,816.0,0.0,0.0
-18,42,817.0,0.0,0.0
-18,42,818.0,0.0,0.0
-18,42,819.0,0.0,0.0
-18,42,820.0,0.0,0.0
-18,42,821.0,0.0,0.0
-18,42,822.0,0.0,0.0
-18,42,823.0,0.0,0.0
-18,42,824.0,0.0,0.0
-18,42,825.0,0.0,0.0
-18,42,826.0,0.0,0.0
-18,42,827.0,0.0,0.0
-18,42,828.0,0.0,0.0
-18,42,829.0,0.0,0.0
-18,42,830.0,0.0,0.0
-15,21,360.0,0.0,0.0
-15,21,361.0,0.0,0.0
-15,21,362.0,0.0,1.3135839299999997e-07
-15,21,363.0,0.0,0.0
-15,21,364.0,0.0,0.0
-15,21,365.0,0.0,0.0
-15,21,366.0,0.0,0.0
-15,21,367.0,0.0,0.0
-15,21,368.0,0.0,0.0
-15,21,369.0,0.0,0.0
-15,21,370.0,0.0,0.0
-15,21,371.0,0.0,0.0
-15,21,372.0,0.0,1.16804265e-07
-15,21,373.0,0.0,0.0
-15,21,374.0,0.0,0.0
-15,21,375.0,0.0,0.0
-15,21,376.0,0.0,0.0
-15,21,377.0,0.0,1.52509383e-08
-15,21,378.0,0.0,0.0
-15,21,379.0,0.0,0.0
-15,21,380.0,0.0,0.0
-15,21,381.0,0.0,0.0
-15,21,382.0,0.0,0.0
-15,21,383.0,0.0,0.0
-15,21,384.0,0.0,0.0
-15,21,385.0,0.0,0.0
-15,21,386.0,0.0,0.0
-15,21,387.0,0.0,0.0
-15,21,388.0,0.0,0.0
-15,21,389.0,0.0,0.0
-15,21,390.0,0.0,0.0
-15,21,391.0,0.0,0.0
-15,21,392.0,0.0,0.0
-15,21,393.0,0.0,0.0
-15,21,394.0,0.0,0.0
-15,21,395.0,0.0,0.0
-15,21,396.0,0.0,0.0
-15,21,397.0,0.0,0.0
-15,21,398.0,0.0,0.0
-15,21,399.0,0.0,1.7200505e-07
-15,21,400.0,0.0,0.0
-15,21,401.0,0.0,0.0
-15,21,402.0,0.0,0.0
-15,21,403.0,0.0,0.0
-15,21,404.0,0.0,0.0
-15,21,405.0,0.0,0.0
-15,21,406.0,0.0,0.0
-15,21,407.0,0.0,0.0
-15,21,408.0,0.0,0.0
-15,21,409.0,0.0,0.0
-15,21,410.0,0.0,0.0
-15,21,411.0,0.0,0.0
-15,21,412.0,0.0,0.0
-15,21,413.0,0.0,0.0
-15,21,414.0,0.0,0.0
-15,21,415.0,0.0,0.0
-15,21,416.0,0.0,0.0
-15,21,417.0,0.0,0.0
-15,21,418.0,0.0,0.0
-15,21,419.0,0.0,0.0
-15,21,420.0,0.0,0.0
-15,21,421.0,0.0,0.0
-15,21,422.0,0.0,0.0
-15,21,423.0,0.0,0.0
-15,21,424.0,0.0,0.0
-15,21,425.0,0.0,0.0
-15,21,426.0,0.0,0.0
-15,21,427.0,0.0,0.0
-15,21,428.0,0.0,0.0
-15,21,429.0,0.0,0.0
-15,21,430.0,0.0,0.0
-15,21,431.0,0.0,0.0
-15,21,432.0,0.0,3.9963699199999996e-08
-15,21,433.0,0.0,0.0
-15,21,434.0,0.0,0.0
-15,21,435.0,0.0,0.0
-15,21,436.0,0.0,3.4475643799999997e-07
-15,21,437.0,0.0,0.0
-15,21,438.0,0.0,0.0
-15,21,439.0,0.0,0.0
-15,21,440.0,0.0,0.0
-15,21,441.0,0.0,0.0
-15,21,442.0,0.0,0.0
-15,21,443.0,0.0,0.0
-15,21,444.0,0.0,3.71860544e-07
-15,21,445.0,0.0,0.0
-15,21,446.0,0.0,0.0
-15,21,447.0,0.0,0.0
-15,21,448.0,0.0,0.0
-15,21,449.0,0.0,0.0
-15,21,450.0,0.0,0.0
-15,21,451.0,0.0,0.0
-15,21,452.0,0.0,0.0
-15,21,453.0,0.0,9.261988450000001e-07
-15,21,454.0,0.0,0.0
-15,21,455.0,0.0,4.32389672e-07
-15,21,456.0,0.0,0.0
-15,21,457.0,0.0,0.0
-15,21,458.0,0.0,0.0
-15,21,459.0,0.0,0.0
-15,21,460.0,0.0,0.0
-15,21,461.0,0.0,0.0
-15,21,462.0,0.0,0.0
-15,21,463.0,0.0,1.06451662e-07
-15,21,464.0,0.0,5.311224960000001e-07
-15,21,465.0,0.0,0.0
-15,21,466.0,0.0,0.0
-15,21,467.0,0.0,0.0
-15,21,468.0,0.0,0.0
-15,21,469.0,0.0,0.0
-15,21,470.0,0.0,0.0
-15,21,471.0,0.0,0.0
-15,21,472.0,0.0,0.0
-15,21,473.0,0.0,0.0
-15,21,474.0,0.0,0.0
-15,21,475.0,0.0,0.0
-15,21,476.0,0.0,0.0
-15,21,477.0,0.0,0.0
-15,21,478.0,0.0,0.0
-15,21,479.0,0.0,0.0
-15,21,480.0,0.0,3.96272953e-07
-15,21,481.0,0.0,0.0
-15,21,482.0,0.0,0.0
-15,21,483.0,0.0,0.0
-15,21,484.0,0.0,0.0
-15,21,485.0,0.0,0.0
-15,21,486.0,0.0,0.0
-15,21,487.0,0.0,0.0
-15,21,488.0,0.0,0.0
-15,21,489.0,0.0,1.09682383e-07
-15,21,490.0,0.0,0.0
-15,21,491.0,0.0,0.0
-15,21,492.0,0.0,0.0
-15,21,493.0,0.0,0.0
-15,21,494.0,0.0,0.0
-15,21,495.0,0.0,0.0
-15,21,496.0,0.0,0.0
-15,21,497.0,0.0,0.0
-15,21,498.0,0.0,0.0
-15,21,499.0,0.0,0.0
-15,21,500.0,0.0,0.0
-15,21,501.0,0.0,0.0
-15,21,502.0,0.0,0.0
-15,21,503.0,0.0,0.0
-15,21,504.0,0.0,0.0
-15,21,505.0,0.0,0.0
-15,21,506.0,0.0,0.0
-15,21,507.0,0.0,0.0
-15,21,508.0,0.0,0.0
-15,21,509.0,0.0,0.0
-15,21,510.0,0.0,2.8423822399999997e-07
-15,21,511.0,0.0,4.09986213e-07
-15,21,512.0,0.0,0.0
-15,21,513.0,0.0,0.0
-15,21,514.0,0.0,0.0
-15,21,515.0,0.0,0.0
-15,21,516.0,0.0,0.0
-15,21,517.0,0.0,1.36775663e-07
-15,21,518.0,0.0,0.0
-15,21,519.0,0.0,0.0
-15,21,520.0,0.0,0.0
-15,21,521.0,0.0,0.0
-15,21,522.0,0.0,0.0
-15,21,523.0,0.0,0.0
-15,21,524.0,0.0,0.0
-15,21,525.0,0.0,3.1656262599999997e-07
-15,21,526.0,0.0,0.0
-15,21,527.0,0.0,0.0
-15,21,528.0,0.0,0.0
-15,21,529.0,0.0,0.0
-15,21,530.0,0.0,0.0
-15,21,531.0,0.0,0.0
-15,21,532.0,0.0,0.0
-15,21,533.0,0.0,0.0
-15,21,534.0,0.0,0.0
-15,21,535.0,0.0,0.0
-15,21,536.0,0.0,0.0
-15,21,537.0,0.0,0.0
-15,21,538.0,0.0,0.0
-15,21,539.0,0.0,0.0
-15,21,540.0,0.0,0.0
-15,21,541.0,0.0,4.40926015e-08
-15,21,542.0,0.0,0.0
-15,21,543.0,0.0,0.0
-15,21,544.0,0.0,0.0
-15,21,545.0,0.0,0.0
-15,21,546.0,0.0,0.0
-15,21,547.0,0.0,0.0
-15,21,548.0,0.0,3.04432673e-07
-15,21,549.0,0.0,0.0
-15,21,550.0,0.0,0.0
-15,21,551.0,0.0,0.0
-15,21,552.0,0.0,0.0
-15,21,553.0,0.0,0.0
-15,21,554.0,0.0,1.78203278e-07
-15,21,555.0,0.0,0.0
-15,21,556.0,0.0,0.0
-15,21,557.0,0.0,0.0
-15,21,558.0,0.0,1.54429261e-07
-15,21,559.0,0.0,8.196253480000001e-08
-15,21,560.0,0.0,0.0
-15,21,561.0,0.0,0.0
-15,21,562.0,0.0,0.0
-15,21,563.0,0.0,0.0
-15,21,564.0,0.0,0.0
-15,21,565.0,0.0,0.0
-15,21,566.0,0.0,0.0
-15,21,567.0,0.0,0.0
-15,21,568.0,0.0,0.0
-15,21,569.0,0.0,0.0
-15,21,570.0,0.0,0.0
-15,21,571.0,0.0,0.0
-15,21,572.0,0.0,0.0
-15,21,573.0,0.0,0.0
-15,21,574.0,0.0,0.0
-15,21,575.0,0.0,0.0
-15,21,576.0,0.0,0.0
-15,21,577.0,0.0,0.0
-15,21,578.0,0.0,1.7167722e-08
-15,21,579.0,0.0,0.0
-15,21,580.0,0.0,0.0
-15,21,581.0,0.0,0.0
-15,21,582.0,0.0,0.0
-15,21,583.0,0.0,0.0
-15,21,584.0,0.0,0.0
-15,21,585.0,0.0,0.0
-15,21,586.0,0.0,0.0
-15,21,587.0,0.0,9.08746297e-08
-15,21,588.0,0.0,0.0
-15,21,589.0,0.0,0.0
-15,21,590.0,0.0,0.0
-15,21,591.0,0.0,0.0
-15,21,592.0,0.0,0.0
-15,21,593.0,0.0,0.0
-15,21,594.0,0.0,0.0
-15,21,595.0,0.0,0.0
-15,21,596.0,0.0,0.0
-15,21,597.0,0.0,0.0
-15,21,598.0,0.0,0.0
-15,21,599.0,0.0,7.71963914e-09
-15,21,600.0,0.0,0.0
-15,21,601.0,0.0,7.75491717e-08
-15,21,602.0,0.0,0.0
-15,21,603.0,0.0,0.0
-15,21,604.0,0.0,0.0
-15,21,605.0,0.0,0.0
-15,21,606.0,0.0,0.0
-15,21,607.0,0.0,0.0
-15,21,608.0,0.0,0.0
-15,21,609.0,0.0,0.0
-15,21,610.0,0.0,0.0
-15,21,611.0,0.0,0.0
-15,21,612.0,0.0,0.0
-15,21,613.0,0.0,0.0
-15,21,614.0,0.0,0.0
-15,21,615.0,0.0,0.0
-15,21,616.0,0.0,0.0
-15,21,617.0,0.0,0.0
-15,21,618.0,0.0,0.0
-15,21,619.0,0.0,0.0
-15,21,620.0,0.0,0.0
-15,21,621.0,0.0,0.0
-15,21,622.0,0.0,0.0
-15,21,623.0,0.0,3.0636387199999995e-08
-15,21,624.0,0.0,0.0
-15,21,625.0,0.0,0.0
-15,21,626.0,0.0,0.0
-15,21,627.0,0.0,1.55397847e-08
-15,21,628.0,0.0,0.0
-15,21,629.0,0.0,0.0
-15,21,630.0,0.0,0.0
-15,21,631.0,0.0,0.0
-15,21,632.0,0.0,0.0
-15,21,633.0,0.0,0.0
-15,21,634.0,0.0,0.0
-15,21,635.0,0.0,0.0
-15,21,636.0,0.0,0.0
-15,21,637.0,0.0,4.27623978e-07
-15,21,638.0,0.0,0.0
-15,21,639.0,0.0,0.0
-15,21,640.0,0.0,0.0
-15,21,641.0,0.0,0.0
-15,21,642.0,0.0,0.0
-15,21,643.0,0.0,0.0
-15,21,644.0,0.0,0.0
-15,21,645.0,0.0,0.0
-15,21,646.0,0.0,0.0
-15,21,647.0,0.0,0.0
-15,21,648.0,0.0,0.0
-15,21,649.0,0.0,0.0
-15,21,650.0,0.0,0.0
-15,21,651.0,0.0,0.0
-15,21,652.0,0.0,3.18888378e-08
-15,21,653.0,0.0,0.0
-15,21,654.0,0.0,0.0
-15,21,655.0,0.0,0.0
-15,21,656.0,0.0,0.0
-15,21,657.0,0.0,0.0
-15,21,658.0,0.0,0.0
-15,21,659.0,0.0,1.30249682e-07
-15,21,660.0,0.0,0.0
-15,21,661.0,0.0,0.0
-15,21,662.0,0.0,0.0
-15,21,663.0,0.0,0.0
-15,21,664.0,0.0,0.0
-15,21,665.0,0.0,0.0
-15,21,666.0,0.0,0.0
-15,21,667.0,0.0,0.0
-15,21,668.0,0.0,0.0
-15,21,669.0,0.0,0.0
-15,21,670.0,0.0,0.0
-15,21,671.0,0.0,0.0
-15,21,672.0,0.0,0.0
-15,21,673.0,0.0,0.0
-15,21,674.0,0.0,0.0
-15,21,675.0,0.0,0.0
-15,21,676.0,0.0,0.0
-15,21,677.0,0.0,0.0
-15,21,678.0,0.0,0.0
-15,21,679.0,0.0,0.0
-15,21,680.0,0.0,0.0
-15,21,681.0,0.0,1.80061921e-07
-15,21,682.0,0.0,0.0
-15,21,683.0,0.0,0.0
-15,21,684.0,0.0,0.0
-15,21,685.0,0.0,0.0
-15,21,686.0,0.0,0.0
-15,21,687.0,0.0,6.23647007e-07
-15,21,688.0,0.0,0.0
-15,21,689.0,0.0,0.0
-15,21,690.0,0.0,0.0
-15,21,691.0,0.0,0.0
-15,21,692.0,0.0,0.0
-15,21,693.0,0.0,0.0
-15,21,694.0,0.0,0.0
-15,21,695.0,0.0,0.0
-15,21,696.0,0.0,0.0
-15,21,697.0,0.0,0.0
-15,21,698.0,0.0,0.0
-15,21,699.0,0.0,0.0
-15,21,700.0,0.0,0.0
-15,21,701.0,0.0,0.0
-15,21,702.0,0.0,0.0
-15,21,703.0,0.0,0.0
-15,21,704.0,0.0,0.0
-15,21,705.0,0.0,0.0
-15,21,706.0,0.0,0.0
-15,21,707.0,0.0,0.0
-15,21,708.0,0.0,0.0
-15,21,709.0,0.0,0.0
-15,21,710.0,0.0,0.0
-15,21,711.0,0.0,0.0
-15,21,712.0,0.0,0.0
-15,21,713.0,0.0,0.0
-15,21,714.0,0.0,0.0
-15,21,715.0,0.0,0.0
-15,21,716.0,0.0,0.0
-15,21,717.0,0.0,4.6578166099999997e-07
-15,21,718.0,0.0,0.0
-15,21,719.0,0.0,0.0
-15,21,720.0,0.0,0.0
-15,21,721.0,0.0,0.0
-15,21,722.0,0.0,0.0
-15,21,723.0,0.0,0.0
-15,21,724.0,0.0,0.0
-15,21,725.0,0.0,0.0
-15,21,726.0,0.0,0.0
-15,21,727.0,0.0,0.0
-15,21,728.0,0.0,0.0
-15,21,729.0,0.0,0.0
-15,21,730.0,0.0,0.0
-15,21,731.0,0.0,0.0
-15,21,732.0,0.0,0.0
-15,21,733.0,0.0,0.0
-15,21,734.0,0.0,0.0
-15,21,735.0,0.0,0.0
-15,21,736.0,0.0,0.0
-15,21,737.0,0.0,7.05138664e-07
-15,21,738.0,0.0,0.0
-15,21,739.0,0.0,0.0
-15,21,740.0,0.0,0.0
-15,21,741.0,0.0,0.0
-15,21,742.0,0.0,0.0
-15,21,743.0,0.0,0.0
-15,21,744.0,0.0,5.45362782e-08
-15,21,745.0,0.0,0.0
-15,21,746.0,0.0,0.0
-15,21,747.0,0.0,0.0
-15,21,748.0,0.0,0.0
-15,21,749.0,0.0,0.0
-15,21,750.0,0.0,0.0
-15,21,751.0,0.0,0.0
-15,21,752.0,0.0,0.0
-15,21,753.0,0.0,0.0
-15,21,754.0,0.0,0.0
-15,21,755.0,0.0,0.0
-15,21,756.0,0.0,0.0
-15,21,757.0,0.0,0.0
-15,21,758.0,0.0,0.0
-15,21,759.0,0.0,0.0
-15,21,760.0,0.0,0.0
-15,21,761.0,0.0,0.0
-15,21,762.0,0.0,0.0
-15,21,763.0,0.0,0.0
-15,21,764.0,0.0,0.0
-15,21,765.0,0.0,0.0
-15,21,766.0,0.0,0.0
-15,21,767.0,0.0,0.0
-15,21,768.0,0.0,0.0
-15,21,769.0,0.0,0.0
-15,21,770.0,0.0,0.0
-15,21,771.0,0.0,0.0
-15,21,772.0,0.0,0.0
-15,21,773.0,0.0,0.0
-15,21,774.0,0.0,0.0
-15,21,775.0,0.0,0.0
-15,21,776.0,0.0,0.0
-15,21,777.0,0.0,0.0
-15,21,778.0,0.0,9.04726505e-07
-15,21,779.0,0.0,0.0
-15,21,780.0,0.0,0.0
-15,21,781.0,0.0,0.0
-15,21,782.0,0.0,0.0
-15,21,783.0,0.0,0.0
-15,21,784.0,0.0,0.0
-15,21,785.0,0.0,0.0
-15,21,786.0,0.0,0.0
-15,21,787.0,0.0,2.5710609e-07
-15,21,788.0,0.0,0.0
-15,21,789.0,0.0,0.0
-15,21,790.0,0.0,0.0
-15,21,791.0,0.0,0.0
-15,21,792.0,0.0,0.0
-15,21,793.0,0.0,0.0
-15,21,794.0,0.0,0.0
-15,21,795.0,0.0,0.0
-15,21,796.0,0.0,9.71239177e-07
-15,21,797.0,0.0,0.0
-15,21,798.0,0.0,0.0
-15,21,799.0,0.0,0.0
-15,21,800.0,0.0,0.0
-15,21,801.0,0.0,0.0
-15,21,802.0,0.0,0.0
-15,21,803.0,0.0,0.0
-15,21,804.0,0.0,0.0
-15,21,805.0,0.0,0.0
-15,21,806.0,0.0,0.0
-15,21,807.0,0.0,0.0
-15,21,808.0,0.0,0.0
-15,21,809.0,0.0,0.0
-15,21,810.0,0.0,0.0
-15,21,811.0,0.0,0.0
-15,21,812.0,0.0,0.0
-15,21,813.0,0.0,0.0
-15,21,814.0,0.0,0.0
-15,21,815.0,0.0,0.0
-15,21,816.0,0.0,0.0
-15,21,817.0,0.0,0.0
-15,21,818.0,0.0,0.0
-15,21,819.0,0.0,0.0
-15,21,820.0,0.0,0.0
-15,21,821.0,0.0,0.0
-15,21,822.0,0.0,0.0
-15,21,823.0,0.0,0.0
-15,21,824.0,0.0,0.0
-15,21,825.0,0.0,0.0
-15,21,826.0,0.0,0.0
-15,21,827.0,0.0,0.0
-15,21,828.0,0.0,0.0
-15,21,829.0,0.0,0.0
-15,21,830.0,0.0,0.0
-15,42,360.0,0.0,0.0
-15,42,361.0,0.0,0.0
-15,42,362.0,0.0,0.0
-15,42,363.0,0.0,0.0
-15,42,364.0,0.0,0.0
-15,42,365.0,0.0,0.0
-15,42,366.0,0.0,0.0
-15,42,367.0,0.0,0.0
-15,42,368.0,0.0,3.25373003e-08
-15,42,369.0,0.0,0.0
-15,42,370.0,0.0,0.0
-15,42,371.0,0.0,0.0
-15,42,372.0,0.0,0.0
-15,42,373.0,0.0,0.0
-15,42,374.0,0.0,0.0
-15,42,375.0,0.0,0.0
-15,42,376.0,0.0,0.0
-15,42,377.0,0.0,0.0
-15,42,378.0,0.0,0.0
-15,42,379.0,0.0,0.0
-15,42,380.0,0.0,0.0
-15,42,381.0,0.0,0.0
-15,42,382.0,0.0,0.0
-15,42,383.0,0.0,0.0
-15,42,384.0,0.0,0.0
-15,42,385.0,0.0,0.0
-15,42,386.0,0.0,0.0
-15,42,387.0,0.0,0.0
-15,42,388.0,0.0,0.0
-15,42,389.0,0.0,0.0
-15,42,390.0,0.0,0.0
-15,42,391.0,0.0,0.0
-15,42,392.0,0.0,0.0
-15,42,393.0,0.0,0.0
-15,42,394.0,0.0,0.0
-15,42,395.0,0.0,0.0
-15,42,396.0,0.0,0.0
-15,42,397.0,0.0,0.0
-15,42,398.0,0.0,0.0
-15,42,399.0,0.0,0.0
-15,42,400.0,0.0,0.0
-15,42,401.0,0.0,0.0
-15,42,402.0,0.0,0.0
-15,42,403.0,0.0,0.0
-15,42,404.0,0.0,0.0
-15,42,405.0,0.0,0.0
-15,42,406.0,0.0,0.0
-15,42,407.0,0.0,0.0
-15,42,408.0,0.0,0.0
-15,42,409.0,0.0,0.0
-15,42,410.0,0.0,0.0
-15,42,411.0,0.0,0.0
-15,42,412.0,0.0,0.0
-15,42,413.0,0.0,0.0
-15,42,414.0,0.0,0.0
-15,42,415.0,0.0,0.0
-15,42,416.0,0.0,0.0
-15,42,417.0,0.0,0.0
-15,42,418.0,0.0,0.0
-15,42,419.0,0.0,0.0
-15,42,420.0,0.0,0.0
-15,42,421.0,0.0,0.0
-15,42,422.0,0.0,0.0
-15,42,423.0,0.0,0.0
-15,42,424.0,0.0,0.0
-15,42,425.0,0.0,0.0
-15,42,426.0,0.0,0.0
-15,42,427.0,0.0,0.0
-15,42,428.0,0.0,0.0
-15,42,429.0,0.0,0.0
-15,42,430.0,0.0,0.0
-15,42,431.0,0.0,0.0
-15,42,432.0,0.0,0.0
-15,42,433.0,0.0,0.0
-15,42,434.0,0.0,0.0
-15,42,435.0,0.0,0.0
-15,42,436.0,0.0,0.0
-15,42,437.0,0.0,0.0
-15,42,438.0,0.0,0.0
-15,42,439.0,0.0,0.0
-15,42,440.0,0.0,0.0
-15,42,441.0,0.0,1.18108517e-07
-15,42,442.0,0.0,0.0
-15,42,443.0,0.0,0.0
-15,42,444.0,0.0,8.21532449e-08
-15,42,445.0,0.0,0.0
-15,42,446.0,0.0,0.0
-15,42,447.0,0.0,0.0
-15,42,448.0,0.0,0.0
-15,42,449.0,0.0,0.0
-15,42,450.0,0.0,0.0
-15,42,451.0,0.0,0.0
-15,42,452.0,0.0,0.0
-15,42,453.0,0.0,0.0
-15,42,454.0,0.0,0.0
-15,42,455.0,0.0,0.0
-15,42,456.0,0.0,0.0
-15,42,457.0,0.0,0.0
-15,42,458.0,0.0,0.0
-15,42,459.0,0.0,0.0
-15,42,460.0,0.0,0.0
-15,42,461.0,0.0,0.0
-15,42,462.0,0.0,0.0
-15,42,463.0,0.0,0.0
-15,42,464.0,0.0,0.0
-15,42,465.0,0.0,0.0
-15,42,466.0,0.0,1.60782383e-08
-15,42,467.0,0.0,0.0
-15,42,468.0,0.0,0.0
-15,42,469.0,0.0,0.0
-15,42,470.0,0.0,0.0
-15,42,471.0,0.0,0.0
-15,42,472.0,0.0,0.0
-15,42,473.0,0.0,0.0
-15,42,474.0,0.0,0.0
-15,42,475.0,0.0,0.0
-15,42,476.0,0.0,0.0
-15,42,477.0,0.0,0.0
-15,42,478.0,0.0,0.0
-15,42,479.0,0.0,0.0
-15,42,480.0,0.0,0.0
-15,42,481.0,0.0,0.0
-15,42,482.0,0.0,0.0
-15,42,483.0,0.0,0.0
-15,42,484.0,0.0,0.0
-15,42,485.0,0.0,0.0
-15,42,486.0,0.0,0.0
-15,42,487.0,0.0,5.7605037e-08
-15,42,488.0,0.0,0.0
-15,42,489.0,0.0,0.0
-15,42,490.0,0.0,0.0
-15,42,491.0,0.0,0.0
-15,42,492.0,0.0,0.0
-15,42,493.0,0.0,0.0
-15,42,494.0,0.0,0.0
-15,42,495.0,0.0,4.17134172e-07
-15,42,496.0,0.0,0.0
-15,42,497.0,0.0,0.0
-15,42,498.0,0.0,2.6801088799999997e-07
-15,42,499.0,0.0,0.0
-15,42,500.0,0.0,0.0
-15,42,501.0,0.0,0.0
-15,42,502.0,0.0,0.0
-15,42,503.0,0.0,0.0
-15,42,504.0,0.0,0.0
-15,42,505.0,0.0,0.0
-15,42,506.0,0.0,0.0
-15,42,507.0,0.0,0.0
-15,42,508.0,0.0,0.0
-15,42,509.0,0.0,0.0
-15,42,510.0,0.0,0.0
-15,42,511.0,0.0,0.0
-15,42,512.0,0.0,0.0
-15,42,513.0,0.0,0.0
-15,42,514.0,0.0,0.0
-15,42,515.0,0.0,0.0
-15,42,516.0,0.0,0.0
-15,42,517.0,0.0,0.0
-15,42,518.0,0.0,0.0
-15,42,519.0,0.0,0.0
-15,42,520.0,0.0,0.0
-15,42,521.0,0.0,0.0
-15,42,522.0,0.0,0.0
-15,42,523.0,0.0,0.0
-15,42,524.0,0.0,0.0
-15,42,525.0,0.0,0.0
-15,42,526.0,0.0,0.0
-15,42,527.0,0.0,0.0
-15,42,528.0,0.0,0.0
-15,42,529.0,0.0,0.0
-15,42,530.0,0.0,0.0
-15,42,531.0,0.0,0.0
-15,42,532.0,0.0,0.0
-15,42,533.0,0.0,0.0
-15,42,534.0,0.0,0.0
-15,42,535.0,0.0,0.0
-15,42,536.0,0.0,0.0
-15,42,537.0,0.0,0.0
-15,42,538.0,0.0,0.0
-15,42,539.0,0.0,0.0
-15,42,540.0,0.0,0.0
-15,42,541.0,0.0,0.0
-15,42,542.0,0.0,0.0
-15,42,543.0,0.0,0.0
-15,42,544.0,0.0,0.0
-15,42,545.0,0.0,0.0
-15,42,546.0,0.0,0.0
-15,42,547.0,0.0,4.0684655e-07
-15,42,548.0,0.0,0.0
-15,42,549.0,0.0,0.0
-15,42,550.0,0.0,0.0
-15,42,551.0,0.0,0.0
-15,42,552.0,0.0,0.0
-15,42,553.0,0.0,0.0
-15,42,554.0,0.0,0.0
-15,42,555.0,0.0,0.0
-15,42,556.0,0.0,0.0
-15,42,557.0,0.0,0.0
-15,42,558.0,0.0,0.0
-15,42,559.0,0.0,0.0
-15,42,560.0,0.0,0.0
-15,42,561.0,0.0,0.0
-15,42,562.0,0.0,0.0
-15,42,563.0,0.0,0.0
-15,42,564.0,0.0,0.0
-15,42,565.0,0.0,0.0
-15,42,566.0,0.0,1.15402113e-06
-15,42,567.0,0.0,0.0
-15,42,568.0,0.0,0.0
-15,42,569.0,0.0,0.0
-15,42,570.0,0.0,0.0
-15,42,571.0,0.0,0.0
-15,42,572.0,0.0,0.0
-15,42,573.0,0.0,0.0
-15,42,574.0,0.0,0.0
-15,42,575.0,0.0,0.0
-15,42,576.0,0.0,0.0
-15,42,577.0,0.0,0.0
-15,42,578.0,0.0,0.0
-15,42,579.0,0.0,0.0
-15,42,580.0,0.0,0.0
-15,42,581.0,0.0,0.0
-15,42,582.0,0.0,0.0
-15,42,583.0,0.0,0.0
-15,42,584.0,0.0,0.0
-15,42,585.0,0.0,9.668723940000001e-08
-15,42,586.0,0.0,0.0
-15,42,587.0,0.0,0.0
-15,42,588.0,0.0,0.0
-15,42,589.0,0.0,0.0
-15,42,590.0,0.0,0.0
-15,42,591.0,0.0,0.0
-15,42,592.0,0.0,0.0
-15,42,593.0,0.0,0.0
-15,42,594.0,0.0,1.16535899e-07
-15,42,595.0,0.0,0.0
-15,42,596.0,0.0,0.0
-15,42,597.0,0.0,0.0
-15,42,598.0,0.0,0.0
-15,42,599.0,0.0,0.0
-15,42,600.0,0.0,0.0
-15,42,601.0,0.0,0.0
-15,42,602.0,0.0,0.0
-15,42,603.0,0.0,0.0
-15,42,604.0,0.0,0.0
-15,42,605.0,0.0,0.0
-15,42,606.0,0.0,0.0
-15,42,607.0,0.0,0.0
-15,42,608.0,0.0,0.0
-15,42,609.0,0.0,0.0
-15,42,610.0,0.0,0.0
-15,42,611.0,0.0,0.0
-15,42,612.0,0.0,0.0
-15,42,613.0,0.0,0.0
-15,42,614.0,0.0,0.0
-15,42,615.0,0.0,0.0
-15,42,616.0,0.0,0.0
-15,42,617.0,0.0,0.0
-15,42,618.0,0.0,0.0
-15,42,619.0,0.0,0.0
-15,42,620.0,0.0,0.0
-15,42,621.0,0.0,0.0
-15,42,622.0,0.0,0.0
-15,42,623.0,0.0,0.0
-15,42,624.0,0.0,0.0
-15,42,625.0,0.0,0.0
-15,42,626.0,0.0,0.0
-15,42,627.0,0.0,0.0
-15,42,628.0,0.0,0.0
-15,42,629.0,0.0,0.0
-15,42,630.0,0.0,0.0
-15,42,631.0,0.0,0.0
-15,42,632.0,0.0,0.0
-15,42,633.0,0.0,0.0
-15,42,634.0,0.0,0.0
-15,42,635.0,0.0,0.0
-15,42,636.0,0.0,0.0
-15,42,637.0,0.0,1.65631805e-07
-15,42,638.0,0.0,0.0
-15,42,639.0,0.0,0.0
-15,42,640.0,0.0,0.0
-15,42,641.0,0.0,0.0
-15,42,642.0,0.0,0.0
-15,42,643.0,0.0,0.0
-15,42,644.0,0.0,1.27174702e-07
-15,42,645.0,0.0,0.0
-15,42,646.0,0.0,0.0
-15,42,647.0,0.0,0.0
-15,42,648.0,0.0,9.43461608e-07
-15,42,649.0,0.0,0.0
-15,42,650.0,0.0,0.0
-15,42,651.0,0.0,0.0
-15,42,652.0,0.0,0.0
-15,42,653.0,0.0,0.0
-15,42,654.0,0.0,0.0
-15,42,655.0,0.0,0.0
-15,42,656.0,0.0,0.0
-15,42,657.0,0.0,0.0
-15,42,658.0,0.0,0.0
-15,42,659.0,0.0,0.0
-15,42,660.0,0.0,0.0
-15,42,661.0,0.0,0.0
-15,42,662.0,0.0,0.0
-15,42,663.0,0.0,0.0
-15,42,664.0,0.0,0.0
-15,42,665.0,0.0,0.0
-15,42,666.0,0.0,0.0
-15,42,667.0,0.0,0.0
-15,42,668.0,0.0,0.0
-15,42,669.0,0.0,0.0
-15,42,670.0,0.0,0.0
-15,42,671.0,0.0,0.0
-15,42,672.0,0.0,0.0
-15,42,673.0,0.0,0.0
-15,42,674.0,0.0,0.0
-15,42,675.0,0.0,0.0
-15,42,676.0,0.0,0.0
-15,42,677.0,0.0,0.0
-15,42,678.0,0.0,0.0
-15,42,679.0,0.0,0.0
-15,42,680.0,0.0,3.6138243699999997e-07
-15,42,681.0,0.0,0.0
-15,42,682.0,0.0,4.17897536e-07
-15,42,683.0,0.0,0.0
-15,42,684.0,0.0,0.0
-15,42,685.0,0.0,0.0
-15,42,686.0,0.0,0.0
-15,42,687.0,0.0,0.0
-15,42,688.0,0.0,0.0
-15,42,689.0,0.0,0.0
-15,42,690.0,0.0,0.0
-15,42,691.0,0.0,0.0
-15,42,692.0,0.0,0.0
-15,42,693.0,0.0,0.0
-15,42,694.0,0.0,0.0
-15,42,695.0,0.0,0.0
-15,42,696.0,0.0,0.0
-15,42,697.0,0.0,0.0
-15,42,698.0,0.0,0.0
-15,42,699.0,0.0,0.0
-15,42,700.0,0.0,0.0
-15,42,701.0,0.0,0.0
-15,42,702.0,0.0,0.0
-15,42,703.0,0.0,0.0
-15,42,704.0,0.0,0.0
-15,42,705.0,0.0,0.0
-15,42,706.0,0.0,0.0
-15,42,707.0,0.0,0.0
-15,42,708.0,0.0,0.0
-15,42,709.0,0.0,0.0
-15,42,710.0,0.0,0.0
-15,42,711.0,0.0,1.06702959e-07
-15,42,712.0,0.0,0.0
-15,42,713.0,0.0,0.0
-15,42,714.0,0.0,0.0
-15,42,715.0,0.0,0.0
-15,42,716.0,0.0,0.0
-15,42,717.0,0.0,0.0
-15,42,718.0,0.0,0.0
-15,42,719.0,0.0,0.0
-15,42,720.0,0.0,0.0
-15,42,721.0,0.0,0.0
-15,42,722.0,0.0,0.0
-15,42,723.0,0.0,0.0
-15,42,724.0,0.0,0.0
-15,42,725.0,0.0,0.0
-15,42,726.0,0.0,0.0
-15,42,727.0,0.0,0.0
-15,42,728.0,0.0,0.0
-15,42,729.0,0.0,0.0
-15,42,730.0,0.0,0.0
-15,42,731.0,0.0,0.0
-15,42,732.0,0.0,0.0
-15,42,733.0,0.0,0.0
-15,42,734.0,0.0,0.0
-15,42,735.0,0.0,0.0
-15,42,736.0,0.0,0.0
-15,42,737.0,0.0,0.0
-15,42,738.0,0.0,0.0
-15,42,739.0,0.0,0.0
-15,42,740.0,0.0,0.0
-15,42,741.0,0.0,6.426250910000001e-07
-15,42,742.0,0.0,0.0
-15,42,743.0,0.0,0.0
-15,42,744.0,0.0,0.0
-15,42,745.0,0.0,0.0
-15,42,746.0,0.0,0.0
-15,42,747.0,0.0,0.0
-15,42,748.0,0.0,4.0624308199999997e-07
-15,42,749.0,0.0,0.0
-15,42,750.0,0.0,0.0
-15,42,751.0,0.0,0.0
-15,42,752.0,0.0,0.0
-15,42,753.0,0.0,0.0
-15,42,754.0,0.0,0.0
-15,42,755.0,0.0,0.0
-15,42,756.0,0.0,0.0
-15,42,757.0,0.0,0.0
-15,42,758.0,0.0,0.0
-15,42,759.0,0.0,0.0
-15,42,760.0,0.0,0.0
-15,42,761.0,0.0,0.0
-15,42,762.0,0.0,0.0
-15,42,763.0,0.0,0.0
-15,42,764.0,0.0,0.0
-15,42,765.0,0.0,0.0
-15,42,766.0,0.0,0.0
-15,42,767.0,0.0,0.0
-15,42,768.0,0.0,0.0
-15,42,769.0,0.0,0.0
-15,42,770.0,0.0,0.0
-15,42,771.0,0.0,0.0
-15,42,772.0,0.0,0.0
-15,42,773.0,0.0,0.0
-15,42,774.0,0.0,0.0
-15,42,775.0,0.0,0.0
-15,42,776.0,0.0,0.0
-15,42,777.0,0.0,0.0
-15,42,778.0,0.0,0.0
-15,42,779.0,0.0,0.0
-15,42,780.0,0.0,0.0
-15,42,781.0,0.0,0.0
-15,42,782.0,0.0,0.0
-15,42,783.0,0.0,0.0
-15,42,784.0,0.0,7.42864737e-07
-15,42,785.0,0.0,0.0
-15,42,786.0,0.0,0.0
-15,42,787.0,0.0,0.0
-15,42,788.0,0.0,0.0
-15,42,789.0,0.0,0.0
-15,42,790.0,0.0,0.0
-15,42,791.0,0.0,0.0
-15,42,792.0,0.0,0.0
-15,42,793.0,0.0,0.0
-15,42,794.0,0.0,0.0
-15,42,795.0,0.0,0.0
-15,42,796.0,0.0,0.0
-15,42,797.0,0.0,0.0
-15,42,798.0,0.0,0.0
-15,42,799.0,0.0,0.0
-15,42,800.0,0.0,0.0
-15,42,801.0,0.0,0.0
-15,42,802.0,0.0,0.0
-15,42,803.0,0.0,0.0
-15,42,804.0,0.0,0.0
-15,42,805.0,0.0,0.0
-15,42,806.0,0.0,0.0
-15,42,807.0,0.0,0.0
-15,42,808.0,0.0,0.0
-15,42,809.0,0.0,1.44882407e-06
-15,42,810.0,0.0,0.0
-15,42,811.0,0.0,0.0
-15,42,812.0,0.0,0.0
-15,42,813.0,0.0,0.0
-15,42,814.0,0.0,0.0
-15,42,815.0,0.0,0.0
-15,42,816.0,0.0,0.0
-15,42,817.0,0.0,0.0
-15,42,818.0,0.0,0.0
-15,42,819.0,0.0,0.0
-15,42,820.0,0.0,0.0
-15,42,821.0,0.0,0.0
-15,42,822.0,0.0,0.0
-15,42,823.0,0.0,0.0
-15,42,824.0,0.0,0.0
-15,42,825.0,0.0,0.0
-15,42,826.0,0.0,0.0
-15,42,827.0,0.0,0.0
-15,42,828.0,0.0,0.0
-15,42,829.0,0.0,0.0
-15,42,830.0,0.0,0.0
-12,21,360.0,0.0,1.22290483e-07
-12,21,361.0,0.0,0.0
-12,21,362.0,0.0,1.09349971e-06
-12,21,363.0,0.0,0.0
-12,21,364.0,0.0,7.431195259999999e-08
-12,21,365.0,0.0,6.192685400000001e-08
-12,21,366.0,0.0,6.38529949e-07
-12,21,367.0,0.0,1.19629782e-07
-12,21,368.0,0.0,2.79554388e-08
-12,21,369.0,0.0,2.92933022e-07
-12,21,370.0,0.0,2.0920725100000003e-06
-12,21,371.0,0.0,0.0
-12,21,372.0,0.0,0.0
-12,21,373.0,0.0,1.466966e-06
-12,21,374.0,0.0,1.83651227e-08
-12,21,375.0,0.0,0.0
-12,21,376.0,0.0,0.0
-12,21,377.0,0.0,0.0
-12,21,378.0,0.0,3.6645683599999997e-07
-12,21,379.0,0.0,0.0
-12,21,380.0,0.0,0.0
-12,21,381.0,0.0,0.0
-12,21,382.0,0.0,0.0
-12,21,383.0,0.0,9.04885019e-08
-12,21,384.0,0.0,0.0
-12,21,385.0,0.0,6.150192929999999e-07
-12,21,386.0,0.0,0.0
-12,21,387.0,0.0,0.0
-12,21,388.0,0.0,4.8258873e-08
-12,21,389.0,0.0,0.0
-12,21,390.0,0.0,0.0
-12,21,391.0,0.0,0.0
-12,21,392.0,0.0,0.0
-12,21,393.0,0.0,0.0
-12,21,394.0,0.0,0.0
-12,21,395.0,0.0,0.0
-12,21,396.0,0.0,0.0
-12,21,397.0,0.0,1.868975e-06
-12,21,398.0,0.0,0.0
-12,21,399.0,0.0,2.72861938e-06
-12,21,400.0,0.0,1.08359302e-07
-12,21,401.0,0.0,0.0
-12,21,402.0,0.0,0.0
-12,21,403.0,0.0,0.0
-12,21,404.0,0.0,0.0
-12,21,405.0,0.0,2.6570432199999996e-07
-12,21,406.0,0.0,1.4014259799999998e-07
-12,21,407.0,0.0,0.0
-12,21,408.0,0.0,3.7604381200000003e-07
-12,21,409.0,0.0,1.3035546e-07
-12,21,410.0,0.0,0.0
-12,21,411.0,0.0,7.86326782e-08
-12,21,412.0,0.0,9.86247833e-08
-12,21,413.0,0.0,9.7310156e-08
-12,21,414.0,0.0,2.9005087e-07
-12,21,415.0,0.0,7.265027669999999e-08
-12,21,416.0,0.0,5.10888349e-07
-12,21,417.0,0.0,1.79974071e-07
-12,21,418.0,0.0,7.447064850000001e-07
-12,21,419.0,0.0,2.07846999e-07
-12,21,420.0,0.0,9.49875684e-08
-12,21,421.0,0.0,0.0
-12,21,422.0,0.0,5.78639738e-07
-12,21,423.0,0.0,1.6686183499999999e-07
-12,21,424.0,0.0,1.97704911e-07
-12,21,425.0,0.0,0.0
-12,21,426.0,0.0,0.0
-12,21,427.0,0.0,7.19496675e-08
-12,21,428.0,0.0,0.0
-12,21,429.0,0.0,4.46158228e-07
-12,21,430.0,0.0,0.0
-12,21,431.0,0.0,2.0473178300000002e-07
-12,21,432.0,0.0,1.8627271899999998e-08
-12,21,433.0,0.0,0.0
-12,21,434.0,0.0,2.6429755999999997e-08
-12,21,435.0,0.0,1.05039228e-06
-12,21,436.0,0.0,3.10200674e-07
-12,21,437.0,0.0,2.8611588600000003e-07
-12,21,438.0,0.0,2.24477073e-07
-12,21,439.0,0.0,2.44542229e-07
-12,21,440.0,0.0,0.0
-12,21,441.0,0.0,0.0
-12,21,442.0,0.0,1.95377688e-08
-12,21,443.0,0.0,5.78581006e-07
-12,21,444.0,0.0,0.0
-12,21,445.0,0.0,0.0
-12,21,446.0,0.0,1.82004169e-08
-12,21,447.0,0.0,8.62182715e-08
-12,21,448.0,0.0,9.59783676e-07
-12,21,449.0,0.0,3.9651618899999996e-08
-12,21,450.0,0.0,7.34833447e-08
-12,21,451.0,0.0,0.0
-12,21,452.0,0.0,0.0
-12,21,453.0,0.0,2.42009456e-06
-12,21,454.0,0.0,3.1035149699999996e-08
-12,21,455.0,0.0,0.0
-12,21,456.0,0.0,8.95284233e-07
-12,21,457.0,0.0,9.802745629999999e-08
-12,21,458.0,0.0,1.1798031499999999e-07
-12,21,459.0,0.0,5.20853617e-07
-12,21,460.0,0.0,0.0
-12,21,461.0,0.0,0.0
-12,21,462.0,0.0,4.43512923e-07
-12,21,463.0,0.0,6.219683559999999e-07
-12,21,464.0,0.0,6.83206425e-07
-12,21,465.0,0.0,7.804322520000001e-07
-12,21,466.0,0.0,1.23928813e-06
-12,21,467.0,0.0,2.67887459e-07
-12,21,468.0,0.0,5.63772512e-07
-12,21,469.0,0.0,1.08310385e-07
-12,21,470.0,0.0,1.38059573e-06
-12,21,471.0,0.0,3.75173491e-07
-12,21,472.0,0.0,0.0
-12,21,473.0,0.0,2.27359924e-07
-12,21,474.0,0.0,9.95936338e-07
-12,21,475.0,0.0,0.0
-12,21,476.0,0.0,5.80943655e-07
-12,21,477.0,0.0,2.04977245e-07
-12,21,478.0,0.0,0.0
-12,21,479.0,0.0,3.3030472e-08
-12,21,480.0,0.0,0.0
-12,21,481.0,0.0,2.65532668e-07
-12,21,482.0,0.0,5.09604695e-07
-12,21,483.0,0.0,0.0
-12,21,484.0,0.0,1.4537057699999999e-07
-12,21,485.0,0.0,1.8871664e-08
-12,21,486.0,0.0,2.9720479499999996e-07
-12,21,487.0,0.0,2.1903406e-07
-12,21,488.0,0.0,8.81056549e-08
-12,21,489.0,0.0,8.934533250000001e-08
-12,21,490.0,0.0,3.23023385e-07
-12,21,491.0,0.0,0.0
-12,21,492.0,0.0,5.852075990000001e-07
-12,21,493.0,0.0,4.3643612300000003e-07
-12,21,494.0,0.0,6.24040433e-07
-12,21,495.0,0.0,5.99658379e-08
-12,21,496.0,0.0,5.6922849e-07
-12,21,497.0,0.0,0.0
-12,21,498.0,0.0,4.8520678e-07
-12,21,499.0,0.0,0.0
-12,21,500.0,0.0,3.32687167e-07
-12,21,501.0,0.0,0.0
-12,21,502.0,0.0,1.8988248500000002e-07
-12,21,503.0,0.0,2.68936303e-07
-12,21,504.0,0.0,3.49916896e-07
-12,21,505.0,0.0,4.70176776e-07
-12,21,506.0,0.0,4.49557439e-07
-12,21,507.0,0.0,0.0
-12,21,508.0,0.0,0.0
-12,21,509.0,0.0,2.95889098e-07
-12,21,510.0,0.0,1.0827191000000001e-07
-12,21,511.0,0.0,3.95356677e-07
-12,21,512.0,0.0,4.96370601e-07
-12,21,513.0,0.0,0.0
-12,21,514.0,0.0,0.0
-12,21,515.0,0.0,8.07546749e-08
-12,21,516.0,0.0,4.9892187199999995e-08
-12,21,517.0,0.0,4.27092746e-07
-12,21,518.0,0.0,1.86303459e-08
-12,21,519.0,0.0,6.99241238e-07
-12,21,520.0,0.0,2.66315728e-08
-12,21,521.0,0.0,0.0
-12,21,522.0,0.0,1.26851621e-07
-12,21,523.0,0.0,0.0
-12,21,524.0,0.0,5.16236818e-07
-12,21,525.0,0.0,2.87853967e-07
-12,21,526.0,0.0,0.0
-12,21,527.0,0.0,0.0
-12,21,528.0,0.0,0.0
-12,21,529.0,0.0,2.60996767e-08
-12,21,530.0,0.0,0.0
-12,21,531.0,0.0,1.297985e-07
-12,21,532.0,0.0,0.0
-12,21,533.0,0.0,1.10826525e-06
-12,21,534.0,0.0,0.0
-12,21,535.0,0.0,1.7207470599999998e-08
-12,21,536.0,0.0,1.4458934900000001e-08
-12,21,537.0,0.0,9.43491759e-08
-12,21,538.0,0.0,1.2133483e-07
-12,21,539.0,0.0,7.964301770000001e-08
-12,21,540.0,0.0,5.84012305e-08
-12,21,541.0,0.0,3.54230433e-08
-12,21,542.0,0.0,0.0
-12,21,543.0,0.0,0.0
-12,21,544.0,0.0,8.17380496e-08
-12,21,545.0,0.0,2.6723108000000002e-08
-12,21,546.0,0.0,3.54698102e-07
-12,21,547.0,0.0,1.26375362e-08
-12,21,548.0,0.0,0.0
-12,21,549.0,0.0,1.55375001e-06
-12,21,550.0,0.0,2.19897105e-07
-12,21,551.0,0.0,2.28605102e-07
-12,21,552.0,0.0,2.2799329599999998e-07
-12,21,553.0,0.0,0.0
-12,21,554.0,0.0,1.32997418e-07
-12,21,555.0,0.0,1.71887568e-08
-12,21,556.0,0.0,1.83843964e-07
-12,21,557.0,0.0,2.17074685e-08
-12,21,558.0,0.0,1.65678881e-07
-12,21,559.0,0.0,0.0
-12,21,560.0,0.0,2.93511639e-08
-12,21,561.0,0.0,2.0834746499999998e-08
-12,21,562.0,0.0,6.64937397e-08
-12,21,563.0,0.0,0.0
-12,21,564.0,0.0,2.45830179e-08
-12,21,565.0,0.0,0.0
-12,21,566.0,0.0,1.6588010499999998e-07
-12,21,567.0,0.0,7.355402340000001e-08
-12,21,568.0,0.0,0.0
-12,21,569.0,0.0,0.0
-12,21,570.0,0.0,5.111281640000001e-07
-12,21,571.0,0.0,0.0
-12,21,572.0,0.0,0.0
-12,21,573.0,0.0,0.0
-12,21,574.0,0.0,7.92145001e-08
-12,21,575.0,0.0,2.13949734e-08
-12,21,576.0,0.0,0.0
-12,21,577.0,0.0,2.07881429e-07
-12,21,578.0,0.0,2.3521101000000002e-08
-12,21,579.0,0.0,3.55054945e-08
-12,21,580.0,0.0,1.85133176e-08
-12,21,581.0,0.0,0.0
-12,21,582.0,0.0,0.0
-12,21,583.0,0.0,1.12620037e-07
-12,21,584.0,0.0,1.93457978e-07
-12,21,585.0,0.0,8.89481089e-08
-12,21,586.0,0.0,6.023941750000001e-08
-12,21,587.0,0.0,3.8041416e-07
-12,21,588.0,0.0,9.6760632e-08
-12,21,589.0,0.0,0.0
-12,21,590.0,0.0,0.0
-12,21,591.0,0.0,3.30403651e-07
-12,21,592.0,0.0,2.03239673e-07
-12,21,593.0,0.0,2.85583345e-07
-12,21,594.0,0.0,0.0
-12,21,595.0,0.0,4.5300039299999996e-08
-12,21,596.0,0.0,0.0
-12,21,597.0,0.0,0.0
-12,21,598.0,0.0,2.54647421e-08
-12,21,599.0,0.0,0.0
-12,21,600.0,0.0,0.0
-12,21,601.0,0.0,3.83117091e-07
-12,21,602.0,0.0,0.0
-12,21,603.0,0.0,2.861385e-07
-12,21,604.0,0.0,0.0
-12,21,605.0,0.0,0.0
-12,21,606.0,0.0,1.2163564e-07
-12,21,607.0,0.0,8.18874742e-09
-12,21,608.0,0.0,0.0
-12,21,609.0,0.0,0.0
-12,21,610.0,0.0,4.2352432499999995e-08
-12,21,611.0,0.0,0.0
-12,21,612.0,0.0,4.75600245e-08
-12,21,613.0,0.0,0.0
-12,21,614.0,0.0,3.90446039e-08
-12,21,615.0,0.0,7.80177361e-08
-12,21,616.0,0.0,2.68797576e-08
-12,21,617.0,0.0,3.2712504599999997e-07
-12,21,618.0,0.0,1.64731973e-07
-12,21,619.0,0.0,0.0
-12,21,620.0,0.0,2.87270304e-08
-12,21,621.0,0.0,5.30180288e-07
-12,21,622.0,0.0,4.17151896e-08
-12,21,623.0,0.0,2.73929472e-07
-12,21,624.0,0.0,4.73909546e-07
-12,21,625.0,0.0,1.48236664e-07
-12,21,626.0,0.0,8.88879658e-08
-12,21,627.0,0.0,0.0
-12,21,628.0,0.0,0.0
-12,21,629.0,0.0,2.62262532e-07
-12,21,630.0,0.0,0.0
-12,21,631.0,0.0,1.73957014e-07
-12,21,632.0,0.0,6.80755184e-08
-12,21,633.0,0.0,0.0
-12,21,634.0,0.0,5.169631910000001e-07
-12,21,635.0,0.0,0.0
-12,21,636.0,0.0,6.02011824e-08
-12,21,637.0,0.0,0.0
-12,21,638.0,0.0,0.0
-12,21,639.0,0.0,0.0
-12,21,640.0,0.0,0.0
-12,21,641.0,0.0,1.15705654e-06
-12,21,642.0,0.0,1.5122863999999998e-07
-12,21,643.0,0.0,0.0
-12,21,644.0,0.0,0.0
-12,21,645.0,0.0,6.7449073e-08
-12,21,646.0,0.0,1.91686835e-07
-12,21,647.0,0.0,0.0
-12,21,648.0,0.0,0.0
-12,21,649.0,0.0,1.08828011e-06
-12,21,650.0,0.0,0.0
-12,21,651.0,0.0,3.7737199500000003e-07
-12,21,652.0,0.0,5.22174705e-08
-12,21,653.0,0.0,0.0
-12,21,654.0,0.0,0.0
-12,21,655.0,0.0,2.12496903e-07
-12,21,656.0,0.0,0.0
-12,21,657.0,0.0,0.0
-12,21,658.0,0.0,4.77722904e-07
-12,21,659.0,0.0,7.04741338e-07
-12,21,660.0,0.0,7.21482793e-07
-12,21,661.0,0.0,3.21213665e-08
-12,21,662.0,0.0,1.68394632e-07
-12,21,663.0,0.0,9.70426074e-07
-12,21,664.0,0.0,0.0
-12,21,665.0,0.0,0.0
-12,21,666.0,0.0,5.969334159999999e-07
-12,21,667.0,0.0,4.68605431e-07
-12,21,668.0,0.0,3.94376839e-07
-12,21,669.0,0.0,0.0
-12,21,670.0,0.0,2.2153515600000002e-08
-12,21,671.0,0.0,8.50595301e-07
-12,21,672.0,0.0,6.567107980000001e-06
-12,21,673.0,0.0,0.0
-12,21,674.0,0.0,0.0
-12,21,675.0,0.0,0.0
-12,21,676.0,0.0,0.0
-12,21,677.0,0.0,2.32542225e-07
-12,21,678.0,0.0,1.0830306e-06
-12,21,679.0,0.0,0.0
-12,21,680.0,0.0,1.5951839999999998e-07
-12,21,681.0,0.0,5.11870545e-07
-12,21,682.0,0.0,1.63884601e-07
-12,21,683.0,0.0,1.3536185699999999e-06
-12,21,684.0,0.0,0.0
-12,21,685.0,0.0,0.0
-12,21,686.0,0.0,0.0
-12,21,687.0,0.0,0.0
-12,21,688.0,0.0,0.0
-12,21,689.0,0.0,0.0
-12,21,690.0,0.0,0.0
-12,21,691.0,0.0,1.07971595e-07
-12,21,692.0,0.0,0.0
-12,21,693.0,0.0,3.08392366e-07
-12,21,694.0,0.0,1.3673468500000001e-06
-12,21,695.0,0.0,0.0
-12,21,696.0,0.0,0.0
-12,21,697.0,0.0,0.0
-12,21,698.0,0.0,0.0
-12,21,699.0,0.0,6.03161345e-07
-12,21,700.0,0.0,4.00857721e-06
-12,21,701.0,0.0,2.2533889900000004e-06
-12,21,702.0,0.0,0.0
-12,21,703.0,0.0,1.51883534e-07
-12,21,704.0,0.0,1.12850184e-06
-12,21,705.0,0.0,9.60283505e-08
-12,21,706.0,0.0,0.0
-12,21,707.0,0.0,0.0
-12,21,708.0,0.0,0.0
-12,21,709.0,0.0,0.0
-12,21,710.0,0.0,0.0
-12,21,711.0,0.0,1.8030717900000002e-07
-12,21,712.0,0.0,1.05056395e-07
-12,21,713.0,0.0,0.0
-12,21,714.0,0.0,4.1915153300000005e-07
-12,21,715.0,0.0,0.0
-12,21,716.0,0.0,0.0
-12,21,717.0,0.0,0.0
-12,21,718.0,0.0,0.0
-12,21,719.0,0.0,2.31845115e-07
-12,21,720.0,0.0,3.56482633e-07
-12,21,721.0,0.0,0.0
-12,21,722.0,0.0,0.0
-12,21,723.0,0.0,9.55151743e-07
-12,21,724.0,0.0,0.0
-12,21,725.0,0.0,0.0
-12,21,726.0,0.0,0.0
-12,21,727.0,0.0,0.0
-12,21,728.0,0.0,0.0
-12,21,729.0,0.0,0.0
-12,21,730.0,0.0,3.87988053e-07
-12,21,731.0,0.0,0.0
-12,21,732.0,0.0,8.35217128e-07
-12,21,733.0,0.0,4.2035681e-07
-12,21,734.0,0.0,4.6206999100000003e-07
-12,21,735.0,0.0,0.0
-12,21,736.0,0.0,0.0
-12,21,737.0,0.0,0.0
-12,21,738.0,0.0,3.73171584e-07
-12,21,739.0,0.0,0.0
-12,21,740.0,0.0,1.84775214e-07
-12,21,741.0,0.0,0.0
-12,21,742.0,0.0,5.69510856e-07
-12,21,743.0,0.0,0.0
-12,21,744.0,0.0,4.36759699e-07
-12,21,745.0,0.0,0.0
-12,21,746.0,0.0,6.949133820000001e-07
-12,21,747.0,0.0,0.0
-12,21,748.0,0.0,0.0
-12,21,749.0,0.0,5.81720924e-08
-12,21,750.0,0.0,5.91703902e-08
-12,21,751.0,0.0,9.397100799999999e-08
-12,21,752.0,0.0,3.1986949e-07
-12,21,753.0,0.0,0.0
-12,21,754.0,0.0,0.0
-12,21,755.0,0.0,2.34358333e-07
-12,21,756.0,0.0,4.13774746e-07
-12,21,757.0,0.0,1.91873906e-06
-12,21,758.0,0.0,0.0
-12,21,759.0,0.0,0.0
-12,21,760.0,0.0,0.0
-12,21,761.0,0.0,0.0
-12,21,762.0,0.0,2.47229793e-07
-12,21,763.0,0.0,0.0
-12,21,764.0,0.0,0.0
-12,21,765.0,0.0,0.0
-12,21,766.0,0.0,0.0
-12,21,767.0,0.0,8.71069438e-07
-12,21,768.0,0.0,0.0
-12,21,769.0,0.0,0.0
-12,21,770.0,0.0,7.550170410000001e-07
-12,21,771.0,0.0,1.55284512e-06
-12,21,772.0,0.0,1.4515611100000002e-06
-12,21,773.0,0.0,0.0
-12,21,774.0,0.0,0.0
-12,21,775.0,0.0,1.30644228e-07
-12,21,776.0,0.0,0.0
-12,21,777.0,0.0,1.54335483e-06
-12,21,778.0,0.0,0.0
-12,21,779.0,0.0,3.6392550100000004e-07
-12,21,780.0,0.0,0.0
-12,21,781.0,0.0,0.0
-12,21,782.0,0.0,0.0
-12,21,783.0,0.0,0.0
-12,21,784.0,0.0,0.0
-12,21,785.0,0.0,0.0
-12,21,786.0,0.0,1.29109714e-06
-12,21,787.0,0.0,3.31462594e-06
-12,21,788.0,0.0,0.0
-12,21,789.0,0.0,3.99382843e-07
-12,21,790.0,0.0,0.0
-12,21,791.0,0.0,0.0
-12,21,792.0,0.0,0.0
-12,21,793.0,0.0,7.83458061e-07
-12,21,794.0,0.0,0.0
-12,21,795.0,0.0,0.0
-12,21,796.0,0.0,0.0
-12,21,797.0,0.0,0.0
-12,21,798.0,0.0,5.33098973e-08
-12,21,799.0,0.0,0.0
-12,21,800.0,0.0,0.0
-12,21,801.0,0.0,0.0
-12,21,802.0,0.0,0.0
-12,21,803.0,0.0,5.06500801e-08
-12,21,804.0,0.0,0.0
-12,21,805.0,0.0,0.0
-12,21,806.0,0.0,0.0
-12,21,807.0,0.0,4.9409638499999996e-08
-12,21,808.0,0.0,0.0
-12,21,809.0,0.0,4.90918639e-07
-12,21,810.0,0.0,0.0
-12,21,811.0,0.0,0.0
-12,21,812.0,0.0,0.0
-12,21,813.0,0.0,7.857563319999999e-07
-12,21,814.0,0.0,0.0
-12,21,815.0,0.0,0.0
-12,21,816.0,0.0,1.13621517e-06
-12,21,817.0,0.0,0.0
-12,21,818.0,0.0,4.26390528e-07
-12,21,819.0,0.0,4.6899898699999996e-08
-12,21,820.0,0.0,5.90082491e-07
-12,21,821.0,0.0,5.92916949e-08
-12,21,822.0,0.0,0.0
-12,21,823.0,0.0,0.0
-12,21,824.0,0.0,9.27328219e-08
-12,21,825.0,0.0,3.26733384e-06
-12,21,826.0,0.0,1.4337556400000002e-08
-12,21,827.0,0.0,1.05249078e-06
-12,21,828.0,0.0,0.0
-12,21,829.0,0.0,0.0
-12,21,830.0,0.0,0.0
-12,42,360.0,0.0,8.2498962e-08
-12,42,361.0,0.0,1.68850078e-07
-12,42,362.0,0.0,0.0
-12,42,363.0,0.0,3.35290999e-07
-12,42,364.0,0.0,0.0
-12,42,365.0,0.0,0.0
-12,42,366.0,0.0,7.98359688e-08
-12,42,367.0,0.0,0.0
-12,42,368.0,0.0,2.18878238e-07
-12,42,369.0,0.0,0.0
-12,42,370.0,0.0,4.78713628e-07
-12,42,371.0,0.0,6.73693576e-08
-12,42,372.0,0.0,8.421640380000001e-07
-12,42,373.0,0.0,1.1052519799999999e-08
-12,42,374.0,0.0,1.64477133e-08
-12,42,375.0,0.0,0.0
-12,42,376.0,0.0,0.0
-12,42,377.0,0.0,0.0
-12,42,378.0,0.0,3.73740564e-07
-12,42,379.0,0.0,1.94643562e-08
-12,42,380.0,0.0,0.0
-12,42,381.0,0.0,0.0
-12,42,382.0,0.0,1.12986192e-07
-12,42,383.0,0.0,0.0
-12,42,384.0,0.0,4.4814992000000003e-07
-12,42,385.0,0.0,2.59245251e-07
-12,42,386.0,0.0,4.3812979099999995e-07
-12,42,387.0,0.0,0.0
-12,42,388.0,0.0,0.0
-12,42,389.0,0.0,0.0
-12,42,390.0,0.0,0.0
-12,42,391.0,0.0,0.0
-12,42,392.0,0.0,1.6200992099999998e-07
-12,42,393.0,0.0,0.0
-12,42,394.0,0.0,1.5180258200000002e-07
-12,42,395.0,0.0,0.0
-12,42,396.0,0.0,2.85074231e-07
-12,42,397.0,0.0,0.0
-12,42,398.0,0.0,1.60859345e-08
-12,42,399.0,0.0,9.79357355e-08
-12,42,400.0,0.0,0.0
-12,42,401.0,0.0,3.45176726e-07
-12,42,402.0,0.0,8.944042200000001e-08
-12,42,403.0,0.0,5.3522439e-07
-12,42,404.0,0.0,0.0
-12,42,405.0,0.0,3.32130985e-08
-12,42,406.0,0.0,0.0
-12,42,407.0,0.0,0.0
-12,42,408.0,0.0,0.0
-12,42,409.0,0.0,6.753659109999999e-07
-12,42,410.0,0.0,0.0
-12,42,411.0,0.0,1.0443903e-07
-12,42,412.0,0.0,1.60220312e-07
-12,42,413.0,0.0,6.02312248e-08
-12,42,414.0,0.0,1.88543097e-07
-12,42,415.0,0.0,7.46462203e-07
-12,42,416.0,0.0,0.0
-12,42,417.0,0.0,6.70303489e-08
-12,42,418.0,0.0,2.33404025e-08
-12,42,419.0,0.0,0.0
-12,42,420.0,0.0,0.0
-12,42,421.0,0.0,0.0
-12,42,422.0,0.0,0.0
-12,42,423.0,0.0,0.0
-12,42,424.0,0.0,1.44154544e-06
-12,42,425.0,0.0,0.0
-12,42,426.0,0.0,2.40431415e-07
-12,42,427.0,0.0,3.70720896e-07
-12,42,428.0,0.0,5.44345472e-07
-12,42,429.0,0.0,6.38500322e-07
-12,42,430.0,0.0,0.0
-12,42,431.0,0.0,1.82643533e-07
-12,42,432.0,0.0,5.19317051e-07
-12,42,433.0,0.0,1.06424058e-06
-12,42,434.0,0.0,3.76050244e-07
-12,42,435.0,0.0,0.0
-12,42,436.0,0.0,7.72427666e-08
-12,42,437.0,0.0,0.0
-12,42,438.0,0.0,2.72420933e-07
-12,42,439.0,0.0,4.4902623600000005e-07
-12,42,440.0,0.0,0.0
-12,42,441.0,0.0,1.3319045e-07
-12,42,442.0,0.0,4.60768351e-07
-12,42,443.0,0.0,1.51157539e-07
-12,42,444.0,0.0,1.06064137e-07
-12,42,445.0,0.0,1.04767583e-07
-12,42,446.0,0.0,5.68945252e-07
-12,42,447.0,0.0,1.5754321399999999e-06
-12,42,448.0,0.0,0.0
-12,42,449.0,0.0,3.844811e-07
-12,42,450.0,0.0,0.0
-12,42,451.0,0.0,0.0
-12,42,452.0,0.0,3.25792644e-07
-12,42,453.0,0.0,7.394537100000001e-07
-12,42,454.0,0.0,0.0
-12,42,455.0,0.0,8.59103398e-07
-12,42,456.0,0.0,8.448585290000001e-07
-12,42,457.0,0.0,6.283980470000001e-08
-12,42,458.0,0.0,6.85855266e-08
-12,42,459.0,0.0,0.0
-12,42,460.0,0.0,0.0
-12,42,461.0,0.0,0.0
-12,42,462.0,0.0,0.0
-12,42,463.0,0.0,0.0
-12,42,464.0,0.0,8.07314645e-07
-12,42,465.0,0.0,0.0
-12,42,466.0,0.0,2.56870626e-08
-12,42,467.0,0.0,7.10985623e-07
-12,42,468.0,0.0,0.0
-12,42,469.0,0.0,7.308322240000001e-07
-12,42,470.0,0.0,6.37340127e-07
-12,42,471.0,0.0,1.9279975099999998e-07
-12,42,472.0,0.0,2.1758725099999999e-07
-12,42,473.0,0.0,1.7569625900000003e-08
-12,42,474.0,0.0,2.78529525e-06
-12,42,475.0,0.0,0.0
-12,42,476.0,0.0,3.6725922799999997e-07
-12,42,477.0,0.0,3.97768425e-07
-12,42,478.0,0.0,3.13924276e-07
-12,42,479.0,0.0,3.85786436e-07
-12,42,480.0,0.0,1.73976441e-07
-12,42,481.0,0.0,4.7194893700000005e-07
-12,42,482.0,0.0,2.77729687e-08
-12,42,483.0,0.0,1.1991567399999999e-06
-12,42,484.0,0.0,3.44026739e-08
-12,42,485.0,0.0,1.2111179200000002e-07
-12,42,486.0,0.0,8.637539579999999e-07
-12,42,487.0,0.0,5.58248372e-07
-12,42,488.0,0.0,0.0
-12,42,489.0,0.0,3.87491484e-07
-12,42,490.0,0.0,7.99205794e-07
-12,42,491.0,0.0,0.0
-12,42,492.0,0.0,4.01063648e-07
-12,42,493.0,0.0,1.87723781e-08
-12,42,494.0,0.0,3.39366117e-07
-12,42,495.0,0.0,0.0
-12,42,496.0,0.0,0.0
-12,42,497.0,0.0,1.68459432e-06
-12,42,498.0,0.0,5.55398234e-07
-12,42,499.0,0.0,2.76008795e-07
-12,42,500.0,0.0,3.0656519799999997e-07
-12,42,501.0,0.0,2.2553043900000003e-08
-12,42,502.0,0.0,7.15369315e-08
-12,42,503.0,0.0,0.0
-12,42,504.0,0.0,1.51408417e-06
-12,42,505.0,0.0,3.15134041e-06
-12,42,506.0,0.0,1.69393588e-08
-12,42,507.0,0.0,0.0
-12,42,508.0,0.0,3.89537396e-07
-12,42,509.0,0.0,0.0
-12,42,510.0,0.0,0.0
-12,42,511.0,0.0,1.80138217e-07
-12,42,512.0,0.0,1.2358244599999998e-07
-12,42,513.0,0.0,9.33678763e-07
-12,42,514.0,0.0,0.0
-12,42,515.0,0.0,2.96552054e-07
-12,42,516.0,0.0,3.2183721499999994e-08
-12,42,517.0,0.0,3.92966322e-07
-12,42,518.0,0.0,3.0149193499999996e-07
-12,42,519.0,0.0,5.68114861e-07
-12,42,520.0,0.0,3.1283818e-07
-12,42,521.0,0.0,1.14381139e-06
-12,42,522.0,0.0,4.58770301e-08
-12,42,523.0,0.0,4.66792262e-08
-12,42,524.0,0.0,0.0
-12,42,525.0,0.0,5.22816496e-07
-12,42,526.0,0.0,1.0425908300000002e-06
-12,42,527.0,0.0,0.0
-12,42,528.0,0.0,2.1947790799999999e-07
-12,42,529.0,0.0,0.0
-12,42,530.0,0.0,6.89973822e-08
-12,42,531.0,0.0,2.95451115e-07
-12,42,532.0,0.0,0.0
-12,42,533.0,0.0,0.0
-12,42,534.0,0.0,0.0
-12,42,535.0,0.0,0.0
-12,42,536.0,0.0,0.0
-12,42,537.0,0.0,1.14719362e-07
-12,42,538.0,0.0,4.59830539e-07
-12,42,539.0,0.0,8.956845269999999e-07
-12,42,540.0,0.0,8.47503834e-08
-12,42,541.0,0.0,6.83229009e-08
-12,42,542.0,0.0,0.0
-12,42,543.0,0.0,3.57801728e-08
-12,42,544.0,0.0,8.92140233e-08
-12,42,545.0,0.0,2.70489818e-08
-12,42,546.0,0.0,7.30044412e-08
-12,42,547.0,0.0,3.33931966e-08
-12,42,548.0,0.0,7.26068392e-08
-12,42,549.0,0.0,0.0
-12,42,550.0,0.0,0.0
-12,42,551.0,0.0,0.0
-12,42,552.0,0.0,6.27356567e-08
-12,42,553.0,0.0,1.56073482e-07
-12,42,554.0,0.0,9.73329064e-07
-12,42,555.0,0.0,0.0
-12,42,556.0,0.0,3.85659441e-08
-12,42,557.0,0.0,2.0651805200000003e-08
-12,42,558.0,0.0,9.23963962e-08
-12,42,559.0,0.0,4.73443826e-07
-12,42,560.0,0.0,3.98846227e-07
-12,42,561.0,0.0,2.66243849e-07
-12,42,562.0,0.0,1.62094788e-07
-12,42,563.0,0.0,1.26065952e-08
-12,42,564.0,0.0,1.22981393e-07
-12,42,565.0,0.0,0.0
-12,42,566.0,0.0,2.17584195e-07
-12,42,567.0,0.0,0.0
-12,42,568.0,0.0,2.1239245e-07
-12,42,569.0,0.0,5.32917002e-08
-12,42,570.0,0.0,2.46722193e-07
-12,42,571.0,0.0,2.04171869e-07
-12,42,572.0,0.0,1.7021762299999998e-07
-12,42,573.0,0.0,8.12624057e-09
-12,42,574.0,0.0,1.00208599e-08
-12,42,575.0,0.0,0.0
-12,42,576.0,0.0,1.9083459799999997e-08
-12,42,577.0,0.0,1.9850660500000003e-08
-12,42,578.0,0.0,0.0
-12,42,579.0,0.0,0.0
-12,42,580.0,0.0,0.0
-12,42,581.0,0.0,1.49130965e-08
-12,42,582.0,0.0,1.49198504e-08
-12,42,583.0,0.0,7.65274395e-07
-12,42,584.0,0.0,0.0
-12,42,585.0,0.0,1.33223275e-08
-12,42,586.0,0.0,3.2070875000000006e-08
-12,42,587.0,0.0,0.0
-12,42,588.0,0.0,4.26559673e-08
-12,42,589.0,0.0,0.0
-12,42,590.0,0.0,4.74797162e-08
-12,42,591.0,0.0,3.23633687e-06
-12,42,592.0,0.0,0.0
-12,42,593.0,0.0,8.38859269e-08
-12,42,594.0,0.0,8.95601697e-08
-12,42,595.0,0.0,1.39834428e-08
-12,42,596.0,0.0,0.0
-12,42,597.0,0.0,2.93914741e-06
-12,42,598.0,0.0,0.0
-12,42,599.0,0.0,1.40408496e-06
-12,42,600.0,0.0,0.0
-12,42,601.0,0.0,1.7043004000000001e-06
-12,42,602.0,0.0,0.0
-12,42,603.0,0.0,2.9798256599999996e-07
-12,42,604.0,0.0,5.98104925e-08
-12,42,605.0,0.0,5.34222985e-07
-12,42,606.0,0.0,1.74204124e-08
-12,42,607.0,0.0,2.9085478699999997e-08
-12,42,608.0,0.0,0.0
-12,42,609.0,0.0,2.75504746e-07
-12,42,610.0,0.0,9.12293399e-08
-12,42,611.0,0.0,1.39327941e-06
-12,42,612.0,0.0,5.6076911300000006e-08
-12,42,613.0,0.0,4.1336054e-08
-12,42,614.0,0.0,0.0
-12,42,615.0,0.0,2.44459632e-07
-12,42,616.0,0.0,0.0
-12,42,617.0,0.0,0.0
-12,42,618.0,0.0,0.0
-12,42,619.0,0.0,0.0
-12,42,620.0,0.0,2.71477882e-07
-12,42,621.0,0.0,2.5717678e-08
-12,42,622.0,0.0,0.0
-12,42,623.0,0.0,2.12164319e-07
-12,42,624.0,0.0,1.3497025099999998e-07
-12,42,625.0,0.0,0.0
-12,42,626.0,0.0,7.80332848e-08
-12,42,627.0,0.0,4.6549784e-07
-12,42,628.0,0.0,0.0
-12,42,629.0,0.0,0.0
-12,42,630.0,0.0,6.04468878e-08
-12,42,631.0,0.0,3.90882982e-07
-12,42,632.0,0.0,0.0
-12,42,633.0,0.0,0.0
-12,42,634.0,0.0,2.79995729e-08
-12,42,635.0,0.0,4.97791625e-07
-12,42,636.0,0.0,0.0
-12,42,637.0,0.0,0.0
-12,42,638.0,0.0,0.0
-12,42,639.0,0.0,0.0
-12,42,640.0,0.0,1.07887652e-07
-12,42,641.0,0.0,0.0
-12,42,642.0,0.0,0.0
-12,42,643.0,0.0,0.0
-12,42,644.0,0.0,0.0
-12,42,645.0,0.0,2.9322114999999996e-07
-12,42,646.0,0.0,1.06982203e-07
-12,42,647.0,0.0,0.0
-12,42,648.0,0.0,6.87941909e-07
-12,42,649.0,0.0,1.4152449100000002e-07
-12,42,650.0,0.0,9.45778011e-08
-12,42,651.0,0.0,5.24543517e-07
-12,42,652.0,0.0,2.41208938e-07
-12,42,653.0,0.0,5.12438535e-07
-12,42,654.0,0.0,5.84389672e-08
-12,42,655.0,0.0,0.0
-12,42,656.0,0.0,8.58182146e-07
-12,42,657.0,0.0,0.0
-12,42,658.0,0.0,0.0
-12,42,659.0,0.0,1.3327608799999998e-07
-12,42,660.0,0.0,0.0
-12,42,661.0,0.0,1.67852661e-07
-12,42,662.0,0.0,0.0
-12,42,663.0,0.0,6.671050799999999e-07
-12,42,664.0,0.0,2.22967984e-06
-12,42,665.0,0.0,0.0
-12,42,666.0,0.0,0.0
-12,42,667.0,0.0,0.0
-12,42,668.0,0.0,0.0
-12,42,669.0,0.0,3.8467367999999997e-07
-12,42,670.0,0.0,8.0947805e-07
-12,42,671.0,0.0,1.01847749e-06
-12,42,672.0,0.0,4.52941604e-07
-12,42,673.0,0.0,1.68199025e-07
-12,42,674.0,0.0,3.26004549e-07
-12,42,675.0,0.0,8.546370369999999e-08
-12,42,676.0,0.0,0.0
-12,42,677.0,0.0,0.0
-12,42,678.0,0.0,0.0
-12,42,679.0,0.0,0.0
-12,42,680.0,0.0,3.34256707e-07
-12,42,681.0,0.0,0.0
-12,42,682.0,0.0,0.0
-12,42,683.0,0.0,1.28574413e-06
-12,42,684.0,0.0,0.0
-12,42,685.0,0.0,0.0
-12,42,686.0,0.0,6.62505161e-07
-12,42,687.0,0.0,9.75282455e-07
-12,42,688.0,0.0,0.0
-12,42,689.0,0.0,2.66072107e-07
-12,42,690.0,0.0,0.0
-12,42,691.0,0.0,2.13318315e-07
-12,42,692.0,0.0,0.0
-12,42,693.0,0.0,0.0
-12,42,694.0,0.0,0.0
-12,42,695.0,0.0,7.67996942e-07
-12,42,696.0,0.0,0.0
-12,42,697.0,0.0,6.04615372e-07
-12,42,698.0,0.0,1.63372268e-06
-12,42,699.0,0.0,0.0
-12,42,700.0,0.0,0.0
-12,42,701.0,0.0,1.09622328e-07
-12,42,702.0,0.0,1.4157868e-06
-12,42,703.0,0.0,0.0
-12,42,704.0,0.0,0.0
-12,42,705.0,0.0,1.62227429e-07
-12,42,706.0,0.0,1.36966773e-07
-12,42,707.0,0.0,5.415971389999999e-06
-12,42,708.0,0.0,0.0
-12,42,709.0,0.0,0.0
-12,42,710.0,0.0,1.24836294e-06
-12,42,711.0,0.0,0.0
-12,42,712.0,0.0,0.0
-12,42,713.0,0.0,7.13626097e-07
-12,42,714.0,0.0,4.06377541e-07
-12,42,715.0,0.0,0.0
-12,42,716.0,0.0,0.0
-12,42,717.0,0.0,5.35917003e-07
-12,42,718.0,0.0,0.0
-12,42,719.0,0.0,5.009194720000001e-07
-12,42,720.0,0.0,5.80374326e-07
-12,42,721.0,0.0,2.8674092000000004e-07
-12,42,722.0,0.0,3.0380112e-07
-12,42,723.0,0.0,0.0
-12,42,724.0,0.0,0.0
-12,42,725.0,0.0,0.0
-12,42,726.0,0.0,5.23044982e-08
-12,42,727.0,0.0,0.0
-12,42,728.0,0.0,8.20401765e-07
-12,42,729.0,0.0,0.0
-12,42,730.0,0.0,0.0
-12,42,731.0,0.0,2.81578508e-10
-12,42,732.0,0.0,1.31168854e-07
-12,42,733.0,0.0,0.0
-12,42,734.0,0.0,2.20452272e-06
-12,42,735.0,0.0,0.0
-12,42,736.0,0.0,0.0
-12,42,737.0,0.0,7.43354103e-08
-12,42,738.0,0.0,0.0
-12,42,739.0,0.0,4.71636777e-08
-12,42,740.0,0.0,0.0
-12,42,741.0,0.0,7.59051763e-07
-12,42,742.0,0.0,0.0
-12,42,743.0,0.0,0.0
-12,42,744.0,0.0,8.12632439e-07
-12,42,745.0,0.0,3.6338962700000005e-08
-12,42,746.0,0.0,0.0
-12,42,747.0,0.0,0.0
-12,42,748.0,0.0,1.90466177e-06
-12,42,749.0,0.0,0.0
-12,42,750.0,0.0,0.0
-12,42,751.0,0.0,0.0
-12,42,752.0,0.0,7.39639392e-07
-12,42,753.0,0.0,0.0
-12,42,754.0,0.0,0.0
-12,42,755.0,0.0,1.0168467399999999e-06
-12,42,756.0,0.0,0.0
-12,42,757.0,0.0,0.0
-12,42,758.0,0.0,4.820007829999999e-06
-12,42,759.0,0.0,1.7637647400000002e-07
-12,42,760.0,0.0,0.0
-12,42,761.0,0.0,0.0
-12,42,762.0,0.0,4.1062641e-07
-12,42,763.0,0.0,0.0
-12,42,764.0,0.0,0.0
-12,42,765.0,0.0,0.0
-12,42,766.0,0.0,0.0
-12,42,767.0,0.0,0.0
-12,42,768.0,0.0,8.58042098e-07
-12,42,769.0,0.0,0.0
-12,42,770.0,0.0,2.68896314e-07
-12,42,771.0,0.0,0.0
-12,42,772.0,0.0,0.0
-12,42,773.0,0.0,0.0
-12,42,774.0,0.0,0.0
-12,42,775.0,0.0,4.50075713e-08
-12,42,776.0,0.0,0.0
-12,42,777.0,0.0,4.823567e-08
-12,42,778.0,0.0,1.35575398e-06
-12,42,779.0,0.0,2.2600661e-07
-12,42,780.0,0.0,0.0
-12,42,781.0,0.0,0.0
-12,42,782.0,0.0,0.0
-12,42,783.0,0.0,0.0
-12,42,784.0,0.0,0.0
-12,42,785.0,0.0,0.0
-12,42,786.0,0.0,4.4601442599999997e-07
-12,42,787.0,0.0,0.0
-12,42,788.0,0.0,2.63606152e-06
-12,42,789.0,0.0,0.0
-12,42,790.0,0.0,0.0
-12,42,791.0,0.0,3.99674661e-06
-12,42,792.0,0.0,1.0552428999999999e-07
-12,42,793.0,0.0,1.4716585900000002e-06
-12,42,794.0,0.0,0.0
-12,42,795.0,0.0,0.0
-12,42,796.0,0.0,3.89903347e-07
-12,42,797.0,0.0,8.69691314e-07
-12,42,798.0,0.0,1.01598096e-07
-12,42,799.0,0.0,2.5841468000000003e-06
-12,42,800.0,0.0,1.0351208000000001e-06
-12,42,801.0,0.0,0.0
-12,42,802.0,0.0,0.0
-12,42,803.0,0.0,0.0
-12,42,804.0,0.0,2.88739375e-08
-12,42,805.0,0.0,0.0
-12,42,806.0,0.0,0.0
-12,42,807.0,0.0,1.01495069e-06
-12,42,808.0,0.0,0.0
-12,42,809.0,0.0,1.0232622700000002e-06
-12,42,810.0,0.0,6.55880198e-07
-12,42,811.0,0.0,0.0
-12,42,812.0,0.0,1.3131058099999999e-06
-12,42,813.0,0.0,0.0
-12,42,814.0,0.0,1.1749392100000001e-06
-12,42,815.0,0.0,0.0
-12,42,816.0,0.0,0.0
-12,42,817.0,0.0,0.0
-12,42,818.0,0.0,0.0
-12,42,819.0,0.0,0.0
-12,42,820.0,0.0,0.0
-12,42,821.0,0.0,7.33310822e-07
-12,42,822.0,0.0,0.0
-12,42,823.0,0.0,0.0
-12,42,824.0,0.0,1.0746248300000001e-06
-12,42,825.0,0.0,0.0
-12,42,826.0,0.0,0.0
-12,42,827.0,0.0,8.72179924e-07
-12,42,828.0,0.0,0.0
-12,42,829.0,0.0,0.0
-12,42,830.0,0.0,1.12172944e-07
-10,21,360.0,0.0,1.61289191e-06
-10,21,361.0,0.0,1.73252356e-08
-10,21,362.0,0.0,6.9332472e-07
-10,21,363.0,0.0,7.97365559e-07
-10,21,364.0,0.0,1.39047939e-06
-10,21,365.0,0.0,9.21932049e-07
-10,21,366.0,0.0,9.514532870000001e-07
-10,21,367.0,0.0,5.95339916e-08
-10,21,368.0,0.0,3.97408818e-07
-10,21,369.0,0.0,1.68981426e-06
-10,21,370.0,0.0,1.06438354e-06
-10,21,371.0,0.0,9.81185876e-08
-10,21,372.0,0.0,7.70925486e-07
-10,21,373.0,0.0,1.11411151e-06
-10,21,374.0,0.0,2.41994765e-06
-10,21,375.0,0.0,5.4306387e-08
-10,21,376.0,0.0,0.0
-10,21,377.0,0.0,3.91301524e-07
-10,21,378.0,0.0,1.15318061e-06
-10,21,379.0,0.0,2.7409402500000003e-07
-10,21,380.0,0.0,5.80055523e-07
-10,21,381.0,0.0,9.0110465e-07
-10,21,382.0,0.0,4.70099185e-07
-10,21,383.0,0.0,9.78088821e-07
-10,21,384.0,0.0,4.60579351e-07
-10,21,385.0,0.0,4.1209429e-07
-10,21,386.0,0.0,1.6393211e-06
-10,21,387.0,0.0,5.68477844e-08
-10,21,388.0,0.0,4.978084470000001e-07
-10,21,389.0,0.0,1.38718009e-07
-10,21,390.0,0.0,4.50741407e-06
-10,21,391.0,0.0,8.403073299999999e-07
-10,21,392.0,0.0,1.3071718899999998e-06
-10,21,393.0,0.0,1.2147642e-06
-10,21,394.0,0.0,0.0
-10,21,395.0,0.0,7.24237238e-07
-10,21,396.0,0.0,1.25903159e-06
-10,21,397.0,0.0,0.0
-10,21,398.0,0.0,1.9049715500000001e-06
-10,21,399.0,0.0,2.72033009e-07
-10,21,400.0,0.0,3.08854692e-06
-10,21,401.0,0.0,1.08701352e-06
-10,21,402.0,0.0,5.3938534099999995e-06
-10,21,403.0,0.0,2.81654764e-06
-10,21,404.0,0.0,9.7842433e-07
-10,21,405.0,0.0,1.1593736699999999e-06
-10,21,406.0,0.0,8.118103719999999e-07
-10,21,407.0,0.0,5.37036918e-07
-10,21,408.0,0.0,9.24878579e-07
-10,21,409.0,0.0,4.791141020000001e-06
-10,21,410.0,0.0,1.25809596e-06
-10,21,411.0,0.0,2.58347858e-06
-10,21,412.0,0.0,1.21771498e-06
-10,21,413.0,0.0,7.64955592e-07
-10,21,414.0,0.0,3.0383586400000003e-06
-10,21,415.0,0.0,2.0201594999999998e-06
-10,21,416.0,0.0,2.16917088e-06
-10,21,417.0,0.0,7.72564439e-07
-10,21,418.0,0.0,6.00938045e-07
-10,21,419.0,0.0,1.14187878e-06
-10,21,420.0,0.0,1.47107139e-06
-10,21,421.0,0.0,3.28616751e-06
-10,21,422.0,0.0,1.93736062e-06
-10,21,423.0,0.0,6.71942893e-07
-10,21,424.0,0.0,2.1005373000000003e-06
-10,21,425.0,0.0,7.39704526e-07
-10,21,426.0,0.0,2.36790348e-06
-10,21,427.0,0.0,1.5857692300000001e-06
-10,21,428.0,0.0,1.43816357e-06
-10,21,429.0,0.0,8.4960321e-07
-10,21,430.0,0.0,2.9473093999999996e-07
-10,21,431.0,0.0,1.40804832e-06
-10,21,432.0,0.0,1.43134547e-06
-10,21,433.0,0.0,2.13865144e-06
-10,21,434.0,0.0,2.57104612e-06
-10,21,435.0,0.0,2.0095177500000002e-06
-10,21,436.0,0.0,3.04332701e-06
-10,21,437.0,0.0,1.97427883e-06
-10,21,438.0,0.0,1.76728354e-06
-10,21,439.0,0.0,1.42763322e-06
-10,21,440.0,0.0,1.22531864e-06
-10,21,441.0,0.0,2.0619439900000002e-06
-10,21,442.0,0.0,9.001818829999999e-07
-10,21,443.0,0.0,2.86274427e-06
-10,21,444.0,0.0,1.81676704e-06
-10,21,445.0,0.0,4.13299119e-06
-10,21,446.0,0.0,1.76675536e-06
-10,21,447.0,0.0,3.20420158e-06
-10,21,448.0,0.0,2.65421718e-06
-10,21,449.0,0.0,2.0206694e-06
-10,21,450.0,0.0,2.695526e-06
-10,21,451.0,0.0,1.3515689600000002e-06
-10,21,452.0,0.0,2.04663235e-06
-10,21,453.0,0.0,3.64126661e-06
-10,21,454.0,0.0,2.2725728300000004e-06
-10,21,455.0,0.0,1.56861229e-06
-10,21,456.0,0.0,4.269029009999999e-06
-10,21,457.0,0.0,2.3194141699999997e-06
-10,21,458.0,0.0,5.39040193e-07
-10,21,459.0,0.0,5.33632655e-06
-10,21,460.0,0.0,1.42031349e-06
-10,21,461.0,0.0,4.33346769e-06
-10,21,462.0,0.0,4.17594053e-06
-10,21,463.0,0.0,1.56055496e-06
-10,21,464.0,0.0,3.27787572e-06
-10,21,465.0,0.0,2.40079476e-06
-10,21,466.0,0.0,1.54663716e-06
-10,21,467.0,0.0,1.48178206e-06
-10,21,468.0,0.0,1.9537448000000003e-06
-10,21,469.0,0.0,1.95624423e-06
-10,21,470.0,0.0,2.21667089e-06
-10,21,471.0,0.0,3.13781376e-07
-10,21,472.0,0.0,2.37782416e-06
-10,21,473.0,0.0,4.28837398e-06
-10,21,474.0,0.0,1.88028265e-06
-10,21,475.0,0.0,2.68824003e-06
-10,21,476.0,0.0,4.26285435e-06
-10,21,477.0,0.0,8.04805139e-07
-10,21,478.0,0.0,1.82717701e-06
-10,21,479.0,0.0,5.936830419999999e-07
-10,21,480.0,0.0,1.7046337e-06
-10,21,481.0,0.0,2.78712134e-06
-10,21,482.0,0.0,1.81163964e-06
-10,21,483.0,0.0,1.9733402899999996e-06
-10,21,484.0,0.0,2.48089689e-06
-10,21,485.0,0.0,1.15214032e-06
-10,21,486.0,0.0,5.944066680000001e-06
-10,21,487.0,0.0,5.80324698e-06
-10,21,488.0,0.0,1.6947906699999999e-06
-10,21,489.0,0.0,1.78427051e-06
-10,21,490.0,0.0,1.77092571e-06
-10,21,491.0,0.0,2.52869166e-06
-10,21,492.0,0.0,6.688036020000001e-06
-10,21,493.0,0.0,9.59066325e-07
-10,21,494.0,0.0,1.38441485e-06
-10,21,495.0,0.0,2.17893696e-06
-10,21,496.0,0.0,4.28380352e-06
-10,21,497.0,0.0,1.34326529e-06
-10,21,498.0,0.0,1.53213658e-06
-10,21,499.0,0.0,2.37438083e-06
-10,21,500.0,0.0,1.39405415e-06
-10,21,501.0,0.0,8.19959678e-06
-10,21,502.0,0.0,1.17638416e-06
-10,21,503.0,0.0,9.60006786e-07
-10,21,504.0,0.0,1.44672045e-06
-10,21,505.0,0.0,1.98685634e-06
-10,21,506.0,0.0,1.18580728e-06
-10,21,507.0,0.0,1.58448017e-06
-10,21,508.0,0.0,6.22022722e-07
-10,21,509.0,0.0,8.230803069999999e-07
-10,21,510.0,0.0,2.58716568e-06
-10,21,511.0,0.0,2.62195361e-06
-10,21,512.0,0.0,4.909407e-07
-10,21,513.0,0.0,5.881292159999999e-07
-10,21,514.0,0.0,3.16729723e-06
-10,21,515.0,0.0,1.07626372e-06
-10,21,516.0,0.0,8.89641466e-07
-10,21,517.0,0.0,1.90677831e-06
-10,21,518.0,0.0,1.40294188e-06
-10,21,519.0,0.0,5.70083037e-07
-10,21,520.0,0.0,2.30915938e-06
-10,21,521.0,0.0,5.861796669999999e-07
-10,21,522.0,0.0,5.11324441e-07
-10,21,523.0,0.0,1.73582509e-06
-10,21,524.0,0.0,1.38531858e-06
-10,21,525.0,0.0,1.61504676e-06
-10,21,526.0,0.0,2.9045597199999997e-06
-10,21,527.0,0.0,1.01535057e-07
-10,21,528.0,0.0,7.05227023e-07
-10,21,529.0,0.0,2.77301972e-06
-10,21,530.0,0.0,1.84197316e-06
-10,21,531.0,0.0,4.22633137e-07
-10,21,532.0,0.0,2.5672437599999997e-06
-10,21,533.0,0.0,1.02841062e-07
-10,21,534.0,0.0,3.6703067600000004e-07
-10,21,535.0,0.0,3.6891463700000002e-06
-10,21,536.0,0.0,1.05379289e-06
-10,21,537.0,0.0,9.039849969999999e-07
-10,21,538.0,0.0,2.84199044e-06
-10,21,539.0,0.0,2.34229746e-06
-10,21,540.0,0.0,3.62927234e-06
-10,21,541.0,0.0,7.62630836e-07
-10,21,542.0,0.0,1.65642798e-06
-10,21,543.0,0.0,1.13519304e-06
-10,21,544.0,0.0,3.25210131e-07
-10,21,545.0,0.0,1.7721558700000002e-06
-10,21,546.0,0.0,1.42125227e-06
-10,21,547.0,0.0,1.00106804e-06
-10,21,548.0,0.0,3.8776992e-07
-10,21,549.0,0.0,6.001643490000001e-08
-10,21,550.0,0.0,1.7440007100000002e-06
-10,21,551.0,0.0,1.10272062e-06
-10,21,552.0,0.0,2.12963394e-07
-10,21,553.0,0.0,8.310823470000001e-07
-10,21,554.0,0.0,9.16666875e-07
-10,21,555.0,0.0,5.42098132e-07
-10,21,556.0,0.0,4.883621819999999e-06
-10,21,557.0,0.0,5.089280309999999e-07
-10,21,558.0,0.0,1.8138869199999998e-07
-10,21,559.0,0.0,7.80458562e-07
-10,21,560.0,0.0,4.2267452199999995e-07
-10,21,561.0,0.0,9.61265818e-07
-10,21,562.0,0.0,6.034629190000001e-07
-10,21,563.0,0.0,1.61047079e-07
-10,21,564.0,0.0,7.362560139999999e-07
-10,21,565.0,0.0,4.15665039e-07
-10,21,566.0,0.0,7.28500832e-07
-10,21,567.0,0.0,4.1076168400000003e-07
-10,21,568.0,0.0,8.894231869999999e-07
-10,21,569.0,0.0,1.74326357e-07
-10,21,570.0,0.0,1.2518707699999999e-06
-10,21,571.0,0.0,8.939274119999999e-07
-10,21,572.0,0.0,1.36672182e-06
-10,21,573.0,0.0,2.22171377e-06
-10,21,574.0,0.0,1.6904399699999998e-07
-10,21,575.0,0.0,2.5653431699999997e-07
-10,21,576.0,0.0,1.18382124e-06
-10,21,577.0,0.0,3.7498044499999996e-07
-10,21,578.0,0.0,1.9066089599999998e-07
-10,21,579.0,0.0,5.94060111e-07
-10,21,580.0,0.0,3.3830481699999996e-07
-10,21,581.0,0.0,5.77448984e-07
-10,21,582.0,0.0,1.56229595e-06
-10,21,583.0,0.0,1.50092458e-06
-10,21,584.0,0.0,6.315483480000001e-07
-10,21,585.0,0.0,4.77340014e-07
-10,21,586.0,0.0,1.17325538e-06
-10,21,587.0,0.0,1.32058922e-06
-10,21,588.0,0.0,6.10896677e-07
-10,21,589.0,0.0,4.53790737e-07
-10,21,590.0,0.0,6.866525510000001e-07
-10,21,591.0,0.0,1.44728692e-07
-10,21,592.0,0.0,1.66758022e-07
-10,21,593.0,0.0,6.07711787e-07
-10,21,594.0,0.0,2.78400397e-06
-10,21,595.0,0.0,1.6315110300000002e-06
-10,21,596.0,0.0,2.99978157e-07
-10,21,597.0,0.0,2.1409704600000002e-07
-10,21,598.0,0.0,9.0443372e-07
-10,21,599.0,0.0,7.49266546e-08
-10,21,600.0,0.0,0.0
-10,21,601.0,0.0,6.22031337e-07
-10,21,602.0,0.0,6.191692079999999e-07
-10,21,603.0,0.0,5.65810304e-07
-10,21,604.0,0.0,3.1792540099999996e-06
-10,21,605.0,0.0,6.254934120000001e-08
-10,21,606.0,0.0,1.7002972300000002e-06
-10,21,607.0,0.0,2.17672015e-07
-10,21,608.0,0.0,3.71441687e-06
-10,21,609.0,0.0,1.6711455799999998e-07
-10,21,610.0,0.0,1.2185535199999998e-06
-10,21,611.0,0.0,7.91775703e-07
-10,21,612.0,0.0,4.5338177e-07
-10,21,613.0,0.0,3.91754031e-07
-10,21,614.0,0.0,1.25696883e-06
-10,21,615.0,0.0,2.04568874e-07
-10,21,616.0,0.0,5.84254914e-07
-10,21,617.0,0.0,1.09517074e-06
-10,21,618.0,0.0,8.25446274e-07
-10,21,619.0,0.0,2.7294905199999997e-07
-10,21,620.0,0.0,2.24665579e-07
-10,21,621.0,0.0,3.29231902e-07
-10,21,622.0,0.0,3.75381089e-07
-10,21,623.0,0.0,2.0030388300000002e-07
-10,21,624.0,0.0,5.15477557e-07
-10,21,625.0,0.0,1.00825145e-06
-10,21,626.0,0.0,9.29414062e-07
-10,21,627.0,0.0,2.05860962e-06
-10,21,628.0,0.0,8.60035594e-07
-10,21,629.0,0.0,4.2616506100000004e-07
-10,21,630.0,0.0,5.07360033e-07
-10,21,631.0,0.0,2.69913953e-06
-10,21,632.0,0.0,6.920787269999999e-07
-10,21,633.0,0.0,2.84828874e-06
-10,21,634.0,0.0,8.30837525e-07
-10,21,635.0,0.0,7.08463951e-07
-10,21,636.0,0.0,3.16716352e-07
-10,21,637.0,0.0,4.5081944e-07
-10,21,638.0,0.0,1.94005261e-06
-10,21,639.0,0.0,1.18393789e-06
-10,21,640.0,0.0,2.98156682e-06
-10,21,641.0,0.0,1.69230788e-06
-10,21,642.0,0.0,9.62366001e-07
-10,21,643.0,0.0,1.23297668e-06
-10,21,644.0,0.0,8.97239661e-07
-10,21,645.0,0.0,1.8752856699999998e-08
-10,21,646.0,0.0,8.823488609999999e-07
-10,21,647.0,0.0,1.71591889e-06
-10,21,648.0,0.0,1.1191431e-06
-10,21,649.0,0.0,8.20612535e-07
-10,21,650.0,0.0,1.0199500200000001e-06
-10,21,651.0,0.0,1.4276346200000001e-06
-10,21,652.0,0.0,1.6263038900000001e-06
-10,21,653.0,0.0,1.87116733e-06
-10,21,654.0,0.0,1.74225564e-06
-10,21,655.0,0.0,0.0
-10,21,656.0,0.0,1.51600421e-06
-10,21,657.0,0.0,8.04886571e-07
-10,21,658.0,0.0,8.99373321e-07
-10,21,659.0,0.0,4.54852037e-07
-10,21,660.0,0.0,2.5199807700000003e-06
-10,21,661.0,0.0,2.50024721e-06
-10,21,662.0,0.0,7.159500959999999e-07
-10,21,663.0,0.0,6.208201520000001e-07
-10,21,664.0,0.0,9.63138998e-07
-10,21,665.0,0.0,4.94041806e-06
-10,21,666.0,0.0,6.80760772e-07
-10,21,667.0,0.0,7.344168840000001e-07
-10,21,668.0,0.0,2.3591509699999999e-07
-10,21,669.0,0.0,2.1376987000000002e-06
-10,21,670.0,0.0,1.50833023e-06
-10,21,671.0,0.0,1.40932528e-06
-10,21,672.0,0.0,2.35815649e-06
-10,21,673.0,0.0,1.02676998e-06
-10,21,674.0,0.0,1.22677255e-06
-10,21,675.0,0.0,3.27803747e-07
-10,21,676.0,0.0,1.81590102e-06
-10,21,677.0,0.0,1.3262250000000002e-06
-10,21,678.0,0.0,1.6081693999999999e-06
-10,21,679.0,0.0,2.9362339999999996e-06
-10,21,680.0,0.0,2.30504363e-06
-10,21,681.0,0.0,9.81900725e-07
-10,21,682.0,0.0,2.99527356e-06
-10,21,683.0,0.0,2.59552826e-06
-10,21,684.0,0.0,1.27299968e-06
-10,21,685.0,0.0,3.97759024e-06
-10,21,686.0,0.0,4.97667177e-07
-10,21,687.0,0.0,3.80746182e-06
-10,21,688.0,0.0,8.97277612e-07
-10,21,689.0,0.0,2.27522702e-07
-10,21,690.0,0.0,2.0937627400000002e-07
-10,21,691.0,0.0,5.60898276e-07
-10,21,692.0,0.0,3.45374952e-07
-10,21,693.0,0.0,3.7598327600000003e-07
-10,21,694.0,0.0,5.140497229999999e-07
-10,21,695.0,0.0,0.0
-10,21,696.0,0.0,3.83245503e-06
-10,21,697.0,0.0,2.03618687e-06
-10,21,698.0,0.0,5.9781307400000005e-06
-10,21,699.0,0.0,1.3592089500000001e-06
-10,21,700.0,0.0,4.69451741e-07
-10,21,701.0,0.0,0.0
-10,21,702.0,0.0,2.9930814600000003e-06
-10,21,703.0,0.0,2.84958864e-06
-10,21,704.0,0.0,3.80260614e-06
-10,21,705.0,0.0,4.01546677e-08
-10,21,706.0,0.0,7.93665007e-07
-10,21,707.0,0.0,9.77933523e-07
-10,21,708.0,0.0,9.53441951e-07
-10,21,709.0,0.0,1.2090744e-06
-10,21,710.0,0.0,1.33371074e-06
-10,21,711.0,0.0,9.836360109999999e-07
-10,21,712.0,0.0,3.63067212e-06
-10,21,713.0,0.0,1.3878278e-06
-10,21,714.0,0.0,1.0486540900000001e-06
-10,21,715.0,0.0,1.0023253300000001e-06
-10,21,716.0,0.0,3.4783538400000003e-06
-10,21,717.0,0.0,2.60398048e-06
-10,21,718.0,0.0,3.3484268900000003e-06
-10,21,719.0,0.0,9.61827231e-07
-10,21,720.0,0.0,9.77678807e-07
-10,21,721.0,0.0,7.94054766e-07
-10,21,722.0,0.0,2.0938538900000002e-06
-10,21,723.0,0.0,3.24371038e-06
-10,21,724.0,0.0,1.05829665e-06
-10,21,725.0,0.0,8.780544889999999e-08
-10,21,726.0,0.0,1.81410089e-06
-10,21,727.0,0.0,0.0
-10,21,728.0,0.0,0.0
-10,21,729.0,0.0,3.17468052e-06
-10,21,730.0,0.0,1.95372663e-06
-10,21,731.0,0.0,9.44314641e-07
-10,21,732.0,0.0,1.77966687e-06
-10,21,733.0,0.0,9.594772130000001e-07
-10,21,734.0,0.0,7.1206555e-07
-10,21,735.0,0.0,7.474415e-06
-10,21,736.0,0.0,8.931195770000001e-08
-10,21,737.0,0.0,2.41058806e-07
-10,21,738.0,0.0,2.69664056e-06
-10,21,739.0,0.0,4.33792273e-07
-10,21,740.0,0.0,2.36733511e-07
-10,21,741.0,0.0,2.3376543500000003e-06
-10,21,742.0,0.0,7.16209819e-07
-10,21,743.0,0.0,9.93793248e-07
-10,21,744.0,0.0,1.46566739e-06
-10,21,745.0,0.0,7.899246990000001e-07
-10,21,746.0,0.0,1.99061702e-06
-10,21,747.0,0.0,1.55845389e-06
-10,21,748.0,0.0,4.5787417299999994e-06
-10,21,749.0,0.0,3.58362624e-07
-10,21,750.0,0.0,3.13827331e-07
-10,21,751.0,0.0,1.33770041e-06
-10,21,752.0,0.0,1.59803347e-06
-10,21,753.0,0.0,1.3697698e-06
-10,21,754.0,0.0,1.18043367e-05
-10,21,755.0,0.0,6.79371529e-07
-10,21,756.0,0.0,2.5321967e-06
-10,21,757.0,0.0,2.08075019e-06
-10,21,758.0,0.0,3.17804702e-06
-10,21,759.0,0.0,3.6475513499999997e-07
-10,21,760.0,0.0,3.2474508799999998e-09
-10,21,761.0,0.0,8.32515568e-11
-10,21,762.0,0.0,5.98393308e-08
-10,21,763.0,0.0,4.1549145e-08
-10,21,764.0,0.0,3.82468163e-07
-10,21,765.0,0.0,7.85498924e-08
-10,21,766.0,0.0,8.072301860000001e-07
-10,21,767.0,0.0,7.246345629999999e-07
-10,21,768.0,0.0,8.58137559e-07
-10,21,769.0,0.0,2.34474521e-06
-10,21,770.0,0.0,1.19243551e-06
-10,21,771.0,0.0,2.53874832e-06
-10,21,772.0,0.0,5.68709569e-07
-10,21,773.0,0.0,2.45164544e-06
-10,21,774.0,0.0,1.67308876e-06
-10,21,775.0,0.0,8.53484869e-06
-10,21,776.0,0.0,6.59193902e-07
-10,21,777.0,0.0,0.0
-10,21,778.0,0.0,2.33026047e-07
-10,21,779.0,0.0,1.00966927e-06
-10,21,780.0,0.0,3.04636243e-06
-10,21,781.0,0.0,1.57370465e-06
-10,21,782.0,0.0,2.38069613e-06
-10,21,783.0,0.0,1.8189383e-06
-10,21,784.0,0.0,6.31219125e-07
-10,21,785.0,0.0,6.45280816e-06
-10,21,786.0,0.0,4.44552206e-08
-10,21,787.0,0.0,1.13249768e-06
-10,21,788.0,0.0,1.7477262299999999e-06
-10,21,789.0,0.0,4.17032372e-06
-10,21,790.0,0.0,8.9102881e-06
-10,21,791.0,0.0,9.55718942e-06
-10,21,792.0,0.0,0.0
-10,21,793.0,0.0,8.206727909999999e-06
-10,21,794.0,0.0,9.18130856e-06
-10,21,795.0,0.0,8.48740526e-06
-10,21,796.0,0.0,6.10780902e-07
-10,21,797.0,0.0,2.03947697e-07
-10,21,798.0,0.0,5.00453461e-07
-10,21,799.0,0.0,2.7458977399999997e-06
-10,21,800.0,0.0,4.30481537e-07
-10,21,801.0,0.0,0.0
-10,21,802.0,0.0,0.0
-10,21,803.0,0.0,1.6862268100000001e-06
-10,21,804.0,0.0,8.17808497e-07
-10,21,805.0,0.0,2.79319682e-06
-10,21,806.0,0.0,2.2469684500000004e-06
-10,21,807.0,0.0,1.3707582800000001e-06
-10,21,808.0,0.0,1.1847714200000002e-06
-10,21,809.0,0.0,5.48045291e-06
-10,21,810.0,0.0,3.26744484e-07
-10,21,811.0,0.0,3.00660636e-06
-10,21,812.0,0.0,7.19942758e-06
-10,21,813.0,0.0,1.91472482e-06
-10,21,814.0,0.0,4.2865146e-06
-10,21,815.0,0.0,1.32573559e-06
-10,21,816.0,0.0,1.05881749e-06
-10,21,817.0,0.0,4.59047151e-07
-10,21,818.0,0.0,4.0835791200000003e-07
-10,21,819.0,0.0,1.26418658e-06
-10,21,820.0,0.0,1.63576391e-06
-10,21,821.0,0.0,2.96146935e-06
-10,21,822.0,0.0,1.85862777e-06
-10,21,823.0,0.0,0.0
-10,21,824.0,0.0,1.20780123e-05
-10,21,825.0,0.0,1.8442954800000002e-07
-10,21,826.0,0.0,1.47859601e-06
-10,21,827.0,0.0,1.3093563e-06
-10,21,828.0,0.0,1.1921880100000001e-06
-10,21,829.0,0.0,0.0
-10,21,830.0,0.0,1.24421751e-06
-10,42,360.0,0.0,1.59729528e-06
-10,42,361.0,0.0,2.66145705e-06
-10,42,362.0,0.0,3.8359354899999997e-07
-10,42,363.0,0.0,9.29667323e-07
-10,42,364.0,0.0,5.00758702e-07
-10,42,365.0,0.0,8.54983227e-07
-10,42,366.0,0.0,1.0216027700000002e-06
-10,42,367.0,0.0,2.01534815e-07
-10,42,368.0,0.0,5.79067564e-08
-10,42,369.0,0.0,5.7766441e-07
-10,42,370.0,0.0,9.509663210000001e-07
-10,42,371.0,0.0,3.21649457e-06
-10,42,372.0,0.0,9.18958336e-07
-10,42,373.0,0.0,6.94481423e-07
-10,42,374.0,0.0,1.4091390199999999e-06
-10,42,375.0,0.0,2.021119e-07
-10,42,376.0,0.0,6.53898751e-08
-10,42,377.0,0.0,1.88731146e-06
-10,42,378.0,0.0,1.7856326899999999e-06
-10,42,379.0,0.0,3.26767185e-07
-10,42,380.0,0.0,1.2563149199999999e-06
-10,42,381.0,0.0,1.13028265e-06
-10,42,382.0,0.0,1.2454715e-07
-10,42,383.0,0.0,6.46563189e-07
-10,42,384.0,0.0,2.1570891799999998e-07
-10,42,385.0,0.0,2.5432875799999997e-06
-10,42,386.0,0.0,4.48228529e-07
-10,42,387.0,0.0,3.16561502e-06
-10,42,388.0,0.0,2.0943998800000002e-06
-10,42,389.0,0.0,6.185444069999999e-07
-10,42,390.0,0.0,1.79855491e-06
-10,42,391.0,0.0,2.53126654e-06
-10,42,392.0,0.0,1.2227461000000001e-06
-10,42,393.0,0.0,0.0
-10,42,394.0,0.0,6.12087955e-07
-10,42,395.0,0.0,2.8440002400000002e-06
-10,42,396.0,0.0,1.8475648200000002e-06
-10,42,397.0,0.0,4.20555036e-07
-10,42,398.0,0.0,1.58582022e-06
-10,42,399.0,0.0,2.0508843e-06
-10,42,400.0,0.0,5.80761582e-07
-10,42,401.0,0.0,4.80872113e-06
-10,42,402.0,0.0,6.22223481e-07
-10,42,403.0,0.0,1.6401906e-06
-10,42,404.0,0.0,1.0677599299999999e-06
-10,42,405.0,0.0,6.80466357e-07
-10,42,406.0,0.0,3.23645025e-06
-10,42,407.0,0.0,8.731974519999999e-07
-10,42,408.0,0.0,3.57940677e-06
-10,42,409.0,0.0,1.42552936e-06
-10,42,410.0,0.0,4.4926739100000004e-08
-10,42,411.0,0.0,5.35631133e-06
-10,42,412.0,0.0,1.05416949e-06
-10,42,413.0,0.0,3.66519392e-06
-10,42,414.0,0.0,4.31953988e-07
-10,42,415.0,0.0,1.61199085e-06
-10,42,416.0,0.0,1.11410453e-06
-10,42,417.0,0.0,2.26746849e-06
-10,42,418.0,0.0,8.277116580000001e-07
-10,42,419.0,0.0,1.72512315e-06
-10,42,420.0,0.0,1.51914509e-06
-10,42,421.0,0.0,2.29199114e-06
-10,42,422.0,0.0,6.150768600000001e-07
-10,42,423.0,0.0,1.780472e-06
-10,42,424.0,0.0,1.39191851e-06
-10,42,425.0,0.0,1.66136841e-06
-10,42,426.0,0.0,2.23322213e-06
-10,42,427.0,0.0,5.354743920000001e-07
-10,42,428.0,0.0,6.80487021e-07
-10,42,429.0,0.0,1.14687392e-06
-10,42,430.0,0.0,1.2068636e-07
-10,42,431.0,0.0,1.7637794400000001e-06
-10,42,432.0,0.0,1.3473361e-06
-10,42,433.0,0.0,9.626855610000001e-07
-10,42,434.0,0.0,1.33465498e-06
-10,42,435.0,0.0,1.31676754e-06
-10,42,436.0,0.0,9.81971738e-07
-10,42,437.0,0.0,3.62832821e-06
-10,42,438.0,0.0,1.2939072900000002e-06
-10,42,439.0,0.0,6.79584686e-07
-10,42,440.0,0.0,1.4174402499999999e-06
-10,42,441.0,0.0,1.1180477399999999e-06
-10,42,442.0,0.0,2.8380185800000002e-06
-10,42,443.0,0.0,4.55781817e-06
-10,42,444.0,0.0,7.349061779999999e-07
-10,42,445.0,0.0,1.74260652e-06
-10,42,446.0,0.0,1.41491496e-06
-10,42,447.0,0.0,2.4518598800000003e-06
-10,42,448.0,0.0,1.3911940600000002e-06
-10,42,449.0,0.0,2.74751172e-06
-10,42,450.0,0.0,5.81337791e-06
-10,42,451.0,0.0,4.08691913e-06
-10,42,452.0,0.0,2.61789281e-06
-10,42,453.0,0.0,3.87729635e-06
-10,42,454.0,0.0,2.249107e-06
-10,42,455.0,0.0,6.22023176e-06
-10,42,456.0,0.0,1.39330968e-06
-10,42,457.0,0.0,2.4048101600000003e-06
-10,42,458.0,0.0,7.335288100000001e-07
-10,42,459.0,0.0,2.04721931e-06
-10,42,460.0,0.0,2.44956068e-06
-10,42,461.0,0.0,2.0816479799999997e-06
-10,42,462.0,0.0,2.77986843e-06
-10,42,463.0,0.0,8.60287691e-07
-10,42,464.0,0.0,5.282737550000001e-07
-10,42,465.0,0.0,4.09108307e-06
-10,42,466.0,0.0,2.70836917e-06
-10,42,467.0,0.0,2.53714318e-06
-10,42,468.0,0.0,2.54507177e-06
-10,42,469.0,0.0,2.61231721e-06
-10,42,470.0,0.0,1.3223578e-06
-10,42,471.0,0.0,1.41521252e-06
-10,42,472.0,0.0,1.7390804099999999e-06
-10,42,473.0,0.0,5.06779179e-07
-10,42,474.0,0.0,5.82859328e-07
-10,42,475.0,0.0,3.1760507299999998e-06
-10,42,476.0,0.0,1.73207652e-06
-10,42,477.0,0.0,3.57197621e-06
-10,42,478.0,0.0,4.1970876e-06
-10,42,479.0,0.0,1.74467883e-06
-10,42,480.0,0.0,8.9979684e-07
-10,42,481.0,0.0,3.45175434e-06
-10,42,482.0,0.0,1.1464915e-06
-10,42,483.0,0.0,1.7943593e-06
-10,42,484.0,0.0,2.4669186700000002e-06
-10,42,485.0,0.0,2.5767157800000003e-06
-10,42,486.0,0.0,2.2511093400000004e-06
-10,42,487.0,0.0,1.78907427e-06
-10,42,488.0,0.0,8.29061435e-07
-10,42,489.0,0.0,1.25508616e-06
-10,42,490.0,0.0,1.77501654e-06
-10,42,491.0,0.0,3.24902427e-06
-10,42,492.0,0.0,1.4863339e-06
-10,42,493.0,0.0,2.00018752e-06
-10,42,494.0,0.0,2.91810394e-06
-10,42,495.0,0.0,7.61171686e-07
-10,42,496.0,0.0,3.12087964e-06
-10,42,497.0,0.0,1.13007927e-06
-10,42,498.0,0.0,5.14822081e-06
-10,42,499.0,0.0,1.3482943199999998e-06
-10,42,500.0,0.0,1.48027786e-06
-10,42,501.0,0.0,1.2826412e-06
-10,42,502.0,0.0,1.5723420099999999e-06
-10,42,503.0,0.0,3.97233572e-06
-10,42,504.0,0.0,9.76082985e-07
-10,42,505.0,0.0,9.74840659e-07
-10,42,506.0,0.0,1.42492808e-06
-10,42,507.0,0.0,3.4172046e-06
-10,42,508.0,0.0,1.62524672e-06
-10,42,509.0,0.0,3.12339631e-06
-10,42,510.0,0.0,1.8429069300000001e-06
-10,42,511.0,0.0,1.0004416100000002e-06
-10,42,512.0,0.0,8.191809169999999e-07
-10,42,513.0,0.0,8.411845190000001e-07
-10,42,514.0,0.0,3.41268751e-07
-10,42,515.0,0.0,4.54267516e-07
-10,42,516.0,0.0,4.75191744e-06
-10,42,517.0,0.0,8.289492689999999e-07
-10,42,518.0,0.0,1.31995347e-06
-10,42,519.0,0.0,3.36850877e-06
-10,42,520.0,0.0,9.68035602e-07
-10,42,521.0,0.0,2.1713543700000004e-06
-10,42,522.0,0.0,2.05879565e-06
-10,42,523.0,0.0,9.864891180000001e-07
-10,42,524.0,0.0,9.08533169e-07
-10,42,525.0,0.0,4.7403830099999995e-06
-10,42,526.0,0.0,9.06912261e-07
-10,42,527.0,0.0,1.1831939900000002e-06
-10,42,528.0,0.0,6.377493259999999e-07
-10,42,529.0,0.0,7.94316002e-07
-10,42,530.0,0.0,7.709224589999999e-07
-10,42,531.0,0.0,6.348601540000001e-06
-10,42,532.0,0.0,2.1629617500000002e-06
-10,42,533.0,0.0,4.44418169e-07
-10,42,534.0,0.0,8.34385166e-07
-10,42,535.0,0.0,2.29289173e-06
-10,42,536.0,0.0,1.9467450900000002e-06
-10,42,537.0,0.0,9.35507822e-07
-10,42,538.0,0.0,5.614188849999999e-07
-10,42,539.0,0.0,1.5236325599999999e-06
-10,42,540.0,0.0,9.61428159e-07
-10,42,541.0,0.0,3.63774481e-07
-10,42,542.0,0.0,3.8306159e-07
-10,42,543.0,0.0,3.07966926e-07
-10,42,544.0,0.0,3.06697824e-07
-10,42,545.0,0.0,1.24277503e-07
-10,42,546.0,0.0,7.46366277e-07
-10,42,547.0,0.0,1.94264197e-07
-10,42,548.0,0.0,1.02177681e-06
-10,42,549.0,0.0,6.02658547e-07
-10,42,550.0,0.0,8.759920020000001e-07
-10,42,551.0,0.0,6.823429719999999e-07
-10,42,552.0,0.0,1.62701926e-06
-10,42,553.0,0.0,6.247416020000001e-07
-10,42,554.0,0.0,6.30701776e-07
-10,42,555.0,0.0,1.19437487e-06
-10,42,556.0,0.0,3.27659451e-07
-10,42,557.0,0.0,3.7553662e-07
-10,42,558.0,0.0,3.70433112e-06
-10,42,559.0,0.0,7.2407705e-07
-10,42,560.0,0.0,5.68605086e-07
-10,42,561.0,0.0,3.68776993e-07
-10,42,562.0,0.0,1.5505886400000002e-07
-10,42,563.0,0.0,3.20042309e-07
-10,42,564.0,0.0,1.30163843e-06
-10,42,565.0,0.0,1.65008614e-06
-10,42,566.0,0.0,1.40904871e-07
-10,42,567.0,0.0,4.03797079e-07
-10,42,568.0,0.0,9.68832232e-07
-10,42,569.0,0.0,6.63513376e-07
-10,42,570.0,0.0,1.0033492e-06
-10,42,571.0,0.0,1.32161149e-07
-10,42,572.0,0.0,4.890413840000001e-07
-10,42,573.0,0.0,1.70132238e-06
-10,42,574.0,0.0,3.24922032e-06
-10,42,575.0,0.0,3.58805736e-06
-10,42,576.0,0.0,3.4854871e-08
-10,42,577.0,0.0,6.12295291e-07
-10,42,578.0,0.0,6.72780094e-07
-10,42,579.0,0.0,1.9408221099999998e-07
-10,42,580.0,0.0,1.1298469e-06
-10,42,581.0,0.0,2.74963211e-07
-10,42,582.0,0.0,2.93948431e-06
-10,42,583.0,0.0,1.3650766e-07
-10,42,584.0,0.0,3.00678075e-07
-10,42,585.0,0.0,1.2855434299999998e-06
-10,42,586.0,0.0,2.24609321e-07
-10,42,587.0,0.0,8.30877631e-07
-10,42,588.0,0.0,1.21628822e-07
-10,42,589.0,0.0,6.07536291e-07
-10,42,590.0,0.0,3.15498124e-07
-10,42,591.0,0.0,1.3482274999999999e-06
-10,42,592.0,0.0,1.0532303700000002e-06
-10,42,593.0,0.0,9.77994758e-07
-10,42,594.0,0.0,1.59826397e-06
-10,42,595.0,0.0,1.92390638e-07
-10,42,596.0,0.0,1.18372578e-06
-10,42,597.0,0.0,1.3307693e-07
-10,42,598.0,0.0,2.0253616099999998e-07
-10,42,599.0,0.0,2.6126528999999997e-07
-10,42,600.0,0.0,8.31507059e-08
-10,42,601.0,0.0,1.98056514e-08
-10,42,602.0,0.0,1.35766098e-06
-10,42,603.0,0.0,7.44968944e-07
-10,42,604.0,0.0,1.90227071e-06
-10,42,605.0,0.0,4.20003256e-07
-10,42,606.0,0.0,4.00415109e-06
-10,42,607.0,0.0,1.65424135e-07
-10,42,608.0,0.0,5.58235508e-07
-10,42,609.0,0.0,2.3708215999999998e-07
-10,42,610.0,0.0,6.76366268e-07
-10,42,611.0,0.0,4.14899405e-08
-10,42,612.0,0.0,7.091939329999999e-07
-10,42,613.0,0.0,1.3556322100000002e-06
-10,42,614.0,0.0,5.736993629999999e-07
-10,42,615.0,0.0,1.5871257299999999e-07
-10,42,616.0,0.0,2.18368456e-07
-10,42,617.0,0.0,2.12034862e-06
-10,42,618.0,0.0,1.44305977e-06
-10,42,619.0,0.0,1.23112218e-06
-10,42,620.0,0.0,9.17756697e-07
-10,42,621.0,0.0,4.4731609500000003e-07
-10,42,622.0,0.0,5.13343315e-07
-10,42,623.0,0.0,1.18360424e-06
-10,42,624.0,0.0,6.64932944e-07
-10,42,625.0,0.0,6.29832037e-07
-10,42,626.0,0.0,1.05438252e-07
-10,42,627.0,0.0,1.05743436e-06
-10,42,628.0,0.0,1.8393145899999999e-06
-10,42,629.0,0.0,9.53083334e-07
-10,42,630.0,0.0,7.51423417e-07
-10,42,631.0,0.0,3.52086558e-07
-10,42,632.0,0.0,2.37357826e-06
-10,42,633.0,0.0,8.33192244e-08
-10,42,634.0,0.0,9.20992825e-08
-10,42,635.0,0.0,3.2494292800000003e-07
-10,42,636.0,0.0,1.81271438e-06
-10,42,637.0,0.0,1.92672608e-06
-10,42,638.0,0.0,6.228527050000001e-07
-10,42,639.0,0.0,1.3596392199999998e-06
-10,42,640.0,0.0,0.0
-10,42,641.0,0.0,1.14719174e-06
-10,42,642.0,0.0,7.08858902e-06
-10,42,643.0,0.0,1.66309963e-06
-10,42,644.0,0.0,4.84797172e-07
-10,42,645.0,0.0,5.02126641e-07
-10,42,646.0,0.0,1.06369087e-06
-10,42,647.0,0.0,2.92470469e-06
-10,42,648.0,0.0,2.24848394e-06
-10,42,649.0,0.0,3.73607478e-06
-10,42,650.0,0.0,1.15222286e-06
-10,42,651.0,0.0,7.208374449999999e-07
-10,42,652.0,0.0,5.77365805e-07
-10,42,653.0,0.0,1.80472771e-06
-10,42,654.0,0.0,5.14364801e-07
-10,42,655.0,0.0,4.4307741299999995e-07
-10,42,656.0,0.0,5.41030371e-07
-10,42,657.0,0.0,1.5549775e-06
-10,42,658.0,0.0,2.2794269e-06
-10,42,659.0,0.0,4.29273525e-07
-10,42,660.0,0.0,5.42162312e-06
-10,42,661.0,0.0,2.90065142e-06
-10,42,662.0,0.0,1.12373848e-06
-10,42,663.0,0.0,7.6267845e-07
-10,42,664.0,0.0,3.1473778699999997e-06
-10,42,665.0,0.0,1.25996507e-07
-10,42,666.0,0.0,2.14831019e-06
-10,42,667.0,0.0,1.0109992e-06
-10,42,668.0,0.0,1.84469752e-06
-10,42,669.0,0.0,1.10494869e-06
-10,42,670.0,0.0,4.36409609e-06
-10,42,671.0,0.0,2.34825304e-06
-10,42,672.0,0.0,5.42240799e-07
-10,42,673.0,0.0,1.5158370699999999e-07
-10,42,674.0,0.0,1.66835228e-06
-10,42,675.0,0.0,1.1324963999999998e-06
-10,42,676.0,0.0,3.7347054999999996e-06
-10,42,677.0,0.0,3.03024217e-06
-10,42,678.0,0.0,1.43920281e-06
-10,42,679.0,0.0,6.73975228e-08
-10,42,680.0,0.0,1.91092258e-06
-10,42,681.0,0.0,5.19511057e-07
-10,42,682.0,0.0,2.23162887e-06
-10,42,683.0,0.0,2.02542031e-06
-10,42,684.0,0.0,5.28154662e-07
-10,42,685.0,0.0,6.91059337e-07
-10,42,686.0,0.0,1.03447365e-06
-10,42,687.0,0.0,3.39180697e-07
-10,42,688.0,0.0,1.4659107e-06
-10,42,689.0,0.0,8.34651524e-07
-10,42,690.0,0.0,2.94904434e-06
-10,42,691.0,0.0,3.85339768e-06
-10,42,692.0,0.0,4.10780637e-06
-10,42,693.0,0.0,1.23215676e-06
-10,42,694.0,0.0,4.27505933e-06
-10,42,695.0,0.0,7.8811089e-07
-10,42,696.0,0.0,1.49607367e-06
-10,42,697.0,0.0,2.2002975499999997e-06
-10,42,698.0,0.0,1.0272660300000001e-06
-10,42,699.0,0.0,4.02119802e-06
-10,42,700.0,0.0,4.91893897e-06
-10,42,701.0,0.0,2.03939853e-06
-10,42,702.0,0.0,5.46267314e-07
-10,42,703.0,0.0,4.65844088e-07
-10,42,704.0,0.0,4.58629616e-06
-10,42,705.0,0.0,8.215086530000001e-06
-10,42,706.0,0.0,1.2977029e-06
-10,42,707.0,0.0,2.15978804e-06
-10,42,708.0,0.0,2.0757209900000002e-07
-10,42,709.0,0.0,5.41338464e-06
-10,42,710.0,0.0,7.200422699999999e-07
-10,42,711.0,0.0,9.731308670000001e-07
-10,42,712.0,0.0,2.1299147e-06
-10,42,713.0,0.0,1.4103147e-06
-10,42,714.0,0.0,7.093515010000001e-07
-10,42,715.0,0.0,2.2270721099999998e-07
-10,42,716.0,0.0,5.08995075e-06
-10,42,717.0,0.0,1.1016031500000002e-06
-10,42,718.0,0.0,6.402839789999999e-07
-10,42,719.0,0.0,6.76593045e-07
-10,42,720.0,0.0,1.25972932e-07
-10,42,721.0,0.0,1.4551086399999998e-06
-10,42,722.0,0.0,1.1189556700000001e-05
-10,42,723.0,0.0,2.13125109e-07
-10,42,724.0,0.0,2.46195938e-06
-10,42,725.0,0.0,5.21397858e-07
-10,42,726.0,0.0,2.32367776e-06
-10,42,727.0,0.0,2.3909900299999997e-06
-10,42,728.0,0.0,6.285362760000001e-07
-10,42,729.0,0.0,7.853315910000001e-07
-10,42,730.0,0.0,7.70754647e-07
-10,42,731.0,0.0,3.0264766e-06
-10,42,732.0,0.0,9.369809180000001e-06
-10,42,733.0,0.0,6.33051619e-07
-10,42,734.0,0.0,1.46044255e-06
-10,42,735.0,0.0,2.9686437899999997e-06
-10,42,736.0,0.0,9.74170282e-07
-10,42,737.0,0.0,1.6699889700000001e-06
-10,42,738.0,0.0,7.871706039999999e-07
-10,42,739.0,0.0,1.0414907e-06
-10,42,740.0,0.0,6.81033591e-06
-10,42,741.0,0.0,4.15461976e-06
-10,42,742.0,0.0,1.07785023e-06
-10,42,743.0,0.0,1.28174701e-06
-10,42,744.0,0.0,2.1343957599999997e-06
-10,42,745.0,0.0,8.40536412e-06
-10,42,746.0,0.0,3.94102838e-06
-10,42,747.0,0.0,4.89517255e-06
-10,42,748.0,0.0,7.63509423e-06
-10,42,749.0,0.0,4.45835199e-06
-10,42,750.0,0.0,7.235945089999999e-07
-10,42,751.0,0.0,8.868885339999999e-07
-10,42,752.0,0.0,5.35524567e-07
-10,42,753.0,0.0,2.6796432200000002e-06
-10,42,754.0,0.0,3.10135935e-06
-10,42,755.0,0.0,3.44419177e-06
-10,42,756.0,0.0,8.35728599e-07
-10,42,757.0,0.0,2.07178155e-06
-10,42,758.0,0.0,7.91309169e-07
-10,42,759.0,0.0,3.47665511e-07
-10,42,760.0,0.0,1.7041094000000002e-16
-10,42,761.0,0.0,6.94921383e-11
-10,42,762.0,0.0,1.5274406200000002e-07
-10,42,763.0,0.0,0.0
-10,42,764.0,0.0,1.76957852e-07
-10,42,765.0,0.0,2.33153332e-07
-10,42,766.0,0.0,6.35440578e-07
-10,42,767.0,0.0,8.66852133e-09
-10,42,768.0,0.0,4.2574276399999997e-07
-10,42,769.0,0.0,4.62404831e-07
-10,42,770.0,0.0,6.55943248e-06
-10,42,771.0,0.0,3.53124971e-06
-10,42,772.0,0.0,3.80368292e-07
-10,42,773.0,0.0,9.379120890000001e-07
-10,42,774.0,0.0,2.59700604e-06
-10,42,775.0,0.0,6.8400061e-07
-10,42,776.0,0.0,3.59497848e-07
-10,42,777.0,0.0,0.0
-10,42,778.0,0.0,0.0
-10,42,779.0,0.0,3.1840219200000002e-06
-10,42,780.0,0.0,9.95692913e-07
-10,42,781.0,0.0,1.06748019e-06
-10,42,782.0,0.0,6.232299350000001e-08
-10,42,783.0,0.0,1.28045375e-06
-10,42,784.0,0.0,2.5437584600000002e-08
-10,42,785.0,0.0,1.25037169e-06
-10,42,786.0,0.0,5.4016686e-06
-10,42,787.0,0.0,1.82219909e-06
-10,42,788.0,0.0,0.0
-10,42,789.0,0.0,2.80967145e-06
-10,42,790.0,0.0,8.558439440000001e-07
-10,42,791.0,0.0,1.1048662699999998e-06
-10,42,792.0,0.0,1.73956505e-06
-10,42,793.0,0.0,1.9505282399999997e-06
-10,42,794.0,0.0,1.78326201e-06
-10,42,795.0,0.0,1.77335064e-06
-10,42,796.0,0.0,2.68070213e-06
-10,42,797.0,0.0,1.23478519e-06
-10,42,798.0,0.0,4.10899054e-07
-10,42,799.0,0.0,8.524963629999999e-07
-10,42,800.0,0.0,9.274559099999999e-06
-10,42,801.0,0.0,1.74873148e-06
-10,42,802.0,0.0,9.54571529e-07
-10,42,803.0,0.0,2.22462649e-06
-10,42,804.0,0.0,1.5651892999999998e-07
-10,42,805.0,0.0,7.83636176e-07
-10,42,806.0,0.0,1.09873661e-07
-10,42,807.0,0.0,1.68565239e-07
-10,42,808.0,0.0,1.04113249e-05
-10,42,809.0,0.0,1.13751146e-06
-10,42,810.0,0.0,0.0
-10,42,811.0,0.0,7.445801019999999e-08
-10,42,812.0,0.0,1.7866480599999998e-07
-10,42,813.0,0.0,1.02885324e-06
-10,42,814.0,0.0,2.99026933e-06
-10,42,815.0,0.0,5.72024612e-07
-10,42,816.0,0.0,1.90916238e-07
-10,42,817.0,0.0,1.54423091e-45
-10,42,818.0,0.0,2.1653201000000003e-06
-10,42,819.0,0.0,4.16887673e-19
-10,42,820.0,0.0,1.58249808e-07
-10,42,821.0,0.0,4.01611702e-07
-10,42,822.0,0.0,4.8119053199999994e-06
-10,42,823.0,0.0,9.105260830000001e-07
-10,42,824.0,0.0,3.26335523e-06
-10,42,825.0,0.0,0.0
-10,42,826.0,0.0,4.46950179e-06
-10,42,827.0,0.0,2.63507362e-06
-10,42,828.0,0.0,1.02208789e-07
-10,42,829.0,0.0,0.0
-10,42,830.0,0.0,1.05853615e-07
-8,21,360.0,0.0,8.096278650000001e-06
-8,21,361.0,0.0,5.4401583e-06
-8,21,362.0,0.0,7.30849849e-06
-8,21,363.0,0.0,8.337211799999998e-06
-8,21,364.0,0.0,5.6532770399999994e-06
-8,21,365.0,0.0,3.3544050500000003e-06
-8,21,366.0,0.0,7.80829182e-06
-8,21,367.0,0.0,6.847819310000001e-06
-8,21,368.0,0.0,5.976488809999999e-06
-8,21,369.0,0.0,6.28387835e-06
-8,21,370.0,0.0,6.8404898e-06
-8,21,371.0,0.0,4.3457620800000005e-06
-8,21,372.0,0.0,4.87782853e-06
-8,21,373.0,0.0,6.79096021e-06
-8,21,374.0,0.0,3.06139211e-06
-8,21,375.0,0.0,6.7039975e-06
-8,21,376.0,0.0,7.87450466e-06
-8,21,377.0,0.0,5.70031069e-06
-8,21,378.0,0.0,1.61583945e-05
-8,21,379.0,0.0,7.79443374e-06
-8,21,380.0,0.0,5.53123653e-06
-8,21,381.0,0.0,8.4768869e-06
-8,21,382.0,0.0,3.70619935e-06
-8,21,383.0,0.0,4.08885675e-06
-8,21,384.0,0.0,1.8328553999999998e-06
-8,21,385.0,0.0,4.21211403e-06
-8,21,386.0,0.0,5.22942096e-06
-8,21,387.0,0.0,3.64891044e-06
-8,21,388.0,0.0,9.654948490000001e-06
-8,21,389.0,0.0,4.21198178e-06
-8,21,390.0,0.0,8.711267260000001e-06
-8,21,391.0,0.0,6.79775747e-06
-8,21,392.0,0.0,5.28017757e-06
-8,21,393.0,0.0,3.3916013799999998e-06
-8,21,394.0,0.0,3.6688155999999998e-06
-8,21,395.0,0.0,1.4101334800000001e-05
-8,21,396.0,0.0,3.92936449e-06
-8,21,397.0,0.0,8.966606110000001e-06
-8,21,398.0,0.0,7.75741693e-06
-8,21,399.0,0.0,1.75108127e-05
-8,21,400.0,0.0,9.89705604e-06
-8,21,401.0,0.0,8.6647328e-06
-8,21,402.0,0.0,1.104536e-05
-8,21,403.0,0.0,7.11293332e-06
-8,21,404.0,0.0,7.32700806e-06
-8,21,405.0,0.0,1.72005221e-05
-8,21,406.0,0.0,7.74324453e-06
-8,21,407.0,0.0,1.3617767e-05
-8,21,408.0,0.0,1.0247405600000001e-05
-8,21,409.0,0.0,1.91907063e-05
-8,21,410.0,0.0,1.00196144e-05
-8,21,411.0,0.0,1.45325428e-05
-8,21,412.0,0.0,1.47582451e-05
-8,21,413.0,0.0,1.3841230399999999e-05
-8,21,414.0,0.0,1.43903363e-05
-8,21,415.0,0.0,7.41542503e-06
-8,21,416.0,0.0,1.37602678e-05
-8,21,417.0,0.0,1.0286984000000001e-05
-8,21,418.0,0.0,1.50401443e-05
-8,21,419.0,0.0,6.47769915e-06
-8,21,420.0,0.0,6.81176782e-06
-8,21,421.0,0.0,1.1655530000000001e-05
-8,21,422.0,0.0,1.48258088e-05
-8,21,423.0,0.0,1.75859798e-05
-8,21,424.0,0.0,7.37945503e-06
-8,21,425.0,0.0,9.5978016e-06
-8,21,426.0,0.0,8.59931204e-06
-8,21,427.0,0.0,1.00014834e-05
-8,21,428.0,0.0,8.73114262e-06
-8,21,429.0,0.0,8.132160640000001e-06
-8,21,430.0,0.0,4.08891262e-06
-8,21,431.0,0.0,8.66676308e-06
-8,21,432.0,0.0,9.5018344e-06
-8,21,433.0,0.0,1.04721515e-05
-8,21,434.0,0.0,8.538827299999999e-06
-8,21,435.0,0.0,1.0267728e-05
-8,21,436.0,0.0,1.29753798e-05
-8,21,437.0,0.0,1.5003994999999999e-05
-8,21,438.0,0.0,1.45336185e-05
-8,21,439.0,0.0,1.38263796e-05
-8,21,440.0,0.0,1.27931247e-05
-8,21,441.0,0.0,8.54354911e-06
-8,21,442.0,0.0,1.20462729e-05
-8,21,443.0,0.0,1.78327002e-05
-8,21,444.0,0.0,2.10593287e-05
-8,21,445.0,0.0,1.2627895e-05
-8,21,446.0,0.0,1.87646206e-05
-8,21,447.0,0.0,1.32563896e-05
-8,21,448.0,0.0,1.02384211e-05
-8,21,449.0,0.0,7.75041338e-06
-8,21,450.0,0.0,9.2003867e-06
-8,21,451.0,0.0,1.3989245500000001e-05
-8,21,452.0,0.0,1.1576353600000001e-05
-8,21,453.0,0.0,1.07706655e-05
-8,21,454.0,0.0,9.765879249999999e-06
-8,21,455.0,0.0,1.46691008e-05
-8,21,456.0,0.0,2.26039849e-05
-8,21,457.0,0.0,1.2861643900000001e-05
-8,21,458.0,0.0,1.0063090400000001e-05
-8,21,459.0,0.0,1.0738644699999999e-05
-8,21,460.0,0.0,1.6533833e-05
-8,21,461.0,0.0,2.1298909599999998e-05
-8,21,462.0,0.0,1.38912667e-05
-8,21,463.0,0.0,1.13770673e-05
-8,21,464.0,0.0,1.05620753e-05
-8,21,465.0,0.0,1.6133444399999997e-05
-8,21,466.0,0.0,9.62880254e-06
-8,21,467.0,0.0,1.6465190800000002e-05
-8,21,468.0,0.0,1.88131109e-05
-8,21,469.0,0.0,1.2056075e-05
-8,21,470.0,0.0,1.9166121299999998e-05
-8,21,471.0,0.0,1.19999135e-05
-8,21,472.0,0.0,1.3975346499999999e-05
-8,21,473.0,0.0,1.23910001e-05
-8,21,474.0,0.0,1.3614215e-05
-8,21,475.0,0.0,1.93899069e-05
-8,21,476.0,0.0,2.02786662e-05
-8,21,477.0,0.0,1.33920116e-05
-8,21,478.0,0.0,1.13338726e-05
-8,21,479.0,0.0,9.664944369999999e-06
-8,21,480.0,0.0,1.0606749e-05
-8,21,481.0,0.0,1.15173813e-05
-8,21,482.0,0.0,1.10336123e-05
-8,21,483.0,0.0,1.22854942e-05
-8,21,484.0,0.0,1.10345744e-05
-8,21,485.0,0.0,2.09724493e-05
-8,21,486.0,0.0,6.5453439e-06
-8,21,487.0,0.0,1.79644264e-05
-8,21,488.0,0.0,1.29005089e-05
-8,21,489.0,0.0,9.54793114e-06
-8,21,490.0,0.0,1.44010279e-05
-8,21,491.0,0.0,1.15836589e-05
-8,21,492.0,0.0,1.55307679e-05
-8,21,493.0,0.0,7.56836776e-06
-8,21,494.0,0.0,1.89438742e-05
-8,21,495.0,0.0,1.10806227e-05
-8,21,496.0,0.0,9.02816188e-06
-8,21,497.0,0.0,1.79527178e-05
-8,21,498.0,0.0,1.1147408699999999e-05
-8,21,499.0,0.0,1.1743077100000001e-05
-8,21,500.0,0.0,1.5206767200000001e-05
-8,21,501.0,0.0,8.08144826e-06
-8,21,502.0,0.0,1.44895818e-05
-8,21,503.0,0.0,1.1847695300000001e-05
-8,21,504.0,0.0,1.0054936599999999e-05
-8,21,505.0,0.0,1.0224259499999999e-05
-8,21,506.0,0.0,1.51260365e-05
-8,21,507.0,0.0,1.02016609e-05
-8,21,508.0,0.0,1.1792452999999999e-05
-8,21,509.0,0.0,1.44475242e-05
-8,21,510.0,0.0,9.365436620000001e-06
-8,21,511.0,0.0,1.0630527500000001e-05
-8,21,512.0,0.0,7.65816588e-06
-8,21,513.0,0.0,8.61126836e-06
-8,21,514.0,0.0,9.77847632e-06
-8,21,515.0,0.0,1.26216104e-05
-8,21,516.0,0.0,7.96510186e-06
-8,21,517.0,0.0,1.0568507e-05
-8,21,518.0,0.0,1.22909611e-05
-8,21,519.0,0.0,7.65662408e-06
-8,21,520.0,0.0,1.71458386e-05
-8,21,521.0,0.0,8.62030312e-06
-8,21,522.0,0.0,8.61141644e-06
-8,21,523.0,0.0,8.469186720000001e-06
-8,21,524.0,0.0,8.86251777e-06
-8,21,525.0,0.0,1.17779719e-05
-8,21,526.0,0.0,8.3036311e-06
-8,21,527.0,0.0,4.93772794e-06
-8,21,528.0,0.0,8.52661207e-06
-8,21,529.0,0.0,9.662730620000001e-06
-8,21,530.0,0.0,1.1119296799999999e-05
-8,21,531.0,0.0,5.47935348e-06
-8,21,532.0,0.0,5.24076214e-06
-8,21,533.0,0.0,6.6901925e-06
-8,21,534.0,0.0,1.20229991e-05
-8,21,535.0,0.0,1.22041516e-05
-8,21,536.0,0.0,8.986106140000001e-06
-8,21,537.0,0.0,8.38754606e-06
-8,21,538.0,0.0,8.90738238e-06
-8,21,539.0,0.0,1.09817553e-05
-8,21,540.0,0.0,7.0070638300000005e-06
-8,21,541.0,0.0,8.95848777e-06
-8,21,542.0,0.0,6.89931307e-06
-8,21,543.0,0.0,1.09948646e-05
-8,21,544.0,0.0,6.07042108e-06
-8,21,545.0,0.0,7.07005756e-06
-8,21,546.0,0.0,4.13523987e-06
-8,21,547.0,0.0,7.47076189e-06
-8,21,548.0,0.0,6.699562539999999e-06
-8,21,549.0,0.0,6.71340572e-06
-8,21,550.0,0.0,1.04836412e-05
-8,21,551.0,0.0,8.37146956e-06
-8,21,552.0,0.0,7.82688707e-06
-8,21,553.0,0.0,6.24646852e-06
-8,21,554.0,0.0,1.0555406099999999e-05
-8,21,555.0,0.0,6.22047577e-06
-8,21,556.0,0.0,1.2001737e-05
-8,21,557.0,0.0,1.12083983e-05
-8,21,558.0,0.0,1.02535682e-05
-8,21,559.0,0.0,8.64836015e-06
-8,21,560.0,0.0,1.1210551500000001e-05
-8,21,561.0,0.0,8.85515846e-06
-8,21,562.0,0.0,7.48137617e-06
-8,21,563.0,0.0,3.76176299e-06
-8,21,564.0,0.0,1.0007211e-05
-8,21,565.0,0.0,5.32594556e-06
-8,21,566.0,0.0,2.76925392e-06
-8,21,567.0,0.0,6.2331236000000006e-06
-8,21,568.0,0.0,4.216839089999999e-06
-8,21,569.0,0.0,3.20114824e-06
-8,21,570.0,0.0,5.41262701e-06
-8,21,571.0,0.0,6.2126317100000005e-06
-8,21,572.0,0.0,3.27372272e-06
-8,21,573.0,0.0,2.14372249e-06
-8,21,574.0,0.0,3.89790535e-06
-8,21,575.0,0.0,3.1023831099999997e-06
-8,21,576.0,0.0,2.4117592299999996e-06
-8,21,577.0,0.0,7.93321151e-06
-8,21,578.0,0.0,3.88657372e-06
-8,21,579.0,0.0,2.93669524e-06
-8,21,580.0,0.0,9.28828306e-06
-8,21,581.0,0.0,3.63152265e-06
-8,21,582.0,0.0,2.9389048e-06
-8,21,583.0,0.0,5.39823994e-06
-8,21,584.0,0.0,3.6430601e-06
-8,21,585.0,0.0,4.41963039e-06
-8,21,586.0,0.0,1.95175852e-06
-8,21,587.0,0.0,1.2306068999999999e-05
-8,21,588.0,0.0,7.06619723e-06
-8,21,589.0,0.0,3.85437673e-06
-8,21,590.0,0.0,6.64657261e-06
-8,21,591.0,0.0,3.2910106200000003e-06
-8,21,592.0,0.0,4.78464272e-06
-8,21,593.0,0.0,6.49791304e-06
-8,21,594.0,0.0,7.02834921e-06
-8,21,595.0,0.0,4.70053079e-06
-8,21,596.0,0.0,2.14324612e-06
-8,21,597.0,0.0,3.23704933e-06
-8,21,598.0,0.0,5.12130326e-06
-8,21,599.0,0.0,4.59032878e-06
-8,21,600.0,0.0,1.0942755300000001e-05
-8,21,601.0,0.0,8.04995652e-06
-8,21,602.0,0.0,7.74125848e-06
-8,21,603.0,0.0,2.76714959e-06
-8,21,604.0,0.0,5.413694309999999e-06
-8,21,605.0,0.0,4.36267676e-06
-8,21,606.0,0.0,6.01934083e-06
-8,21,607.0,0.0,7.59016676e-06
-8,21,608.0,0.0,5.59038622e-06
-8,21,609.0,0.0,9.90268309e-06
-8,21,610.0,0.0,4.6715987800000005e-06
-8,21,611.0,0.0,6.6584944699999995e-06
-8,21,612.0,0.0,5.19126467e-06
-8,21,613.0,0.0,1.8988127099999999e-06
-8,21,614.0,0.0,4.77798376e-06
-8,21,615.0,0.0,4.654588179999999e-06
-8,21,616.0,0.0,3.6057610999999998e-06
-8,21,617.0,0.0,5.95789682e-06
-8,21,618.0,0.0,5.05517051e-06
-8,21,619.0,0.0,7.11669819e-06
-8,21,620.0,0.0,4.5640645500000004e-06
-8,21,621.0,0.0,3.71126854e-06
-8,21,622.0,0.0,3.68840457e-06
-8,21,623.0,0.0,3.1821134e-06
-8,21,624.0,0.0,7.99365062e-06
-8,21,625.0,0.0,3.3301024200000004e-06
-8,21,626.0,0.0,3.83939547e-06
-8,21,627.0,0.0,5.27410163e-06
-8,21,628.0,0.0,3.50478967e-06
-8,21,629.0,0.0,3.91217414e-06
-8,21,630.0,0.0,1.17734745e-05
-8,21,631.0,0.0,7.083253e-06
-8,21,632.0,0.0,1.36641739e-05
-8,21,633.0,0.0,4.4684764e-06
-8,21,634.0,0.0,8.01870879e-06
-8,21,635.0,0.0,3.59499524e-06
-8,21,636.0,0.0,3.10062873e-06
-8,21,637.0,0.0,6.16376009e-06
-8,21,638.0,0.0,7.8709079e-06
-8,21,639.0,0.0,1.25916386e-05
-8,21,640.0,0.0,1.05625037e-05
-8,21,641.0,0.0,1.09107057e-05
-8,21,642.0,0.0,9.64935031e-06
-8,21,643.0,0.0,4.16012574e-06
-8,21,644.0,0.0,6.59358548e-06
-8,21,645.0,0.0,1.13468701e-05
-8,21,646.0,0.0,6.51972601e-06
-8,21,647.0,0.0,3.93720483e-06
-8,21,648.0,0.0,6.19961182e-06
-8,21,649.0,0.0,2.27032471e-05
-8,21,650.0,0.0,8.28590617e-06
-8,21,651.0,0.0,9.27291904e-06
-8,21,652.0,0.0,1.3268856299999999e-05
-8,21,653.0,0.0,1.4274613e-05
-8,21,654.0,0.0,2.21322142e-05
-8,21,655.0,0.0,1.2776732400000001e-05
-8,21,656.0,0.0,5.11183171e-06
-8,21,657.0,0.0,7.832344620000001e-06
-8,21,658.0,0.0,1.41689517e-05
-8,21,659.0,0.0,9.06586275e-06
-8,21,660.0,0.0,8.37960653e-06
-8,21,661.0,0.0,1.68817546e-05
-8,21,662.0,0.0,1.54614896e-05
-8,21,663.0,0.0,7.85781909e-06
-8,21,664.0,0.0,1.16404342e-05
-8,21,665.0,0.0,1.0955716500000001e-05
-8,21,666.0,0.0,7.889248430000001e-06
-8,21,667.0,0.0,6.805792920000001e-06
-8,21,668.0,0.0,8.862315679999999e-06
-8,21,669.0,0.0,7.18747033e-06
-8,21,670.0,0.0,7.96642434e-06
-8,21,671.0,0.0,7.33548775e-06
-8,21,672.0,0.0,1.03606731e-05
-8,21,673.0,0.0,1.55523885e-05
-8,21,674.0,0.0,1.50578497e-05
-8,21,675.0,0.0,8.86474364e-06
-8,21,676.0,0.0,1.44811748e-05
-8,21,677.0,0.0,5.48470113e-06
-8,21,678.0,0.0,1.37974247e-05
-8,21,679.0,0.0,8.59174784e-06
-8,21,680.0,0.0,1.83500946e-05
-8,21,681.0,0.0,1.02621345e-05
-8,21,682.0,0.0,7.9423748e-06
-8,21,683.0,0.0,6.01870939e-06
-8,21,684.0,0.0,1.1062244000000001e-05
-8,21,685.0,0.0,1.34500004e-05
-8,21,686.0,0.0,1.83625128e-05
-8,21,687.0,0.0,9.62433312e-06
-8,21,688.0,0.0,2.82821781e-06
-8,21,689.0,0.0,5.62359253e-06
-8,21,690.0,0.0,7.711838e-06
-8,21,691.0,0.0,2.25294605e-05
-8,21,692.0,0.0,7.50219729e-06
-8,21,693.0,0.0,8.05078913e-06
-8,21,694.0,0.0,8.6035952e-06
-8,21,695.0,0.0,6.8977084e-06
-8,21,696.0,0.0,2.1463768599999998e-05
-8,21,697.0,0.0,2.60066818e-05
-8,21,698.0,0.0,1.2183726799999999e-05
-8,21,699.0,0.0,6.37812167e-06
-8,21,700.0,0.0,1.4191715000000001e-05
-8,21,701.0,0.0,1.8470948599999997e-05
-8,21,702.0,0.0,6.25234982e-06
-8,21,703.0,0.0,1.9716583199999997e-05
-8,21,704.0,0.0,1.2228361300000001e-05
-8,21,705.0,0.0,1.5184646499999999e-05
-8,21,706.0,0.0,8.178941909999999e-06
-8,21,707.0,0.0,7.10970024e-06
-8,21,708.0,0.0,1.44018065e-05
-8,21,709.0,0.0,1.015017e-05
-8,21,710.0,0.0,7.91639369e-06
-8,21,711.0,0.0,8.77544284e-06
-8,21,712.0,0.0,1.72353406e-05
-8,21,713.0,0.0,1.5082065e-05
-8,21,714.0,0.0,1.6857698599999997e-05
-8,21,715.0,0.0,1.1318611900000002e-05
-8,21,716.0,0.0,1.42297009e-05
-8,21,717.0,0.0,3.58981872e-06
-8,21,718.0,0.0,6.36963546e-06
-8,21,719.0,0.0,9.51179117e-06
-8,21,720.0,0.0,9.06397123e-06
-8,21,721.0,0.0,1.11874677e-05
-8,21,722.0,0.0,6.5303738200000005e-06
-8,21,723.0,0.0,1.11091556e-05
-8,21,724.0,0.0,6.3493037600000004e-06
-8,21,725.0,0.0,1.48920324e-05
-8,21,726.0,0.0,7.531941399999999e-06
-8,21,727.0,0.0,5.07661514e-06
-8,21,728.0,0.0,1.5128742000000001e-05
-8,21,729.0,0.0,6.01322344e-06
-8,21,730.0,0.0,8.77764914e-06
-8,21,731.0,0.0,1.03377998e-05
-8,21,732.0,0.0,6.80108136e-06
-8,21,733.0,0.0,8.342346179999999e-06
-8,21,734.0,0.0,1.58785097e-05
-8,21,735.0,0.0,4.0565715199999994e-06
-8,21,736.0,0.0,4.68983781e-06
-8,21,737.0,0.0,1.3592747e-05
-8,21,738.0,0.0,1.10250022e-05
-8,21,739.0,0.0,1.30424956e-05
-8,21,740.0,0.0,1.0567213400000001e-05
-8,21,741.0,0.0,7.18487985e-06
-8,21,742.0,0.0,8.21516756e-06
-8,21,743.0,0.0,1.08465254e-05
-8,21,744.0,0.0,8.49567167e-06
-8,21,745.0,0.0,1.6711721200000002e-05
-8,21,746.0,0.0,1.15512423e-05
-8,21,747.0,0.0,2.41452456e-05
-8,21,748.0,0.0,1.1936554699999999e-05
-8,21,749.0,0.0,9.378945450000001e-06
-8,21,750.0,0.0,2.31266543e-05
-8,21,751.0,0.0,1.2038481400000001e-05
-8,21,752.0,0.0,1.2315074e-05
-8,21,753.0,0.0,1.35946348e-05
-8,21,754.0,0.0,8.147282529999999e-06
-8,21,755.0,0.0,2.19036862e-05
-8,21,756.0,0.0,1.0532419200000001e-05
-8,21,757.0,0.0,1.47247082e-05
-8,21,758.0,0.0,1.2802924999999999e-05
-8,21,759.0,0.0,1.03363963e-05
-8,21,760.0,0.0,5.54241342e-08
-8,21,761.0,0.0,1.23919512e-07
-8,21,762.0,0.0,1.6776986900000002e-06
-8,21,763.0,0.0,6.69746252e-07
-8,21,764.0,0.0,6.82043191e-06
-8,21,765.0,0.0,1.5829071599999998e-06
-8,21,766.0,0.0,1.03667891e-05
-8,21,767.0,0.0,1.12269493e-05
-8,21,768.0,0.0,1.59111787e-05
-8,21,769.0,0.0,9.715216230000001e-06
-8,21,770.0,0.0,1.1496243999999999e-05
-8,21,771.0,0.0,1.54176252e-05
-8,21,772.0,0.0,1.39671862e-05
-8,21,773.0,0.0,1.14528015e-05
-8,21,774.0,0.0,1.26335761e-05
-8,21,775.0,0.0,1.73657797e-05
-8,21,776.0,0.0,2.83894036e-05
-8,21,777.0,0.0,1.5758628000000002e-05
-8,21,778.0,0.0,5.47512108e-06
-8,21,779.0,0.0,8.23350903e-06
-8,21,780.0,0.0,1.49237122e-05
-8,21,781.0,0.0,1.00654187e-05
-8,21,782.0,0.0,9.04530566e-06
-8,21,783.0,0.0,3.5685028899999996e-05
-8,21,784.0,0.0,8.246365e-06
-8,21,785.0,0.0,2.55558938e-05
-8,21,786.0,0.0,8.20543524e-06
-8,21,787.0,0.0,1.19326785e-05
-8,21,788.0,0.0,1.1125941800000001e-05
-8,21,789.0,0.0,8.65253992e-06
-8,21,790.0,0.0,1.62997767e-05
-8,21,791.0,0.0,1.2275197499999999e-05
-8,21,792.0,0.0,2.7829825900000002e-05
-8,21,793.0,0.0,1.85813215e-05
-8,21,794.0,0.0,1.16035305e-05
-8,21,795.0,0.0,1.2163277700000001e-05
-8,21,796.0,0.0,5.86896716e-06
-8,21,797.0,0.0,1.3158937000000002e-05
-8,21,798.0,0.0,1.05276946e-05
-8,21,799.0,0.0,4.89517767e-06
-8,21,800.0,0.0,1.1072081500000001e-05
-8,21,801.0,0.0,1.00471266e-05
-8,21,802.0,0.0,1.40579902e-05
-8,21,803.0,0.0,1.4255777e-05
-8,21,804.0,0.0,7.50418147e-06
-8,21,805.0,0.0,4.94702579e-06
-8,21,806.0,0.0,2.10271329e-05
-8,21,807.0,0.0,7.80890789e-06
-8,21,808.0,0.0,1.68562513e-05
-8,21,809.0,0.0,6.06076885e-06
-8,21,810.0,0.0,1.28645496e-05
-8,21,811.0,0.0,7.40914885e-06
-8,21,812.0,0.0,3.67163774e-06
-8,21,813.0,0.0,7.17610726e-06
-8,21,814.0,0.0,3.56377568e-06
-8,21,815.0,0.0,8.16114619e-06
-8,21,816.0,0.0,1.12908119e-05
-8,21,817.0,0.0,6.68836525e-06
-8,21,818.0,0.0,5.9649357599999995e-06
-8,21,819.0,0.0,6.27894793e-06
-8,21,820.0,0.0,5.87346917e-06
-8,21,821.0,0.0,5.31765679e-06
-8,21,822.0,0.0,3.70613858e-06
-8,21,823.0,0.0,7.34715164e-06
-8,21,824.0,0.0,5.883405920000001e-06
-8,21,825.0,0.0,9.392493400000001e-06
-8,21,826.0,0.0,6.21708576e-06
-8,21,827.0,0.0,1.50082633e-05
-8,21,828.0,0.0,1.3555415e-05
-8,21,829.0,0.0,8.35582707e-06
-8,21,830.0,0.0,9.60967224e-06
-8,42,360.0,0.0,8.033275600000001e-06
-8,42,361.0,0.0,7.12648593e-06
-8,42,362.0,0.0,7.444359359999999e-06
-8,42,363.0,0.0,2.92721437e-06
-8,42,364.0,0.0,6.81966823e-06
-8,42,365.0,0.0,6.8576428999999995e-06
-8,42,366.0,0.0,5.75000001e-06
-8,42,367.0,0.0,3.96416057e-06
-8,42,368.0,0.0,1.16839055e-05
-8,42,369.0,0.0,5.83626982e-06
-8,42,370.0,0.0,5.61175402e-06
-8,42,371.0,0.0,4.464803730000001e-06
-8,42,372.0,0.0,4.7670551600000005e-06
-8,42,373.0,0.0,4.90756566e-06
-8,42,374.0,0.0,5.18698106e-06
-8,42,375.0,0.0,5.7553635e-06
-8,42,376.0,0.0,6.159783809999999e-06
-8,42,377.0,0.0,1.0153312200000001e-05
-8,42,378.0,0.0,7.74883525e-06
-8,42,379.0,0.0,6.4355470199999995e-06
-8,42,380.0,0.0,9.926646020000001e-06
-8,42,381.0,0.0,5.2380482700000005e-06
-8,42,382.0,0.0,3.3667830299999997e-06
-8,42,383.0,0.0,6.02176366e-06
-8,42,384.0,0.0,8.51868361e-07
-8,42,385.0,0.0,4.338796720000001e-06
-8,42,386.0,0.0,2.18752492e-06
-8,42,387.0,0.0,5.157606210000001e-06
-8,42,388.0,0.0,1.0015764300000001e-05
-8,42,389.0,0.0,6.18242007e-06
-8,42,390.0,0.0,7.841014300000001e-06
-8,42,391.0,0.0,6.15831139e-06
-8,42,392.0,0.0,9.65895969e-06
-8,42,393.0,0.0,3.87312332e-06
-8,42,394.0,0.0,2.34957738e-06
-8,42,395.0,0.0,4.28989902e-06
-8,42,396.0,0.0,8.411749269999999e-06
-8,42,397.0,0.0,1.23076467e-06
-8,42,398.0,0.0,9.23232082e-06
-8,42,399.0,0.0,1.00375628e-05
-8,42,400.0,0.0,9.241545570000001e-06
-8,42,401.0,0.0,9.22941789e-06
-8,42,402.0,0.0,1.00315819e-05
-8,42,403.0,0.0,1.05675422e-05
-8,42,404.0,0.0,8.86111427e-06
-8,42,405.0,0.0,9.62335709e-06
-8,42,406.0,0.0,1.1226582299999999e-05
-8,42,407.0,0.0,1.00547811e-05
-8,42,408.0,0.0,1.0250059e-05
-8,42,409.0,0.0,1.19129531e-05
-8,42,410.0,0.0,1.0594169599999999e-05
-8,42,411.0,0.0,1.21088978e-05
-8,42,412.0,0.0,1.06215253e-05
-8,42,413.0,0.0,1.04962001e-05
-8,42,414.0,0.0,8.19708686e-06
-8,42,415.0,0.0,1.36699844e-05
-8,42,416.0,0.0,1.53134111e-05
-8,42,417.0,0.0,1.37593094e-05
-8,42,418.0,0.0,8.669620379999999e-06
-8,42,419.0,0.0,8.40251427e-06
-8,42,420.0,0.0,9.93412267e-06
-8,42,421.0,0.0,8.632026609999999e-06
-8,42,422.0,0.0,1.1391742200000001e-05
-8,42,423.0,0.0,9.67499893e-06
-8,42,424.0,0.0,8.420922790000001e-06
-8,42,425.0,0.0,2.07572505e-05
-8,42,426.0,0.0,8.29172693e-06
-8,42,427.0,0.0,1.0562947e-05
-8,42,428.0,0.0,1.01405215e-05
-8,42,429.0,0.0,9.37110651e-06
-8,42,430.0,0.0,4.76871384e-06
-8,42,431.0,0.0,6.7045744500000004e-06
-8,42,432.0,0.0,8.296546530000001e-06
-8,42,433.0,0.0,1.31910639e-05
-8,42,434.0,0.0,4.39302158e-06
-8,42,435.0,0.0,4.85387305e-06
-8,42,436.0,0.0,9.508900339999999e-06
-8,42,437.0,0.0,1.1355022899999998e-05
-8,42,438.0,0.0,1.19990688e-05
-8,42,439.0,0.0,1.0952661699999999e-05
-8,42,440.0,0.0,1.22378906e-05
-8,42,441.0,0.0,1.01201786e-05
-8,42,442.0,0.0,1.58945229e-05
-8,42,443.0,0.0,1.92419924e-05
-8,42,444.0,0.0,9.483685719999999e-06
-8,42,445.0,0.0,1.3056742e-05
-8,42,446.0,0.0,1.3158943500000001e-05
-8,42,447.0,0.0,1.2338719300000001e-05
-8,42,448.0,0.0,1.8853867400000002e-05
-8,42,449.0,0.0,1.36651443e-05
-8,42,450.0,0.0,8.600829169999999e-06
-8,42,451.0,0.0,1.56481508e-05
-8,42,452.0,0.0,1.56121198e-05
-8,42,453.0,0.0,1.0963358e-05
-8,42,454.0,0.0,1.1372989999999999e-05
-8,42,455.0,0.0,1.1505965099999999e-05
-8,42,456.0,0.0,1.0893811499999999e-05
-8,42,457.0,0.0,1.46475555e-05
-8,42,458.0,0.0,1.14208004e-05
-8,42,459.0,0.0,2.22422387e-05
-8,42,460.0,0.0,1.47486022e-05
-8,42,461.0,0.0,2.55853813e-05
-8,42,462.0,0.0,1.1371727099999999e-05
-8,42,463.0,0.0,1.96590237e-05
-8,42,464.0,0.0,1.54159842e-05
-8,42,465.0,0.0,1.17278211e-05
-8,42,466.0,0.0,8.932508529999999e-06
-8,42,467.0,0.0,9.68925189e-06
-8,42,468.0,0.0,1.74962915e-05
-8,42,469.0,0.0,1.3867070000000001e-05
-8,42,470.0,0.0,1.11021036e-05
-8,42,471.0,0.0,1.52670136e-05
-8,42,472.0,0.0,1.9560638799999997e-05
-8,42,473.0,0.0,8.78328364e-06
-8,42,474.0,0.0,1.1856477699999999e-05
-8,42,475.0,0.0,1.8023960299999998e-05
-8,42,476.0,0.0,1.2908515500000001e-05
-8,42,477.0,0.0,1.08023053e-05
-8,42,478.0,0.0,1.36659769e-05
-8,42,479.0,0.0,1.39775006e-05
-8,42,480.0,0.0,2.15783939e-05
-8,42,481.0,0.0,1.3565183600000002e-05
-8,42,482.0,0.0,1.73343569e-05
-8,42,483.0,0.0,1.29388981e-05
-8,42,484.0,0.0,1.2346135499999999e-05
-8,42,485.0,0.0,8.78065918e-06
-8,42,486.0,0.0,1.06101222e-05
-8,42,487.0,0.0,1.4556827e-05
-8,42,488.0,0.0,1.0514565700000001e-05
-8,42,489.0,0.0,1.0802206599999999e-05
-8,42,490.0,0.0,5.97805064e-06
-8,42,491.0,0.0,1.76574569e-05
-8,42,492.0,0.0,1.6782589300000002e-05
-8,42,493.0,0.0,1.34365093e-05
-8,42,494.0,0.0,9.45570134e-06
-8,42,495.0,0.0,1.4645284e-05
-8,42,496.0,0.0,1.21261207e-05
-8,42,497.0,0.0,9.653384799999999e-06
-8,42,498.0,0.0,1.29707567e-05
-8,42,499.0,0.0,1.0866601e-05
-8,42,500.0,0.0,1.20172771e-05
-8,42,501.0,0.0,1.62494462e-05
-8,42,502.0,0.0,7.37222331e-06
-8,42,503.0,0.0,1.5771862099999998e-05
-8,42,504.0,0.0,1.0969189000000002e-05
-8,42,505.0,0.0,7.19616655e-06
-8,42,506.0,0.0,1.61786266e-05
-8,42,507.0,0.0,1.2120351200000001e-05
-8,42,508.0,0.0,1.08413734e-05
-8,42,509.0,0.0,6.91273343e-06
-8,42,510.0,0.0,1.29755596e-05
-8,42,511.0,0.0,1.00712981e-05
-8,42,512.0,0.0,1.1917292100000002e-05
-8,42,513.0,0.0,1.78196281e-05
-8,42,514.0,0.0,1.17807919e-05
-8,42,515.0,0.0,1.2103345200000001e-05
-8,42,516.0,0.0,1.38105871e-05
-8,42,517.0,0.0,5.7892561899999995e-06
-8,42,518.0,0.0,8.88258778e-06
-8,42,519.0,0.0,1.0558023099999999e-05
-8,42,520.0,0.0,1.39335031e-05
-8,42,521.0,0.0,1.23105282e-05
-8,42,522.0,0.0,1.25493873e-05
-8,42,523.0,0.0,9.166386909999998e-06
-8,42,524.0,0.0,1.32072354e-05
-8,42,525.0,0.0,1.20749446e-05
-8,42,526.0,0.0,1.0463003999999999e-05
-8,42,527.0,0.0,8.6288359e-06
-8,42,528.0,0.0,3.6268415899999996e-06
-8,42,529.0,0.0,7.4521480100000005e-06
-8,42,530.0,0.0,7.617141590000001e-06
-8,42,531.0,0.0,9.833442980000001e-06
-8,42,532.0,0.0,7.97273219e-06
-8,42,533.0,0.0,1.00698741e-05
-8,42,534.0,0.0,9.53022484e-06
-8,42,535.0,0.0,1.1074122999999999e-05
-8,42,536.0,0.0,6.12431346e-06
-8,42,537.0,0.0,7.56097678e-06
-8,42,538.0,0.0,1.17609724e-05
-8,42,539.0,0.0,9.387074969999999e-06
-8,42,540.0,0.0,1.28673166e-05
-8,42,541.0,0.0,9.08444263e-06
-8,42,542.0,0.0,4.9358443400000006e-06
-8,42,543.0,0.0,1.65119469e-05
-8,42,544.0,0.0,1.39536839e-05
-8,42,545.0,0.0,9.554937479999999e-06
-8,42,546.0,0.0,8.442465220000001e-06
-8,42,547.0,0.0,9.85135231e-06
-8,42,548.0,0.0,7.07179494e-06
-8,42,549.0,0.0,9.776349179999999e-06
-8,42,550.0,0.0,4.582162479999999e-06
-8,42,551.0,0.0,3.06816399e-06
-8,42,552.0,0.0,6.7857536500000005e-06
-8,42,553.0,0.0,9.49787535e-06
-8,42,554.0,0.0,2.8009316899999997e-06
-8,42,555.0,0.0,3.28209158e-06
-8,42,556.0,0.0,1.11718057e-05
-8,42,557.0,0.0,8.186098189999999e-06
-8,42,558.0,0.0,1.09151956e-05
-8,42,559.0,0.0,8.8366e-06
-8,42,560.0,0.0,6.68055378e-06
-8,42,561.0,0.0,3.21184658e-06
-8,42,562.0,0.0,4.38127713e-06
-8,42,563.0,0.0,9.59435664e-06
-8,42,564.0,0.0,4.21287678e-06
-8,42,565.0,0.0,7.12459069e-06
-8,42,566.0,0.0,7.34118791e-06
-8,42,567.0,0.0,5.89628983e-06
-8,42,568.0,0.0,5.42320451e-06
-8,42,569.0,0.0,4.67214128e-06
-8,42,570.0,0.0,6.886590270000001e-06
-8,42,571.0,0.0,4.37489292e-06
-8,42,572.0,0.0,3.37557378e-06
-8,42,573.0,0.0,3.0644198400000002e-06
-8,42,574.0,0.0,3.6126934e-06
-8,42,575.0,0.0,5.69845084e-06
-8,42,576.0,0.0,1.95376296e-06
-8,42,577.0,0.0,5.52330539e-06
-8,42,578.0,0.0,4.23820131e-06
-8,42,579.0,0.0,3.72436433e-06
-8,42,580.0,0.0,6.1308411e-06
-8,42,581.0,0.0,3.59878712e-06
-8,42,582.0,0.0,3.50208837e-06
-8,42,583.0,0.0,6.42215088e-06
-8,42,584.0,0.0,4.19385312e-06
-8,42,585.0,0.0,4.93168132e-06
-8,42,586.0,0.0,6.5277712399999994e-06
-8,42,587.0,0.0,4.8153149e-06
-8,42,588.0,0.0,4.81839059e-06
-8,42,589.0,0.0,5.75834699e-06
-8,42,590.0,0.0,3.4260451800000003e-06
-8,42,591.0,0.0,5.79527533e-06
-8,42,592.0,0.0,1.05591901e-05
-8,42,593.0,0.0,5.61669888e-06
-8,42,594.0,0.0,3.05954553e-06
-8,42,595.0,0.0,4.0188292e-06
-8,42,596.0,0.0,1.11212935e-05
-8,42,597.0,0.0,6.640526e-06
-8,42,598.0,0.0,4.83545568e-06
-8,42,599.0,0.0,4.01212415e-06
-8,42,600.0,0.0,8.87960754e-06
-8,42,601.0,0.0,3.7094173e-06
-8,42,602.0,0.0,3.98921827e-06
-8,42,603.0,0.0,3.72804957e-06
-8,42,604.0,0.0,4.6027009400000004e-06
-8,42,605.0,0.0,4.0705502e-06
-8,42,606.0,0.0,7.51784584e-06
-8,42,607.0,0.0,9.61405877e-06
-8,42,608.0,0.0,7.89497606e-06
-8,42,609.0,0.0,1.6151583999999999e-06
-8,42,610.0,0.0,4.158271940000001e-06
-8,42,611.0,0.0,4.04136116e-06
-8,42,612.0,0.0,3.69452918e-06
-8,42,613.0,0.0,4.482002930000001e-06
-8,42,614.0,0.0,1.17643168e-05
-8,42,615.0,0.0,2.9970798600000003e-06
-8,42,616.0,0.0,8.18928611e-06
-8,42,617.0,0.0,6.79818913e-06
-8,42,618.0,0.0,5.03979484e-06
-8,42,619.0,0.0,4.59417794e-06
-8,42,620.0,0.0,4.09284094e-06
-8,42,621.0,0.0,6.47191284e-06
-8,42,622.0,0.0,1.03496788e-05
-8,42,623.0,0.0,7.48271169e-06
-8,42,624.0,0.0,6.17062813e-06
-8,42,625.0,0.0,7.661360320000001e-06
-8,42,626.0,0.0,4.6714833e-06
-8,42,627.0,0.0,6.15201052e-06
-8,42,628.0,0.0,7.23737385e-06
-8,42,629.0,0.0,8.79326928e-06
-8,42,630.0,0.0,5.2995416299999994e-06
-8,42,631.0,0.0,1.00408951e-05
-8,42,632.0,0.0,2.85089482e-06
-8,42,633.0,0.0,8.44951812e-06
-8,42,634.0,0.0,5.24857873e-06
-8,42,635.0,0.0,8.99331085e-06
-8,42,636.0,0.0,6.5922625400000005e-06
-8,42,637.0,0.0,9.67780687e-06
-8,42,638.0,0.0,4.0358901e-06
-8,42,639.0,0.0,1.59308463e-05
-8,42,640.0,0.0,1.13440035e-05
-8,42,641.0,0.0,4.89070639e-06
-8,42,642.0,0.0,7.66759645e-06
-8,42,643.0,0.0,5.5396766400000005e-06
-8,42,644.0,0.0,6.20304374e-06
-8,42,645.0,0.0,6.0684867200000005e-06
-8,42,646.0,0.0,5.66836027e-06
-8,42,647.0,0.0,8.712650279999999e-06
-8,42,648.0,0.0,6.8540703499999995e-06
-8,42,649.0,0.0,1.02187339e-05
-8,42,650.0,0.0,9.28945374e-06
-8,42,651.0,0.0,1.08125443e-05
-8,42,652.0,0.0,6.72084093e-06
-8,42,653.0,0.0,5.265179089999999e-06
-8,42,654.0,0.0,1.28665864e-05
-8,42,655.0,0.0,1.23811709e-05
-8,42,656.0,0.0,8.14331789e-06
-8,42,657.0,0.0,9.0793008e-06
-8,42,658.0,0.0,6.61288016e-06
-8,42,659.0,0.0,1.0093268000000001e-05
-8,42,660.0,0.0,8.332140740000001e-06
-8,42,661.0,0.0,7.6975422e-06
-8,42,662.0,0.0,1.37780411e-05
-8,42,663.0,0.0,1.12086451e-05
-8,42,664.0,0.0,1.2371853e-05
-8,42,665.0,0.0,1.23151448e-05
-8,42,666.0,0.0,4.18665726e-06
-8,42,667.0,0.0,1.10214502e-05
-8,42,668.0,0.0,1.33450171e-05
-8,42,669.0,0.0,1.24161802e-05
-8,42,670.0,0.0,9.35315806e-06
-8,42,671.0,0.0,1.82682835e-05
-8,42,672.0,0.0,1.33008314e-05
-8,42,673.0,0.0,1.6737954699999997e-05
-8,42,674.0,0.0,7.08533172e-06
-8,42,675.0,0.0,1.56283379e-05
-8,42,676.0,0.0,1.05035426e-05
-8,42,677.0,0.0,1.00878952e-05
-8,42,678.0,0.0,8.79053678e-06
-8,42,679.0,0.0,1.05723534e-05
-8,42,680.0,0.0,1.03078224e-05
-8,42,681.0,0.0,1.8040522900000003e-05
-8,42,682.0,0.0,1.15986262e-05
-8,42,683.0,0.0,1.2000598e-05
-8,42,684.0,0.0,7.35909538e-06
-8,42,685.0,0.0,1.43469563e-05
-8,42,686.0,0.0,9.368346070000001e-06
-8,42,687.0,0.0,3.0359670100000002e-06
-8,42,688.0,0.0,4.79991967e-06
-8,42,689.0,0.0,9.15112533e-06
-8,42,690.0,0.0,9.09440685e-06
-8,42,691.0,0.0,1.0875805299999999e-05
-8,42,692.0,0.0,1.27022546e-05
-8,42,693.0,0.0,3.47203272e-06
-8,42,694.0,0.0,6.0736089899999995e-06
-8,42,695.0,0.0,6.5444787e-06
-8,42,696.0,0.0,9.8133795e-06
-8,42,697.0,0.0,5.04835276e-06
-8,42,698.0,0.0,1.4832735099999998e-05
-8,42,699.0,0.0,1.62298921e-05
-8,42,700.0,0.0,1.80217009e-05
-8,42,701.0,0.0,2.51149628e-05
-8,42,702.0,0.0,1.46606928e-05
-8,42,703.0,0.0,1.1778474800000001e-05
-8,42,704.0,0.0,9.81209241e-06
-8,42,705.0,0.0,9.36650485e-06
-8,42,706.0,0.0,8.69087037e-06
-8,42,707.0,0.0,6.4799529500000004e-06
-8,42,708.0,0.0,1.17526408e-05
-8,42,709.0,0.0,1.0067567200000001e-05
-8,42,710.0,0.0,6.03001472e-06
-8,42,711.0,0.0,1.3911618900000001e-05
-8,42,712.0,0.0,1.2370484899999999e-05
-8,42,713.0,0.0,1.3489242599999999e-05
-8,42,714.0,0.0,3.31451632e-05
-8,42,715.0,0.0,5.25522139e-06
-8,42,716.0,0.0,1.82565097e-05
-8,42,717.0,0.0,6.52313232e-06
-8,42,718.0,0.0,1.01629458e-05
-8,42,719.0,0.0,8.63038935e-06
-8,42,720.0,0.0,7.4645546300000005e-06
-8,42,721.0,0.0,1.57184862e-05
-8,42,722.0,0.0,1.0786195300000001e-05
-8,42,723.0,0.0,8.7087471e-06
-8,42,724.0,0.0,1.0570459100000001e-05
-8,42,725.0,0.0,1.14728464e-05
-8,42,726.0,0.0,8.89659114e-06
-8,42,727.0,0.0,4.88365861e-06
-8,42,728.0,0.0,4.18826938e-06
-8,42,729.0,0.0,9.63860657e-06
-8,42,730.0,0.0,9.60477907e-06
-8,42,731.0,0.0,8.14405642e-06
-8,42,732.0,0.0,7.83221703e-06
-8,42,733.0,0.0,1.86139643e-05
-8,42,734.0,0.0,2.3554891299999997e-05
-8,42,735.0,0.0,1.40273366e-05
-8,42,736.0,0.0,7.49219395e-06
-8,42,737.0,0.0,8.29094369e-06
-8,42,738.0,0.0,5.7274708500000006e-06
-8,42,739.0,0.0,1.1535896900000001e-05
-8,42,740.0,0.0,1.01526864e-05
-8,42,741.0,0.0,1.1899041000000001e-05
-8,42,742.0,0.0,1.2981575000000001e-05
-8,42,743.0,0.0,1.69597343e-05
-8,42,744.0,0.0,1.9343124699999998e-05
-8,42,745.0,0.0,2.32121758e-05
-8,42,746.0,0.0,6.76909834e-06
-8,42,747.0,0.0,1.29124736e-05
-8,42,748.0,0.0,1.8350495000000003e-05
-8,42,749.0,0.0,2.1560620499999998e-05
-8,42,750.0,0.0,1.1595980299999999e-05
-8,42,751.0,0.0,1.94010194e-05
-8,42,752.0,0.0,1.3473276e-05
-8,42,753.0,0.0,1.85560975e-05
-8,42,754.0,0.0,1.71664432e-05
-8,42,755.0,0.0,1.8213609200000002e-05
-8,42,756.0,0.0,9.12907068e-06
-8,42,757.0,0.0,2.14816239e-05
-8,42,758.0,0.0,1.31494598e-05
-8,42,759.0,0.0,6.72684703e-06
-8,42,760.0,0.0,2.84360198e-07
-8,42,761.0,0.0,1.33285372e-07
-8,42,762.0,0.0,3.71295703e-06
-8,42,763.0,0.0,1.13711889e-07
-8,42,764.0,0.0,8.59908061e-07
-8,42,765.0,0.0,1.1235728900000001e-05
-8,42,766.0,0.0,2.4921703200000004e-06
-8,42,767.0,0.0,1.22210588e-05
-8,42,768.0,0.0,3.08878645e-05
-8,42,769.0,0.0,9.554089050000001e-06
-8,42,770.0,0.0,7.08110351e-06
-8,42,771.0,0.0,1.17076635e-05
-8,42,772.0,0.0,6.9515281399999994e-06
-8,42,773.0,0.0,1.9440116399999997e-05
-8,42,774.0,0.0,2.05219425e-05
-8,42,775.0,0.0,8.59707501e-06
-8,42,776.0,0.0,1.78014897e-05
-8,42,777.0,0.0,1.60764866e-05
-8,42,778.0,0.0,7.44856708e-06
-8,42,779.0,0.0,1.17577352e-05
-8,42,780.0,0.0,1.0916739700000001e-05
-8,42,781.0,0.0,4.67976229e-06
-8,42,782.0,0.0,6.7266766e-06
-8,42,783.0,0.0,8.55874084e-06
-8,42,784.0,0.0,8.89826845e-06
-8,42,785.0,0.0,1.2025557500000001e-05
-8,42,786.0,0.0,1.43329175e-05
-8,42,787.0,0.0,1.7543871e-05
-8,42,788.0,0.0,1.2002884400000001e-05
-8,42,789.0,0.0,4.42846678e-06
-8,42,790.0,0.0,1.1559125999999999e-05
-8,42,791.0,0.0,4.640762229999999e-06
-8,42,792.0,0.0,9.308550509999999e-06
-8,42,793.0,0.0,1.0647492499999999e-05
-8,42,794.0,0.0,2.1827409e-05
-8,42,795.0,0.0,1.05581479e-05
-8,42,796.0,0.0,2.39395406e-05
-8,42,797.0,0.0,1.36409206e-05
-8,42,798.0,0.0,7.2745597e-06
-8,42,799.0,0.0,1.12286219e-05
-8,42,800.0,0.0,1.1626589999999999e-05
-8,42,801.0,0.0,6.71668071e-06
-8,42,802.0,0.0,4.0625799399999995e-06
-8,42,803.0,0.0,1.0177300300000001e-05
-8,42,804.0,0.0,8.072540160000001e-06
-8,42,805.0,0.0,9.681570340000001e-06
-8,42,806.0,0.0,2.06399169e-05
-8,42,807.0,0.0,1.4886155700000001e-05
-8,42,808.0,0.0,6.00566994e-06
-8,42,809.0,0.0,1.59028154e-05
-8,42,810.0,0.0,3.4923204200000004e-06
-8,42,811.0,0.0,9.82921291e-06
-8,42,812.0,0.0,4.71170852e-06
-8,42,813.0,0.0,8.3959708e-06
-8,42,814.0,0.0,1.0639202800000001e-05
-8,42,815.0,0.0,1.3187237100000001e-05
-8,42,816.0,0.0,7.85668381e-06
-8,42,817.0,0.0,2.5529996499999997e-06
-8,42,818.0,0.0,5.67111233e-06
-8,42,819.0,0.0,3.45575972e-06
-8,42,820.0,0.0,4.066939e-06
-8,42,821.0,0.0,1.2351502699999999e-05
-8,42,822.0,0.0,6.33217301e-06
-8,42,823.0,0.0,2.22629355e-06
-8,42,824.0,0.0,1.01990551e-05
-8,42,825.0,0.0,1.05721997e-05
-8,42,826.0,0.0,4.32795193e-06
-8,42,827.0,0.0,1.55031104e-05
-8,42,828.0,0.0,2.0173125e-05
-8,42,829.0,0.0,5.53580886e-06
-8,42,830.0,0.0,3.96062387e-06
-6,21,360.0,0.0,5.9145283e-05
-6,21,361.0,0.0,3.5972520700000004e-05
-6,21,362.0,0.0,6.41268566e-05
-6,21,363.0,0.0,5.02094813e-05
-6,21,364.0,0.0,6.22040518e-05
-6,21,365.0,0.0,3.77352461e-05
-6,21,366.0,0.0,6.05227947e-05
-6,21,367.0,0.0,6.38498738e-05
-6,21,368.0,0.0,5.60035259e-05
-6,21,369.0,0.0,4.8376005100000004e-05
-6,21,370.0,0.0,6.49454966e-05
-6,21,371.0,0.0,7.0533447e-05
-6,21,372.0,0.0,5.41633032e-05
-6,21,373.0,0.0,4.89361994e-05
-6,21,374.0,0.0,3.32287811e-05
-6,21,375.0,0.0,3.73515189e-05
-6,21,376.0,0.0,5.08253388e-05
-6,21,377.0,0.0,5.64120077e-05
-6,21,378.0,0.0,6.933072949999999e-05
-6,21,379.0,0.0,6.55803755e-05
-6,21,380.0,0.0,8.420363810000001e-05
-6,21,381.0,0.0,7.21102729e-05
-6,21,382.0,0.0,5.35890609e-05
-6,21,383.0,0.0,3.30528691e-05
-6,21,384.0,0.0,3.70140821e-05
-6,21,385.0,0.0,6.80935308e-05
-6,21,386.0,0.0,2.8954291699999998e-05
-6,21,387.0,0.0,5.76200783e-05
-6,21,388.0,0.0,6.751278789999999e-05
-6,21,389.0,0.0,6.0933902900000006e-05
-6,21,390.0,0.0,7.66571313e-05
-6,21,391.0,0.0,7.844303549999999e-05
-6,21,392.0,0.0,6.30363896e-05
-6,21,393.0,0.0,4.07858044e-05
-6,21,394.0,0.0,3.79713066e-05
-6,21,395.0,0.0,4.95802797e-05
-6,21,396.0,0.0,6.68663234e-05
-6,21,397.0,0.0,3.03729903e-05
-6,21,398.0,0.0,0.000111967914
-6,21,399.0,0.0,8.02988857e-05
-6,21,400.0,0.0,9.41105783e-05
-6,21,401.0,0.0,6.86188489e-05
-6,21,402.0,0.0,7.500897350000001e-05
-6,21,403.0,0.0,7.84798563e-05
-6,21,404.0,0.0,0.00010086748
-6,21,405.0,0.0,9.32814628e-05
-6,21,406.0,0.0,7.38148391e-05
-6,21,407.0,0.0,0.00010902389899999999
-6,21,408.0,0.0,9.482918680000001e-05
-6,21,409.0,0.0,7.79413953e-05
-6,21,410.0,0.0,7.92393237e-05
-6,21,411.0,0.0,9.88899544e-05
-6,21,412.0,0.0,9.7142756e-05
-6,21,413.0,0.0,0.000113171779
-6,21,414.0,0.0,9.68228877e-05
-6,21,415.0,0.0,0.00011109711999999999
-6,21,416.0,0.0,0.00011199244899999999
-6,21,417.0,0.0,8.96954089e-05
-6,21,418.0,0.0,9.09961089e-05
-6,21,419.0,0.0,7.43561909e-05
-6,21,420.0,0.0,7.75419325e-05
-6,21,421.0,0.0,0.00011536288999999999
-6,21,422.0,0.0,0.000118997738
-6,21,423.0,0.0,8.516301210000001e-05
-6,21,424.0,0.0,8.771965650000001e-05
-6,21,425.0,0.0,8.96963179e-05
-6,21,426.0,0.0,7.00823218e-05
-6,21,427.0,0.0,8.96423385e-05
-6,21,428.0,0.0,6.3856639e-05
-6,21,429.0,0.0,7.42042363e-05
-6,21,430.0,0.0,5.7539694000000004e-05
-6,21,431.0,0.0,5.92723861e-05
-6,21,432.0,0.0,9.1678068e-05
-6,21,433.0,0.0,8.58915672e-05
-6,21,434.0,0.0,7.73879215e-05
-6,21,435.0,0.0,0.0001026823
-6,21,436.0,0.0,9.55030769e-05
-6,21,437.0,0.0,9.43942145e-05
-6,21,438.0,0.0,9.97153297e-05
-6,21,439.0,0.0,0.00010216069999999999
-6,21,440.0,0.0,8.56923312e-05
-6,21,441.0,0.0,0.000160559505
-6,21,442.0,0.0,9.42918509e-05
-6,21,443.0,0.0,0.000107806191
-6,21,444.0,0.0,7.575415820000001e-05
-6,21,445.0,0.0,0.00010720802799999999
-6,21,446.0,0.0,9.24501568e-05
-6,21,447.0,0.0,0.000112188824
-6,21,448.0,0.0,0.000116656542
-6,21,449.0,0.0,0.000143397406
-6,21,450.0,0.0,8.5278146e-05
-6,21,451.0,0.0,0.000116893522
-6,21,452.0,0.0,0.000121407352
-6,21,453.0,0.0,0.000112197138
-6,21,454.0,0.0,0.000132562384
-6,21,455.0,0.0,0.00014185667
-6,21,456.0,0.0,0.00010514288400000001
-6,21,457.0,0.0,0.000123980187
-6,21,458.0,0.0,0.000109413326
-6,21,459.0,0.0,0.000105605461
-6,21,460.0,0.0,8.55989531e-05
-6,21,461.0,0.0,0.000124447122
-6,21,462.0,0.0,0.000110471264
-6,21,463.0,0.0,0.00011998315900000001
-6,21,464.0,0.0,0.00010742043
-6,21,465.0,0.0,0.000115552612
-6,21,466.0,0.0,0.000112171665
-6,21,467.0,0.0,9.174613650000001e-05
-6,21,468.0,0.0,0.000127164856
-6,21,469.0,0.0,0.00010668720299999999
-6,21,470.0,0.0,0.000104698844
-6,21,471.0,0.0,0.000106315702
-6,21,472.0,0.0,0.000123853765
-6,21,473.0,0.0,0.000113018736
-6,21,474.0,0.0,0.00011002767800000001
-6,21,475.0,0.0,0.00011539200700000001
-6,21,476.0,0.0,0.000131428406
-6,21,477.0,0.0,0.000110565834
-6,21,478.0,0.0,0.000137582257
-6,21,479.0,0.0,0.000107499547
-6,21,480.0,0.0,0.000113246813
-6,21,481.0,0.0,0.00010826510899999999
-6,21,482.0,0.0,9.712593260000001e-05
-6,21,483.0,0.0,0.00010617513200000001
-6,21,484.0,0.0,0.000106293626
-6,21,485.0,0.0,0.000117132634
-6,21,486.0,0.0,8.78993347e-05
-6,21,487.0,0.0,8.295396720000001e-05
-6,21,488.0,0.0,0.000102191195
-6,21,489.0,0.0,8.049470929999999e-05
-6,21,490.0,0.0,0.00011889873400000001
-6,21,491.0,0.0,0.000100603469
-6,21,492.0,0.0,0.00011788477
-6,21,493.0,0.0,0.000100911841
-6,21,494.0,0.0,9.58465561e-05
-6,21,495.0,0.0,0.000101768591
-6,21,496.0,0.0,0.000113198206
-6,21,497.0,0.0,0.000105653465
-6,21,498.0,0.0,9.3303971e-05
-6,21,499.0,0.0,9.769587959999999e-05
-6,21,500.0,0.0,9.73586813e-05
-6,21,501.0,0.0,8.37204233e-05
-6,21,502.0,0.0,8.7424688e-05
-6,21,503.0,0.0,8.79375637e-05
-6,21,504.0,0.0,6.64276853e-05
-6,21,505.0,0.0,8.83506164e-05
-6,21,506.0,0.0,8.138614889999999e-05
-6,21,507.0,0.0,8.85537639e-05
-6,21,508.0,0.0,7.03231394e-05
-6,21,509.0,0.0,0.000100087702
-6,21,510.0,0.0,8.744045350000001e-05
-6,21,511.0,0.0,8.476585890000001e-05
-6,21,512.0,0.0,7.14364573e-05
-6,21,513.0,0.0,8.53400379e-05
-6,21,514.0,0.0,7.708778980000001e-05
-6,21,515.0,0.0,7.860502599999999e-05
-6,21,516.0,0.0,8.61842558e-05
-6,21,517.0,0.0,6.46505654e-05
-6,21,518.0,0.0,8.15521553e-05
-6,21,519.0,0.0,5.78705594e-05
-6,21,520.0,0.0,8.29033926e-05
-6,21,521.0,0.0,7.72141069e-05
-6,21,522.0,0.0,6.9745414e-05
-6,21,523.0,0.0,5.1244575500000004e-05
-6,21,524.0,0.0,7.801901549999999e-05
-6,21,525.0,0.0,9.80501771e-05
-6,21,526.0,0.0,8.81328583e-05
-6,21,527.0,0.0,5.5463206000000004e-05
-6,21,528.0,0.0,5.8022223400000004e-05
-6,21,529.0,0.0,7.38160387e-05
-6,21,530.0,0.0,7.25185573e-05
-6,21,531.0,0.0,5.09548746e-05
-6,21,532.0,0.0,9.74351391e-05
-6,21,533.0,0.0,7.65253305e-05
-6,21,534.0,0.0,6.79729432e-05
-6,21,535.0,0.0,8.526566620000001e-05
-6,21,536.0,0.0,5.80138266e-05
-6,21,537.0,0.0,7.57351667e-05
-6,21,538.0,0.0,7.51772448e-05
-6,21,539.0,0.0,6.20370135e-05
-6,21,540.0,0.0,5.29153906e-05
-6,21,541.0,0.0,6.23118617e-05
-6,21,542.0,0.0,9.79885831e-05
-6,21,543.0,0.0,5.53943999e-05
-6,21,544.0,0.0,7.06164911e-05
-6,21,545.0,0.0,6.293097879999999e-05
-6,21,546.0,0.0,6.52246103e-05
-6,21,547.0,0.0,8.693639929999999e-05
-6,21,548.0,0.0,4.1817508599999995e-05
-6,21,549.0,0.0,8.61102492e-05
-6,21,550.0,0.0,6.05051145e-05
-6,21,551.0,0.0,6.02584258e-05
-6,21,552.0,0.0,4.7512292900000005e-05
-6,21,553.0,0.0,5.44553697e-05
-6,21,554.0,0.0,5.37701212e-05
-6,21,555.0,0.0,4.71079983e-05
-6,21,556.0,0.0,5.28372154e-05
-6,21,557.0,0.0,5.56344129e-05
-6,21,558.0,0.0,5.93177378e-05
-6,21,559.0,0.0,2.84420662e-05
-6,21,560.0,0.0,7.34224021e-05
-6,21,561.0,0.0,5.21360226e-05
-6,21,562.0,0.0,4.06814851e-05
-6,21,563.0,0.0,4.43821289e-05
-6,21,564.0,0.0,4.77210172e-05
-6,21,565.0,0.0,3.81475016e-05
-6,21,566.0,0.0,4.1274111699999996e-05
-6,21,567.0,0.0,4.26932387e-05
-6,21,568.0,0.0,2.10418496e-05
-6,21,569.0,0.0,3.78807113e-05
-6,21,570.0,0.0,4.34443951e-05
-6,21,571.0,0.0,3.75521444e-05
-6,21,572.0,0.0,3.2142166e-05
-6,21,573.0,0.0,4.19648066e-05
-6,21,574.0,0.0,3.98804732e-05
-6,21,575.0,0.0,4.14281562e-05
-6,21,576.0,0.0,4.83713597e-05
-6,21,577.0,0.0,3.4668833000000006e-05
-6,21,578.0,0.0,5.12712486e-05
-6,21,579.0,0.0,4.1043668999999997e-05
-6,21,580.0,0.0,4.4963941e-05
-6,21,581.0,0.0,2.78809536e-05
-6,21,582.0,0.0,4.82350811e-05
-6,21,583.0,0.0,3.5615176e-05
-6,21,584.0,0.0,3.81102674e-05
-6,21,585.0,0.0,5.209006e-05
-6,21,586.0,0.0,3.6815110599999996e-05
-6,21,587.0,0.0,3.41216996e-05
-6,21,588.0,0.0,3.34855765e-05
-6,21,589.0,0.0,3.20448391e-05
-6,21,590.0,0.0,3.58138494e-05
-6,21,591.0,0.0,4.4396027900000005e-05
-6,21,592.0,0.0,3.85102555e-05
-6,21,593.0,0.0,4.8686299500000004e-05
-6,21,594.0,0.0,3.57178338e-05
-6,21,595.0,0.0,3.83818522e-05
-6,21,596.0,0.0,4.0876220900000006e-05
-6,21,597.0,0.0,3.7102580099999996e-05
-6,21,598.0,0.0,2.56617684e-05
-6,21,599.0,0.0,6.60751313e-05
-6,21,600.0,0.0,3.2384689899999996e-05
-6,21,601.0,0.0,4.2908724400000003e-05
-6,21,602.0,0.0,3.04825176e-05
-6,21,603.0,0.0,2.85432115e-05
-6,21,604.0,0.0,4.55757044e-05
-6,21,605.0,0.0,3.1924750699999994e-05
-6,21,606.0,0.0,4.22630757e-05
-6,21,607.0,0.0,5.08169644e-05
-6,21,608.0,0.0,4.58426252e-05
-6,21,609.0,0.0,6.19677119e-05
-6,21,610.0,0.0,2.7578893999999998e-05
-6,21,611.0,0.0,4.01408635e-05
-6,21,612.0,0.0,3.40997502e-05
-6,21,613.0,0.0,6.541670110000001e-05
-6,21,614.0,0.0,4.8171669200000003e-05
-6,21,615.0,0.0,4.3741777500000004e-05
-6,21,616.0,0.0,4.65668961e-05
-6,21,617.0,0.0,6.73146099e-05
-6,21,618.0,0.0,4.5070435899999995e-05
-6,21,619.0,0.0,4.03680615e-05
-6,21,620.0,0.0,4.63657007e-05
-6,21,621.0,0.0,4.5785524e-05
-6,21,622.0,0.0,6.02245145e-05
-6,21,623.0,0.0,6.64339811e-05
-6,21,624.0,0.0,6.31374866e-05
-6,21,625.0,0.0,4.24061529e-05
-6,21,626.0,0.0,4.4128146e-05
-6,21,627.0,0.0,6.4273335e-05
-6,21,628.0,0.0,3.90234999e-05
-6,21,629.0,0.0,5.2073054e-05
-6,21,630.0,0.0,6.77222982e-05
-6,21,631.0,0.0,3.20172384e-05
-6,21,632.0,0.0,4.14091684e-05
-6,21,633.0,0.0,3.0798081299999995e-05
-6,21,634.0,0.0,6.293428689999999e-05
-6,21,635.0,0.0,3.82803194e-05
-6,21,636.0,0.0,5.84422946e-05
-6,21,637.0,0.0,6.43760934e-05
-6,21,638.0,0.0,4.28524539e-05
-6,21,639.0,0.0,7.155883309999999e-05
-6,21,640.0,0.0,6.401801849999999e-05
-6,21,641.0,0.0,5.65619059e-05
-6,21,642.0,0.0,5.95231988e-05
-6,21,643.0,0.0,6.47033602e-05
-6,21,644.0,0.0,4.82211262e-05
-6,21,645.0,0.0,5.88529669e-05
-6,21,646.0,0.0,5.6971412200000004e-05
-6,21,647.0,0.0,9.18380842e-05
-6,21,648.0,0.0,5.5142432499999995e-05
-6,21,649.0,0.0,5.22800982e-05
-6,21,650.0,0.0,5.5657893399999995e-05
-6,21,651.0,0.0,5.60492389e-05
-6,21,652.0,0.0,5.37197739e-05
-6,21,653.0,0.0,7.63415098e-05
-6,21,654.0,0.0,3.8568608499999995e-05
-6,21,655.0,0.0,6.45494834e-05
-6,21,656.0,0.0,7.08089769e-05
-6,21,657.0,0.0,5.31978942e-05
-6,21,658.0,0.0,4.1366804399999996e-05
-6,21,659.0,0.0,5.39452136e-05
-6,21,660.0,0.0,6.26308993e-05
-6,21,661.0,0.0,7.49531016e-05
-6,21,662.0,0.0,5.81107065e-05
-6,21,663.0,0.0,6.59212843e-05
-6,21,664.0,0.0,6.1316859e-05
-6,21,665.0,0.0,6.85946569e-05
-6,21,666.0,0.0,5.96336275e-05
-6,21,667.0,0.0,7.91029483e-05
-6,21,668.0,0.0,6.37827367e-05
-6,21,669.0,0.0,6.4288497e-05
-6,21,670.0,0.0,6.73048198e-05
-6,21,671.0,0.0,7.56823272e-05
-6,21,672.0,0.0,7.13789463e-05
-6,21,673.0,0.0,6.71914443e-05
-6,21,674.0,0.0,8.05425793e-05
-6,21,675.0,0.0,8.84276628e-05
-6,21,676.0,0.0,9.19768885e-05
-6,21,677.0,0.0,8.68178457e-05
-6,21,678.0,0.0,8.2245253e-05
-6,21,679.0,0.0,6.825046240000001e-05
-6,21,680.0,0.0,4.81575429e-05
-6,21,681.0,0.0,8.06422234e-05
-6,21,682.0,0.0,7.68139288e-05
-6,21,683.0,0.0,7.52699673e-05
-6,21,684.0,0.0,7.12616965e-05
-6,21,685.0,0.0,8.01092237e-05
-6,21,686.0,0.0,8.5811913e-05
-6,21,687.0,0.0,3.29335146e-05
-6,21,688.0,0.0,4.12864052e-05
-6,21,689.0,0.0,5.03080226e-05
-6,21,690.0,0.0,4.9815278499999995e-05
-6,21,691.0,0.0,6.36346489e-05
-6,21,692.0,0.0,9.11636502e-05
-6,21,693.0,0.0,9.38615426e-05
-6,21,694.0,0.0,8.2097955e-05
-6,21,695.0,0.0,8.64121169e-05
-6,21,696.0,0.0,7.61249959e-05
-6,21,697.0,0.0,0.00010357865700000001
-6,21,698.0,0.0,0.000110354833
-6,21,699.0,0.0,0.000122449465
-6,21,700.0,0.0,6.34308904e-05
-6,21,701.0,0.0,7.17860013e-05
-6,21,702.0,0.0,7.539488380000001e-05
-6,21,703.0,0.0,9.3539767e-05
-6,21,704.0,0.0,5.96368127e-05
-6,21,705.0,0.0,7.81051144e-05
-6,21,706.0,0.0,6.771631540000001e-05
-6,21,707.0,0.0,9.47766677e-05
-6,21,708.0,0.0,7.81355128e-05
-6,21,709.0,0.0,6.95773512e-05
-6,21,710.0,0.0,9.77083594e-05
-6,21,711.0,0.0,8.36594477e-05
-6,21,712.0,0.0,9.08892974e-05
-6,21,713.0,0.0,8.33314061e-05
-6,21,714.0,0.0,9.240123629999999e-05
-6,21,715.0,0.0,5.4263077700000004e-05
-6,21,716.0,0.0,7.07649812e-05
-6,21,717.0,0.0,6.873929500000001e-05
-6,21,718.0,0.0,4.59038578e-05
-6,21,719.0,0.0,5.43551072e-05
-6,21,720.0,0.0,4.68153544e-05
-6,21,721.0,0.0,7.49404207e-05
-6,21,722.0,0.0,7.5262256e-05
-6,21,723.0,0.0,7.20027834e-05
-6,21,724.0,0.0,7.37314895e-05
-6,21,725.0,0.0,6.86307549e-05
-6,21,726.0,0.0,4.62954752e-05
-6,21,727.0,0.0,4.83293422e-05
-6,21,728.0,0.0,7.10969344e-05
-6,21,729.0,0.0,6.360939890000001e-05
-6,21,730.0,0.0,4.62372638e-05
-6,21,731.0,0.0,5.18698506e-05
-6,21,732.0,0.0,8.32500458e-05
-6,21,733.0,0.0,9.32531655e-05
-6,21,734.0,0.0,7.10690096e-05
-6,21,735.0,0.0,7.96276629e-05
-6,21,736.0,0.0,8.23554844e-05
-6,21,737.0,0.0,5.4856997e-05
-6,21,738.0,0.0,8.114286510000001e-05
-6,21,739.0,0.0,6.49797991e-05
-6,21,740.0,0.0,9.55027938e-05
-6,21,741.0,0.0,5.25274239e-05
-6,21,742.0,0.0,9.200565519999999e-05
-6,21,743.0,0.0,8.31623748e-05
-6,21,744.0,0.0,6.4862147e-05
-6,21,745.0,0.0,7.495230440000001e-05
-6,21,746.0,0.0,0.00011689386499999999
-6,21,747.0,0.0,7.37719387e-05
-6,21,748.0,0.0,6.57610223e-05
-6,21,749.0,0.0,7.74845853e-05
-6,21,750.0,0.0,8.65754336e-05
-6,21,751.0,0.0,9.56294239e-05
-6,21,752.0,0.0,6.12367764e-05
-6,21,753.0,0.0,0.00013117472799999998
-6,21,754.0,0.0,9.70459506e-05
-6,21,755.0,0.0,8.81353617e-05
-6,21,756.0,0.0,6.484895940000001e-05
-6,21,757.0,0.0,0.000104276866
-6,21,758.0,0.0,9.84423235e-05
-6,21,759.0,0.0,0.000101540737
-6,21,760.0,0.0,3.39974742e-06
-6,21,761.0,0.0,5.80508437e-07
-6,21,762.0,0.0,3.10701244e-05
-6,21,763.0,0.0,4.734160840000001e-06
-6,21,764.0,0.0,1.3785530799999999e-05
-6,21,765.0,0.0,2.42777504e-05
-6,21,766.0,0.0,4.29332405e-05
-6,21,767.0,0.0,9.03580412e-05
-6,21,768.0,0.0,9.10795629e-05
-6,21,769.0,0.0,9.33492258e-05
-6,21,770.0,0.0,7.96951279e-05
-6,21,771.0,0.0,0.000131891578
-6,21,772.0,0.0,8.53498504e-05
-6,21,773.0,0.0,6.21995181e-05
-6,21,774.0,0.0,8.42440575e-05
-6,21,775.0,0.0,8.98194611e-05
-6,21,776.0,0.0,9.58894566e-05
-6,21,777.0,0.0,0.000109300524
-6,21,778.0,0.0,5.71094491e-05
-6,21,779.0,0.0,9.24786031e-05
-6,21,780.0,0.0,6.04363605e-05
-6,21,781.0,0.0,0.000101272292
-6,21,782.0,0.0,9.477450699999999e-05
-6,21,783.0,0.0,8.031457660000001e-05
-6,21,784.0,0.0,8.61596838e-05
-6,21,785.0,0.0,4.15448956e-05
-6,21,786.0,0.0,8.43836144e-05
-6,21,787.0,0.0,0.00011546994
-6,21,788.0,0.0,6.8417646e-05
-6,21,789.0,0.0,6.91491663e-05
-6,21,790.0,0.0,4.5416787299999994e-05
-6,21,791.0,0.0,8.15067813e-05
-6,21,792.0,0.0,8.14230442e-05
-6,21,793.0,0.0,7.358346879999999e-05
-6,21,794.0,0.0,7.1013242e-05
-6,21,795.0,0.0,3.98463234e-05
-6,21,796.0,0.0,7.13716298e-05
-6,21,797.0,0.0,8.02297145e-05
-6,21,798.0,0.0,0.000118140861
-6,21,799.0,0.0,6.37678057e-05
-6,21,800.0,0.0,5.79886623e-05
-6,21,801.0,0.0,6.08205162e-05
-6,21,802.0,0.0,0.000101420484
-6,21,803.0,0.0,5.46729341e-05
-6,21,804.0,0.0,8.647493270000001e-05
-6,21,805.0,0.0,5.59853651e-05
-6,21,806.0,0.0,5.91654927e-05
-6,21,807.0,0.0,4.97513264e-05
-6,21,808.0,0.0,8.50042105e-05
-6,21,809.0,0.0,9.173314270000001e-05
-6,21,810.0,0.0,4.6376790899999997e-05
-6,21,811.0,0.0,7.79778063e-05
-6,21,812.0,0.0,7.95528442e-05
-6,21,813.0,0.0,7.51945749e-05
-6,21,814.0,0.0,6.07602596e-05
-6,21,815.0,0.0,4.8662886e-05
-6,21,816.0,0.0,8.03253278e-05
-6,21,817.0,0.0,3.56937312e-05
-6,21,818.0,0.0,2.71488577e-05
-6,21,819.0,0.0,4.3441131700000006e-05
-6,21,820.0,0.0,4.67360578e-05
-6,21,821.0,0.0,7.63971061e-05
-6,21,822.0,0.0,5.48354723e-05
-6,21,823.0,0.0,4.22750376e-05
-6,21,824.0,0.0,6.01752736e-05
-6,21,825.0,0.0,5.73980846e-05
-6,21,826.0,0.0,4.43063676e-05
-6,21,827.0,0.0,6.50663748e-05
-6,21,828.0,0.0,4.44410257e-05
-6,21,829.0,0.0,5.03730178e-05
-6,21,830.0,0.0,5.27556911e-05
-6,42,360.0,0.0,7.29643926e-05
-6,42,361.0,0.0,4.4939026200000006e-05
-6,42,362.0,0.0,5.16957641e-05
-6,42,363.0,0.0,5.19097671e-05
-6,42,364.0,0.0,7.03866184e-05
-6,42,365.0,0.0,3.88572887e-05
-6,42,366.0,0.0,7.54367635e-05
-6,42,367.0,0.0,7.3925592e-05
-6,42,368.0,0.0,7.43147433e-05
-6,42,369.0,0.0,6.99024424e-05
-6,42,370.0,0.0,7.72322491e-05
-6,42,371.0,0.0,7.12328553e-05
-6,42,372.0,0.0,7.70907477e-05
-6,42,373.0,0.0,6.886769830000001e-05
-6,42,374.0,0.0,5.7337548600000006e-05
-6,42,375.0,0.0,5.47209419e-05
-6,42,376.0,0.0,7.12771267e-05
-6,42,377.0,0.0,5.68435192e-05
-6,42,378.0,0.0,7.15677738e-05
-6,42,379.0,0.0,5.8526907099999994e-05
-6,42,380.0,0.0,5.18272147e-05
-6,42,381.0,0.0,5.94318807e-05
-6,42,382.0,0.0,4.19722646e-05
-6,42,383.0,0.0,3.99682485e-05
-6,42,384.0,0.0,4.20048721e-05
-6,42,385.0,0.0,6.478305909999999e-05
-6,42,386.0,0.0,4.4827464999999995e-05
-6,42,387.0,0.0,7.11370036e-05
-6,42,388.0,0.0,3.8104627299999996e-05
-6,42,389.0,0.0,4.55782153e-05
-6,42,390.0,0.0,7.01271817e-05
-6,42,391.0,0.0,6.37886375e-05
-6,42,392.0,0.0,7.032778859999999e-05
-6,42,393.0,0.0,4.3998386700000005e-05
-6,42,394.0,0.0,2.95044556e-05
-6,42,395.0,0.0,6.12063669e-05
-6,42,396.0,0.0,5.8735638899999996e-05
-6,42,397.0,0.0,2.6987707199999998e-05
-6,42,398.0,0.0,7.33439028e-05
-6,42,399.0,0.0,8.50270912e-05
-6,42,400.0,0.0,8.86569843e-05
-6,42,401.0,0.0,8.83555338e-05
-6,42,402.0,0.0,0.00010196884
-6,42,403.0,0.0,8.48055854e-05
-6,42,404.0,0.0,9.87453163e-05
-6,42,405.0,0.0,8.042454720000001e-05
-6,42,406.0,0.0,9.140405799999999e-05
-6,42,407.0,0.0,9.04800966e-05
-6,42,408.0,0.0,6.976154449999999e-05
-6,42,409.0,0.0,0.000113556623
-6,42,410.0,0.0,9.52100754e-05
-6,42,411.0,0.0,0.00010486272000000001
-6,42,412.0,0.0,8.6316064e-05
-6,42,413.0,0.0,9.244953840000001e-05
-6,42,414.0,0.0,7.92314038e-05
-6,42,415.0,0.0,0.00010600833599999999
-6,42,416.0,0.0,8.293942360000001e-05
-6,42,417.0,0.0,8.90627727e-05
-6,42,418.0,0.0,8.388172839999999e-05
-6,42,419.0,0.0,8.68732929e-05
-6,42,420.0,0.0,7.44867697e-05
-6,42,421.0,0.0,0.000117499486
-6,42,422.0,0.0,8.976639810000001e-05
-6,42,423.0,0.0,7.115609940000001e-05
-6,42,424.0,0.0,9.468518939999999e-05
-6,42,425.0,0.0,0.00011411868
-6,42,426.0,0.0,9.713973100000001e-05
-6,42,427.0,0.0,7.17625469e-05
-6,42,428.0,0.0,8.99778455e-05
-6,42,429.0,0.0,6.303882600000001e-05
-6,42,430.0,0.0,8.21704715e-05
-6,42,431.0,0.0,5.3544268e-05
-6,42,432.0,0.0,8.24438855e-05
-6,42,433.0,0.0,0.000101443477
-6,42,434.0,0.0,7.10350648e-05
-6,42,435.0,0.0,8.591369540000001e-05
-6,42,436.0,0.0,8.49217847e-05
-6,42,437.0,0.0,0.000150658995
-6,42,438.0,0.0,0.000104703806
-6,42,439.0,0.0,9.18662474e-05
-6,42,440.0,0.0,8.56390595e-05
-6,42,441.0,0.0,8.72550309e-05
-6,42,442.0,0.0,7.79234767e-05
-6,42,443.0,0.0,0.00012112028199999999
-6,42,444.0,0.0,0.00010629508599999999
-6,42,445.0,0.0,0.000102771804
-6,42,446.0,0.0,9.619527310000001e-05
-6,42,447.0,0.0,0.000115551107
-6,42,448.0,0.0,0.000120243765
-6,42,449.0,0.0,0.000141395241
-6,42,450.0,0.0,0.000125303701
-6,42,451.0,0.0,0.000127078995
-6,42,452.0,0.0,0.000127954036
-6,42,453.0,0.0,0.00014315648400000001
-6,42,454.0,0.0,9.91549417e-05
-6,42,455.0,0.0,0.00012129084
-6,42,456.0,0.0,0.00011769877400000001
-6,42,457.0,0.0,0.00010458233999999999
-6,42,458.0,0.0,0.000130410895
-6,42,459.0,0.0,0.000110308066
-6,42,460.0,0.0,0.000105621822
-6,42,461.0,0.0,0.000118948944
-6,42,462.0,0.0,0.000124988802
-6,42,463.0,0.0,0.00012011143600000001
-6,42,464.0,0.0,0.00011650983199999999
-6,42,465.0,0.0,0.000118462443
-6,42,466.0,0.0,0.000122939803
-6,42,467.0,0.0,9.5275782e-05
-6,42,468.0,0.0,0.000131473109
-6,42,469.0,0.0,0.000111227386
-6,42,470.0,0.0,0.000115830138
-6,42,471.0,0.0,0.000113549121
-6,42,472.0,0.0,0.00010680404300000001
-6,42,473.0,0.0,0.000128749996
-6,42,474.0,0.0,0.000103727624
-6,42,475.0,0.0,0.000120117679
-6,42,476.0,0.0,9.61441398e-05
-6,42,477.0,0.0,0.000107246712
-6,42,478.0,0.0,0.000146333963
-6,42,479.0,0.0,7.887036349999999e-05
-6,42,480.0,0.0,0.00011757818600000001
-6,42,481.0,0.0,0.000114307031
-6,42,482.0,0.0,0.00011925409
-6,42,483.0,0.0,0.000101188079
-6,42,484.0,0.0,0.00010698940599999999
-6,42,485.0,0.0,0.000111635379
-6,42,486.0,0.0,8.18268508e-05
-6,42,487.0,0.0,0.000118184224
-6,42,488.0,0.0,0.00010253971100000001
-6,42,489.0,0.0,7.94304833e-05
-6,42,490.0,0.0,0.000114492007
-6,42,491.0,0.0,0.00010014429699999999
-6,42,492.0,0.0,8.71356726e-05
-6,42,493.0,0.0,0.000144895539
-6,42,494.0,0.0,0.000121437103
-6,42,495.0,0.0,9.96184126e-05
-6,42,496.0,0.0,0.000108620837
-6,42,497.0,0.0,0.000100906871
-6,42,498.0,0.0,7.61463791e-05
-6,42,499.0,0.0,0.00011791685999999999
-6,42,500.0,0.0,0.000107599176
-6,42,501.0,0.0,9.746851770000001e-05
-6,42,502.0,0.0,9.05195251e-05
-6,42,503.0,0.0,0.000122000441
-6,42,504.0,0.0,0.000119014472
-6,42,505.0,0.0,9.8988317e-05
-6,42,506.0,0.0,8.63635615e-05
-6,42,507.0,0.0,7.99212903e-05
-6,42,508.0,0.0,0.000124888919
-6,42,509.0,0.0,0.000105867133
-6,42,510.0,0.0,9.185905749999999e-05
-6,42,511.0,0.0,7.82643408e-05
-6,42,512.0,0.0,7.96577856e-05
-6,42,513.0,0.0,8.00491944e-05
-6,42,514.0,0.0,7.625544069999999e-05
-6,42,515.0,0.0,8.16562176e-05
-6,42,516.0,0.0,0.000104163706
-6,42,517.0,0.0,7.274444400000001e-05
-6,42,518.0,0.0,6.823024900000001e-05
-6,42,519.0,0.0,7.005684080000001e-05
-6,42,520.0,0.0,8.06269795e-05
-6,42,521.0,0.0,9.33786035e-05
-6,42,522.0,0.0,9.06028673e-05
-6,42,523.0,0.0,0.000102137282
-6,42,524.0,0.0,9.385455400000001e-05
-6,42,525.0,0.0,7.21514523e-05
-6,42,526.0,0.0,5.36518432e-05
-6,42,527.0,0.0,6.76096827e-05
-6,42,528.0,0.0,6.54460117e-05
-6,42,529.0,0.0,6.993422659999999e-05
-6,42,530.0,0.0,7.7859737e-05
-6,42,531.0,0.0,7.74335861e-05
-6,42,532.0,0.0,6.71577975e-05
-6,42,533.0,0.0,5.67783378e-05
-6,42,534.0,0.0,7.70320594e-05
-6,42,535.0,0.0,6.49430379e-05
-6,42,536.0,0.0,8.07241946e-05
-6,42,537.0,0.0,6.50203452e-05
-6,42,538.0,0.0,6.997120380000001e-05
-6,42,539.0,0.0,6.84373751e-05
-6,42,540.0,0.0,5.07352687e-05
-6,42,541.0,0.0,5.0457041699999995e-05
-6,42,542.0,0.0,5.2564092e-05
-6,42,543.0,0.0,3.89392488e-05
-6,42,544.0,0.0,6.15309477e-05
-6,42,545.0,0.0,5.72271273e-05
-6,42,546.0,0.0,5.76693229e-05
-6,42,547.0,0.0,5.7989764999999996e-05
-6,42,548.0,0.0,4.92959805e-05
-6,42,549.0,0.0,5.29583618e-05
-6,42,550.0,0.0,5.5773064499999996e-05
-6,42,551.0,0.0,5.92793897e-05
-6,42,552.0,0.0,5.48019186e-05
-6,42,553.0,0.0,9.648091350000001e-05
-6,42,554.0,0.0,5.96815534e-05
-6,42,555.0,0.0,5.647064370000001e-05
-6,42,556.0,0.0,5.0717528900000005e-05
-6,42,557.0,0.0,6.48336858e-05
-6,42,558.0,0.0,4.33701463e-05
-6,42,559.0,0.0,5.60400262e-05
-6,42,560.0,0.0,3.9724722499999994e-05
-6,42,561.0,0.0,6.07182235e-05
-6,42,562.0,0.0,4.4671032600000004e-05
-6,42,563.0,0.0,4.90275621e-05
-6,42,564.0,0.0,4.2976997799999997e-05
-6,42,565.0,0.0,5.27461395e-05
-6,42,566.0,0.0,3.48457508e-05
-6,42,567.0,0.0,4.41777073e-05
-6,42,568.0,0.0,4.6234414000000004e-05
-6,42,569.0,0.0,3.1094549199999996e-05
-6,42,570.0,0.0,4.30670343e-05
-6,42,571.0,0.0,6.05127737e-05
-6,42,572.0,0.0,4.1079062999999997e-05
-6,42,573.0,0.0,4.1667673699999995e-05
-6,42,574.0,0.0,4.6066381000000005e-05
-6,42,575.0,0.0,3.06236874e-05
-6,42,576.0,0.0,4.69195396e-05
-6,42,577.0,0.0,4.11693007e-05
-6,42,578.0,0.0,2.70181783e-05
-6,42,579.0,0.0,4.19617407e-05
-6,42,580.0,0.0,5.7607218600000005e-05
-6,42,581.0,0.0,4.28178273e-05
-6,42,582.0,0.0,4.49592359e-05
-6,42,583.0,0.0,3.7001919e-05
-6,42,584.0,0.0,5.69030009e-05
-6,42,585.0,0.0,4.3730326e-05
-6,42,586.0,0.0,3.79745923e-05
-6,42,587.0,0.0,4.8115145400000006e-05
-6,42,588.0,0.0,4.55009788e-05
-6,42,589.0,0.0,4.41989563e-05
-6,42,590.0,0.0,4.7229830200000005e-05
-6,42,591.0,0.0,5.99073321e-05
-6,42,592.0,0.0,3.01723238e-05
-6,42,593.0,0.0,4.2839750599999995e-05
-6,42,594.0,0.0,4.25320603e-05
-6,42,595.0,0.0,5.4227218e-05
-6,42,596.0,0.0,3.89651731e-05
-6,42,597.0,0.0,3.4991186100000005e-05
-6,42,598.0,0.0,3.7027504299999997e-05
-6,42,599.0,0.0,4.75237966e-05
-6,42,600.0,0.0,5.31640127e-05
-6,42,601.0,0.0,3.89671847e-05
-6,42,602.0,0.0,3.15132588e-05
-6,42,603.0,0.0,4.16036472e-05
-6,42,604.0,0.0,4.59317192e-05
-6,42,605.0,0.0,6.51128888e-05
-6,42,606.0,0.0,3.6458373099999994e-05
-6,42,607.0,0.0,4.55367826e-05
-6,42,608.0,0.0,4.92745675e-05
-6,42,609.0,0.0,2.88873259e-05
-6,42,610.0,0.0,3.5394594100000003e-05
-6,42,611.0,0.0,3.8860160900000006e-05
-6,42,612.0,0.0,4.60364074e-05
-6,42,613.0,0.0,3.79675664e-05
-6,42,614.0,0.0,2.83441748e-05
-6,42,615.0,0.0,4.2251113799999994e-05
-6,42,616.0,0.0,4.08862382e-05
-6,42,617.0,0.0,3.57432105e-05
-6,42,618.0,0.0,5.16306832e-05
-6,42,619.0,0.0,2.96095889e-05
-6,42,620.0,0.0,4.11398225e-05
-6,42,621.0,0.0,4.3181248e-05
-6,42,622.0,0.0,4.7809071799999996e-05
-6,42,623.0,0.0,3.7893489e-05
-6,42,624.0,0.0,4.0845558e-05
-6,42,625.0,0.0,3.19867171e-05
-6,42,626.0,0.0,5.69922514e-05
-6,42,627.0,0.0,3.8222107999999996e-05
-6,42,628.0,0.0,3.21657248e-05
-6,42,629.0,0.0,4.69268076e-05
-6,42,630.0,0.0,3.9413988599999996e-05
-6,42,631.0,0.0,3.4618441e-05
-6,42,632.0,0.0,3.6141403e-05
-6,42,633.0,0.0,6.0979858e-05
-6,42,634.0,0.0,4.1871033600000006e-05
-6,42,635.0,0.0,3.79373617e-05
-6,42,636.0,0.0,7.749825720000001e-05
-6,42,637.0,0.0,4.92686965e-05
-6,42,638.0,0.0,5.53348586e-05
-6,42,639.0,0.0,6.24761172e-05
-6,42,640.0,0.0,5.21380939e-05
-6,42,641.0,0.0,5.3550686700000005e-05
-6,42,642.0,0.0,4.5844562399999994e-05
-6,42,643.0,0.0,6.23088665e-05
-6,42,644.0,0.0,7.781379670000001e-05
-6,42,645.0,0.0,5.20346873e-05
-6,42,646.0,0.0,4.88132089e-05
-6,42,647.0,0.0,4.53669913e-05
-6,42,648.0,0.0,5.57179041e-05
-6,42,649.0,0.0,6.13776296e-05
-6,42,650.0,0.0,5.1858592799999996e-05
-6,42,651.0,0.0,7.387066629999999e-05
-6,42,652.0,0.0,6.02136627e-05
-6,42,653.0,0.0,6.31518438e-05
-6,42,654.0,0.0,6.401039660000001e-05
-6,42,655.0,0.0,4.78326939e-05
-6,42,656.0,0.0,7.3348932e-05
-6,42,657.0,0.0,8.02109987e-05
-6,42,658.0,0.0,6.271194670000001e-05
-6,42,659.0,0.0,7.20209777e-05
-6,42,660.0,0.0,6.81517944e-05
-6,42,661.0,0.0,7.40929991e-05
-6,42,662.0,0.0,6.58839643e-05
-6,42,663.0,0.0,7.9887718e-05
-6,42,664.0,0.0,6.130576129999999e-05
-6,42,665.0,0.0,8.584097029999999e-05
-6,42,666.0,0.0,8.80659074e-05
-6,42,667.0,0.0,8.141191300000001e-05
-6,42,668.0,0.0,8.628329630000001e-05
-6,42,669.0,0.0,7.15244636e-05
-6,42,670.0,0.0,9.43374038e-05
-6,42,671.0,0.0,9.86082405e-05
-6,42,672.0,0.0,8.220026639999999e-05
-6,42,673.0,0.0,6.70769066e-05
-6,42,674.0,0.0,7.786963880000001e-05
-6,42,675.0,0.0,9.212359039999999e-05
-6,42,676.0,0.0,9.32275057e-05
-6,42,677.0,0.0,5.65696247e-05
-6,42,678.0,0.0,6.42313883e-05
-6,42,679.0,0.0,5.59834912e-05
-6,42,680.0,0.0,5.69027513e-05
-6,42,681.0,0.0,6.263247130000001e-05
-6,42,682.0,0.0,0.000120611288
-6,42,683.0,0.0,7.52956346e-05
-6,42,684.0,0.0,8.1179738e-05
-6,42,685.0,0.0,6.45878613e-05
-6,42,686.0,0.0,7.60752261e-05
-6,42,687.0,0.0,3.43513153e-05
-6,42,688.0,0.0,4.51663733e-05
-6,42,689.0,0.0,3.05603277e-05
-6,42,690.0,0.0,6.01721853e-05
-6,42,691.0,0.0,6.38949126e-05
-6,42,692.0,0.0,7.19755217e-05
-6,42,693.0,0.0,5.70601262e-05
-6,42,694.0,0.0,6.04107641e-05
-6,42,695.0,0.0,8.04459676e-05
-6,42,696.0,0.0,7.60192871e-05
-6,42,697.0,0.0,0.000100215904
-6,42,698.0,0.0,9.632582219999999e-05
-6,42,699.0,0.0,0.00010749863099999999
-6,42,700.0,0.0,6.59536496e-05
-6,42,701.0,0.0,8.79384801e-05
-6,42,702.0,0.0,8.499385419999999e-05
-6,42,703.0,0.0,6.83766231e-05
-6,42,704.0,0.0,9.83886123e-05
-6,42,705.0,0.0,7.105591149999999e-05
-6,42,706.0,0.0,6.888009609999999e-05
-6,42,707.0,0.0,7.41700307e-05
-6,42,708.0,0.0,5.88698797e-05
-6,42,709.0,0.0,8.83984491e-05
-6,42,710.0,0.0,9.87260118e-05
-6,42,711.0,0.0,8.3390139e-05
-6,42,712.0,0.0,8.52437466e-05
-6,42,713.0,0.0,8.765823389999999e-05
-6,42,714.0,0.0,9.83119234e-05
-6,42,715.0,0.0,5.64695969e-05
-6,42,716.0,0.0,6.11536801e-05
-6,42,717.0,0.0,6.12718202e-05
-6,42,718.0,0.0,1.67645831e-05
-6,42,719.0,0.0,3.75727154e-05
-6,42,720.0,0.0,4.30148877e-05
-6,42,721.0,0.0,9.79969427e-05
-6,42,722.0,0.0,7.75103793e-05
-6,42,723.0,0.0,6.90579861e-05
-6,42,724.0,0.0,6.81111887e-05
-6,42,725.0,0.0,7.10945874e-05
-6,42,726.0,0.0,6.15747757e-05
-6,42,727.0,0.0,9.458899499999999e-05
-6,42,728.0,0.0,5.89437224e-05
-6,42,729.0,0.0,2.65372135e-05
-6,42,730.0,0.0,6.86714798e-05
-6,42,731.0,0.0,0.000113580391
-6,42,732.0,0.0,7.25346431e-05
-6,42,733.0,0.0,5.17509803e-05
-6,42,734.0,0.0,9.038433429999999e-05
-6,42,735.0,0.0,7.27515295e-05
-6,42,736.0,0.0,8.922206609999999e-05
-6,42,737.0,0.0,7.74051696e-05
-6,42,738.0,0.0,8.37171152e-05
-6,42,739.0,0.0,7.31217489e-05
-6,42,740.0,0.0,7.22422451e-05
-6,42,741.0,0.0,9.4273068e-05
-6,42,742.0,0.0,6.12692051e-05
-6,42,743.0,0.0,9.248822180000001e-05
-6,42,744.0,0.0,6.20732978e-05
-6,42,745.0,0.0,0.000125326395
-6,42,746.0,0.0,0.000104615934
-6,42,747.0,0.0,8.62726718e-05
-6,42,748.0,0.0,6.72521442e-05
-6,42,749.0,0.0,8.065906170000001e-05
-6,42,750.0,0.0,7.61557668e-05
-6,42,751.0,0.0,0.000100863889
-6,42,752.0,0.0,0.000103334717
-6,42,753.0,0.0,6.591034680000001e-05
-6,42,754.0,0.0,6.929314139999999e-05
-6,42,755.0,0.0,7.45319277e-05
-6,42,756.0,0.0,9.74545777e-05
-6,42,757.0,0.0,6.31581545e-05
-6,42,758.0,0.0,6.98833689e-05
-6,42,759.0,0.0,8.41574296e-05
-6,42,760.0,0.0,3.2259917400000002e-06
-6,42,761.0,0.0,1.6771171899999999e-06
-6,42,762.0,0.0,1.77821796e-05
-6,42,763.0,0.0,6.20820187e-06
-6,42,764.0,0.0,1.5359063600000002e-05
-6,42,765.0,0.0,2.0644595799999998e-05
-6,42,766.0,0.0,5.6865397800000004e-05
-6,42,767.0,0.0,3.58793363e-05
-6,42,768.0,0.0,6.411153079999999e-05
-6,42,769.0,0.0,0.000109786205
-6,42,770.0,0.0,0.000121316381
-6,42,771.0,0.0,9.5600605e-05
-6,42,772.0,0.0,0.000103735849
-6,42,773.0,0.0,6.63434938e-05
-6,42,774.0,0.0,7.45407268e-05
-6,42,775.0,0.0,8.32838118e-05
-6,42,776.0,0.0,9.25538018e-05
-6,42,777.0,0.0,9.55666825e-05
-6,42,778.0,0.0,9.82478932e-05
-6,42,779.0,0.0,7.184094940000001e-05
-6,42,780.0,0.0,9.73724723e-05
-6,42,781.0,0.0,9.40561965e-05
-6,42,782.0,0.0,9.59177017e-05
-6,42,783.0,0.0,0.00011739289
-6,42,784.0,0.0,0.00011470274599999999
-6,42,785.0,0.0,6.60237148e-05
-6,42,786.0,0.0,8.96795914e-05
-6,42,787.0,0.0,9.45114121e-05
-6,42,788.0,0.0,6.51185885e-05
-6,42,789.0,0.0,8.951642360000001e-05
-6,42,790.0,0.0,5.61277494e-05
-6,42,791.0,0.0,5.88910207e-05
-6,42,792.0,0.0,4.42953408e-05
-6,42,793.0,0.0,7.24423677e-05
-6,42,794.0,0.0,8.237335090000001e-05
-6,42,795.0,0.0,4.81370799e-05
-6,42,796.0,0.0,6.07688949e-05
-6,42,797.0,0.0,8.13363045e-05
-6,42,798.0,0.0,6.52527586e-05
-6,42,799.0,0.0,7.67938271e-05
-6,42,800.0,0.0,9.927117820000001e-05
-6,42,801.0,0.0,9.21191722e-05
-6,42,802.0,0.0,4.5906860399999996e-05
-6,42,803.0,0.0,7.67746717e-05
-6,42,804.0,0.0,5.9906814199999995e-05
-6,42,805.0,0.0,6.895624100000001e-05
-6,42,806.0,0.0,7.17206448e-05
-6,42,807.0,0.0,5.7976171399999996e-05
-6,42,808.0,0.0,8.967261760000001e-05
-6,42,809.0,0.0,7.21570328e-05
-6,42,810.0,0.0,9.736796470000001e-05
-6,42,811.0,0.0,6.253624709999999e-05
-6,42,812.0,0.0,6.150842830000001e-05
-6,42,813.0,0.0,5.37866354e-05
-6,42,814.0,0.0,5.5569961700000006e-05
-6,42,815.0,0.0,4.38500643e-05
-6,42,816.0,0.0,4.60356399e-05
-6,42,817.0,0.0,5.15266247e-05
-6,42,818.0,0.0,5.3303279000000004e-05
-6,42,819.0,0.0,3.6288172e-05
-6,42,820.0,0.0,4.5155018599999996e-05
-6,42,821.0,0.0,6.01952337e-05
-6,42,822.0,0.0,6.437104940000001e-05
-6,42,823.0,0.0,3.3439543100000007e-05
-6,42,824.0,0.0,2.83519104e-05
-6,42,825.0,0.0,5.4862286900000004e-05
-6,42,826.0,0.0,3.7261240199999994e-05
-6,42,827.0,0.0,7.689893250000001e-05
-6,42,828.0,0.0,5.90685382e-05
-6,42,829.0,0.0,6.160294639999999e-05
-6,42,830.0,0.0,7.933177800000001e-05
-4,21,360.0,0.0,0.000504405022
-4,21,361.0,0.0,0.000396397501
-4,21,362.0,0.0,0.000431952715
-4,21,363.0,0.0,0.000459123224
-4,21,364.0,0.0,0.00045186954699999996
-4,21,365.0,0.0,0.000424870968
-4,21,366.0,0.0,0.0006420114639999999
-4,21,367.0,0.0,0.0004887474179999999
-4,21,368.0,0.0,0.000541532993
-4,21,369.0,0.0,0.000446691006
-4,21,370.0,0.0,0.0005622627740000001
-4,21,371.0,0.0,0.000431108326
-4,21,372.0,0.0,0.000455145001
-4,21,373.0,0.0,0.000474234641
-4,21,374.0,0.0,0.0003456285
-4,21,375.0,0.0,0.000343679905
-4,21,376.0,0.0,0.0005202832219999999
-4,21,377.0,0.0,0.00048255205200000003
-4,21,378.0,0.0,0.0006306665540000001
-4,21,379.0,0.0,0.000532916129
-4,21,380.0,0.0,0.00045431962599999995
-4,21,381.0,0.0,0.000497418851
-4,21,382.0,0.0,0.000453808129
-4,21,383.0,0.0,0.000293618351
-4,21,384.0,0.0,0.00025911205999999996
-4,21,385.0,0.0,0.000484833807
-4,21,386.0,0.0,0.000359696746
-4,21,387.0,0.0,0.000409036487
-4,21,388.0,0.0,0.00035785976099999997
-4,21,389.0,0.0,0.000476654679
-4,21,390.0,0.0,0.000565222919
-4,21,391.0,0.0,0.000644056857
-4,21,392.0,0.0,0.0005486851929999999
-4,21,393.0,0.0,0.000341087759
-4,21,394.0,0.0,0.00029141444
-4,21,395.0,0.0,0.000511664152
-4,21,396.0,0.0,0.000580806673
-4,21,397.0,0.0,0.000199980393
-4,21,398.0,0.0,0.000634729087
-4,21,399.0,0.0,0.0007329939600000001
-4,21,400.0,0.0,0.000689923882
-4,21,401.0,0.0,0.000747526824
-4,21,402.0,0.0,0.0008047817350000001
-4,21,403.0,0.0,0.0006999875309999999
-4,21,404.0,0.0,0.000736758947
-4,21,405.0,0.0,0.000707505703
-4,21,406.0,0.0,0.000659248173
-4,21,407.0,0.0,0.000703185499
-4,21,408.0,0.0,0.0007476677299999999
-4,21,409.0,0.0,0.000872421145
-4,21,410.0,0.0,0.0007090123889999999
-4,21,411.0,0.0,0.000810336173
-4,21,412.0,0.0,0.00077251178
-4,21,413.0,0.0,0.0007983273269999999
-4,21,414.0,0.0,0.0007461756470000001
-4,21,415.0,0.0,0.000802495182
-4,21,416.0,0.0,0.000793747425
-4,21,417.0,0.0,0.000785020769
-4,21,418.0,0.0,0.0007924045320000001
-4,21,419.0,0.0,0.000760046184
-4,21,420.0,0.0,0.000699462593
-4,21,421.0,0.0,0.000775833964
-4,21,422.0,0.0,0.000794187844
-4,21,423.0,0.0,0.000709048152
-4,21,424.0,0.0,0.000664233744
-4,21,425.0,0.0,0.000710674465
-4,21,426.0,0.0,0.000652221799
-4,21,427.0,0.0,0.000718108058
-4,21,428.0,0.0,0.000732165992
-4,21,429.0,0.0,0.000640065551
-4,21,430.0,0.0,0.000584261715
-4,21,431.0,0.0,0.000471489072
-4,21,432.0,0.0,0.0007761026020000001
-4,21,433.0,0.0,0.0007551047800000001
-4,21,434.0,0.0,0.000675589859
-4,21,435.0,0.0,0.0007361271379999999
-4,21,436.0,0.0,0.000786776781
-4,21,437.0,0.0,0.0008093396430000001
-4,21,438.0,0.0,0.000716785967
-4,21,439.0,0.0,0.0006856203079999999
-4,21,440.0,0.0,0.000734650016
-4,21,441.0,0.0,0.000807655573
-4,21,442.0,0.0,0.0008634444479999999
-4,21,443.0,0.0,0.000940856099
-4,21,444.0,0.0,0.000805904448
-4,21,445.0,0.0,0.000893626213
-4,21,446.0,0.0,0.0008518396019999999
-4,21,447.0,0.0,0.0009087852239999999
-4,21,448.0,0.0,0.000819559157
-4,21,449.0,0.0,0.000858940005
-4,21,450.0,0.0,0.000908427238
-4,21,451.0,0.0,0.0009493963720000001
-4,21,452.0,0.0,0.0009420831800000001
-4,21,453.0,0.0,0.00087864387
-4,21,454.0,0.0,0.000846170008
-4,21,455.0,0.0,0.000933555484
-4,21,456.0,0.0,0.000987635076
-4,21,457.0,0.0,0.000957137346
-4,21,458.0,0.0,0.0008869162200000001
-4,21,459.0,0.0,0.000909144819
-4,21,460.0,0.0,0.0008658242819999999
-4,21,461.0,0.0,0.00089823246
-4,21,462.0,0.0,0.000908076704
-4,21,463.0,0.0,0.000875272274
-4,21,464.0,0.0,0.000891923726
-4,21,465.0,0.0,0.000848933816
-4,21,466.0,0.0,0.000877773821
-4,21,467.0,0.0,0.0008986647129999999
-4,21,468.0,0.0,0.0008867915870000001
-4,21,469.0,0.0,0.00098380661
-4,21,470.0,0.0,0.000908242226
-4,21,471.0,0.0,0.000938978493
-4,21,472.0,0.0,0.000988224089
-4,21,473.0,0.0,0.000997617483
-4,21,474.0,0.0,0.000996750951
-4,21,475.0,0.0,0.00088689214
-4,21,476.0,0.0,0.000959688783
-4,21,477.0,0.0,0.000929224074
-4,21,478.0,0.0,0.000980283737
-4,21,479.0,0.0,0.000828780532
-4,21,480.0,0.0,0.000867570817
-4,21,481.0,0.0,0.000836440921
-4,21,482.0,0.0,0.000896047592
-4,21,483.0,0.0,0.000959055305
-4,21,484.0,0.0,0.0009318292139999999
-4,21,485.0,0.0,0.000891466677
-4,21,486.0,0.0,0.000714397669
-4,21,487.0,0.0,0.000796845675
-4,21,488.0,0.0,0.000814318836
-4,21,489.0,0.0,0.000751609325
-4,21,490.0,0.0,0.000890647411
-4,21,491.0,0.0,0.000803358555
-4,21,492.0,0.0,0.000884598792
-4,21,493.0,0.0,0.000861092627
-4,21,494.0,0.0,0.0008051469329999999
-4,21,495.0,0.0,0.000970156848
-4,21,496.0,0.0,0.0008521125320000001
-4,21,497.0,0.0,0.0007429720760000001
-4,21,498.0,0.0,0.0007815199489999999
-4,21,499.0,0.0,0.000813860774
-4,21,500.0,0.0,0.0007648969289999999
-4,21,501.0,0.0,0.000719459772
-4,21,502.0,0.0,0.0007484182120000001
-4,21,503.0,0.0,0.000728547633
-4,21,504.0,0.0,0.000674441576
-4,21,505.0,0.0,0.0007001443510000001
-4,21,506.0,0.0,0.000809495687
-4,21,507.0,0.0,0.0007084664109999999
-4,21,508.0,0.0,0.000723128915
-4,21,509.0,0.0,0.0007674261930000001
-4,21,510.0,0.0,0.000680570781
-4,21,511.0,0.0,0.000730282366
-4,21,512.0,0.0,0.000742488742
-4,21,513.0,0.0,0.0006959837079999999
-4,21,514.0,0.0,0.0007358900900000001
-4,21,515.0,0.0,0.000701005697
-4,21,516.0,0.0,0.000726127148
-4,21,517.0,0.0,0.000555046678
-4,21,518.0,0.0,0.000689852476
-4,21,519.0,0.0,0.0006308621169999999
-4,21,520.0,0.0,0.000684712946
-4,21,521.0,0.0,0.0006585967539999999
-4,21,522.0,0.0,0.000706009507
-4,21,523.0,0.0,0.0006279708149999999
-4,21,524.0,0.0,0.000675331175
-4,21,525.0,0.0,0.0006258665319999999
-4,21,526.0,0.0,0.000596900284
-4,21,527.0,0.0,0.0005480054020000001
-4,21,528.0,0.0,0.000631773949
-4,21,529.0,0.0,0.000649227977
-4,21,530.0,0.0,0.0005432356600000001
-4,21,531.0,0.0,0.000589584291
-4,21,532.0,0.0,0.0005896427039999999
-4,21,533.0,0.0,0.000496835023
-4,21,534.0,0.0,0.00057922399
-4,21,535.0,0.0,0.0005991503
-4,21,536.0,0.0,0.000593593955
-4,21,537.0,0.0,0.000551468909
-4,21,538.0,0.0,0.000590727687
-4,21,539.0,0.0,0.000534565806
-4,21,540.0,0.0,0.0005711764099999999
-4,21,541.0,0.0,0.00048997575
-4,21,542.0,0.0,0.000622194052
-4,21,543.0,0.0,0.000466542721
-4,21,544.0,0.0,0.0005449810029999999
-4,21,545.0,0.0,0.000562339306
-4,21,546.0,0.0,0.000500074983
-4,21,547.0,0.0,0.0005412756199999999
-4,21,548.0,0.0,0.000506005466
-4,21,549.0,0.0,0.0005452989940000001
-4,21,550.0,0.0,0.000539553225
-4,21,551.0,0.0,0.000492735773
-4,21,552.0,0.0,0.000541060686
-4,21,553.0,0.0,0.000472768366
-4,21,554.0,0.0,0.000565078914
-4,21,555.0,0.0,0.000512845814
-4,21,556.0,0.0,0.00047184580599999996
-4,21,557.0,0.0,0.000454656601
-4,21,558.0,0.0,0.000439481139
-4,21,559.0,0.0,0.00045684266099999996
-4,21,560.0,0.0,0.00045905441
-4,21,561.0,0.0,0.00045530772200000005
-4,21,562.0,0.0,0.00042956712800000003
-4,21,563.0,0.0,0.000473922193
-4,21,564.0,0.0,0.000443911999
-4,21,565.0,0.0,0.000422047734
-4,21,566.0,0.0,0.000401471227
-4,21,567.0,0.0,0.0004077546
-4,21,568.0,0.0,0.00038133448399999995
-4,21,569.0,0.0,0.000352157861
-4,21,570.0,0.0,0.000359802216
-4,21,571.0,0.0,0.0003468934
-4,21,572.0,0.0,0.000348546386
-4,21,573.0,0.0,0.000366545647
-4,21,574.0,0.0,0.000322556853
-4,21,575.0,0.0,0.000298823595
-4,21,576.0,0.0,0.000325367808
-4,21,577.0,0.0,0.000367477447
-4,21,578.0,0.0,0.000300565481
-4,21,579.0,0.0,0.000352117091
-4,21,580.0,0.0,0.000346300006
-4,21,581.0,0.0,0.000356407225
-4,21,582.0,0.0,0.000349298894
-4,21,583.0,0.0,0.00035451498599999996
-4,21,584.0,0.0,0.000373818576
-4,21,585.0,0.0,0.000381979972
-4,21,586.0,0.0,0.000352104813
-4,21,587.0,0.0,0.00039297387
-4,21,588.0,0.0,0.000397286832
-4,21,589.0,0.0,0.000342106044
-4,21,590.0,0.0,0.000342818052
-4,21,591.0,0.0,0.000394502014
-4,21,592.0,0.0,0.000313015312
-4,21,593.0,0.0,0.00042682531499999997
-4,21,594.0,0.0,0.00034301963400000003
-4,21,595.0,0.0,0.000343905985
-4,21,596.0,0.0,0.000369516194
-4,21,597.0,0.0,0.00038288804900000003
-4,21,598.0,0.0,0.00034646210100000005
-4,21,599.0,0.0,0.000338341832
-4,21,600.0,0.0,0.000311571062
-4,21,601.0,0.0,0.000343839347
-4,21,602.0,0.0,0.00030923920900000003
-4,21,603.0,0.0,0.000315104067
-4,21,604.0,0.0,0.000356062084
-4,21,605.0,0.0,0.000352435023
-4,21,606.0,0.0,0.000390746236
-4,21,607.0,0.0,0.000339990973
-4,21,608.0,0.0,0.000394318491
-4,21,609.0,0.0,0.000377963573
-4,21,610.0,0.0,0.000405484915
-4,21,611.0,0.0,0.00040896871699999996
-4,21,612.0,0.0,0.000405526251
-4,21,613.0,0.0,0.00040170604
-4,21,614.0,0.0,0.00035437577999999995
-4,21,615.0,0.0,0.000377089262
-4,21,616.0,0.0,0.000339954823
-4,21,617.0,0.0,0.00033906307800000003
-4,21,618.0,0.0,0.00041003277900000004
-4,21,619.0,0.0,0.000393885791
-4,21,620.0,0.0,0.000437921345
-4,21,621.0,0.0,0.000403638184
-4,21,622.0,0.0,0.000394103706
-4,21,623.0,0.0,0.000414615691
-4,21,624.0,0.0,0.000371090531
-4,21,625.0,0.0,0.000352409899
-4,21,626.0,0.0,0.00038582018000000003
-4,21,627.0,0.0,0.000387789905
-4,21,628.0,0.0,0.000399925232
-4,21,629.0,0.0,0.00038940385
-4,21,630.0,0.0,0.00038821694299999996
-4,21,631.0,0.0,0.000421488225
-4,21,632.0,0.0,0.000440742195
-4,21,633.0,0.0,0.000474621564
-4,21,634.0,0.0,0.00043199750799999997
-4,21,635.0,0.0,0.000461626559
-4,21,636.0,0.0,0.000434613347
-4,21,637.0,0.0,0.000489696026
-4,21,638.0,0.0,0.0004963051379999999
-4,21,639.0,0.0,0.000519944847
-4,21,640.0,0.0,0.00049130398
-4,21,641.0,0.0,0.000517539799
-4,21,642.0,0.0,0.00056464684
-4,21,643.0,0.0,0.0005350922350000001
-4,21,644.0,0.0,0.000496183485
-4,21,645.0,0.0,0.000538525403
-4,21,646.0,0.0,0.000471322596
-4,21,647.0,0.0,0.000485106409
-4,21,648.0,0.0,0.000445719689
-4,21,649.0,0.0,0.00045088315
-4,21,650.0,0.0,0.000520442009
-4,21,651.0,0.0,0.000549839079
-4,21,652.0,0.0,0.0005750193
-4,21,653.0,0.0,0.0005031905169999999
-4,21,654.0,0.0,0.0005987195969999999
-4,21,655.0,0.0,0.000569877326
-4,21,656.0,0.0,0.0005093470810000001
-4,21,657.0,0.0,0.000477973521
-4,21,658.0,0.0,0.000580870986
-4,21,659.0,0.0,0.000604039431
-4,21,660.0,0.0,0.000526486933
-4,21,661.0,0.0,0.000552435219
-4,21,662.0,0.0,0.000646867275
-4,21,663.0,0.0,0.000588463485
-4,21,664.0,0.0,0.000585229039
-4,21,665.0,0.0,0.0006110858919999999
-4,21,666.0,0.0,0.000635838032
-4,21,667.0,0.0,0.000612758934
-4,21,668.0,0.0,0.000596847117
-4,21,669.0,0.0,0.0005947132710000001
-4,21,670.0,0.0,0.000573167741
-4,21,671.0,0.0,0.000674541831
-4,21,672.0,0.0,0.000607445836
-4,21,673.0,0.0,0.000671000719
-4,21,674.0,0.0,0.000635974228
-4,21,675.0,0.0,0.000628211856
-4,21,676.0,0.0,0.000687978625
-4,21,677.0,0.0,0.000663840055
-4,21,678.0,0.0,0.000646779835
-4,21,679.0,0.0,0.000647843957
-4,21,680.0,0.0,0.000626240075
-4,21,681.0,0.0,0.000700889766
-4,21,682.0,0.0,0.000698655963
-4,21,683.0,0.0,0.000625100076
-4,21,684.0,0.0,0.000693875611
-4,21,685.0,0.0,0.000656010211
-4,21,686.0,0.0,0.000746251166
-4,21,687.0,0.0,0.000266441673
-4,21,688.0,0.0,0.000390326798
-4,21,689.0,0.0,0.000450689584
-4,21,690.0,0.0,0.00048685646100000003
-4,21,691.0,0.0,0.000525411427
-4,21,692.0,0.0,0.000662079692
-4,21,693.0,0.0,0.000606788993
-4,21,694.0,0.0,0.000574019015
-4,21,695.0,0.0,0.000666569054
-4,21,696.0,0.0,0.000615271509
-4,21,697.0,0.0,0.000730240405
-4,21,698.0,0.0,0.000624719977
-4,21,699.0,0.0,0.000667292416
-4,21,700.0,0.0,0.000609080672
-4,21,701.0,0.0,0.000584443688
-4,21,702.0,0.0,0.000673530042
-4,21,703.0,0.0,0.000657791436
-4,21,704.0,0.0,0.000696096957
-4,21,705.0,0.0,0.000612157226
-4,21,706.0,0.0,0.000629413307
-4,21,707.0,0.0,0.000703932941
-4,21,708.0,0.0,0.000721806407
-4,21,709.0,0.0,0.000751305819
-4,21,710.0,0.0,0.000710214436
-4,21,711.0,0.0,0.0007365762
-4,21,712.0,0.0,0.00069388938
-4,21,713.0,0.0,0.0006319436430000001
-4,21,714.0,0.0,0.000683043718
-4,21,715.0,0.0,0.000643412054
-4,21,716.0,0.0,0.000592630267
-4,21,717.0,0.0,0.000635023296
-4,21,718.0,0.0,0.000451618046
-4,21,719.0,0.0,0.000494411319
-4,21,720.0,0.0,0.00045044288
-4,21,721.0,0.0,0.00057984215
-4,21,722.0,0.0,0.0006440879699999999
-4,21,723.0,0.0,0.000607924283
-4,21,724.0,0.0,0.000463330179
-4,21,725.0,0.0,0.00039683634
-4,21,726.0,0.0,0.00052982986
-4,21,727.0,0.0,0.0005270773170000001
-4,21,728.0,0.0,0.000452078223
-4,21,729.0,0.0,0.00047973051700000004
-4,21,730.0,0.0,0.000571576655
-4,21,731.0,0.0,0.000518247843
-4,21,732.0,0.0,0.0005285911559999999
-4,21,733.0,0.0,0.000600678623
-4,21,734.0,0.0,0.000700011492
-4,21,735.0,0.0,0.000652424216
-4,21,736.0,0.0,0.000682459831
-4,21,737.0,0.0,0.00064233005
-4,21,738.0,0.0,0.0006726197000000001
-4,21,739.0,0.0,0.000634978414
-4,21,740.0,0.0,0.0006422820689999999
-4,21,741.0,0.0,0.000688720345
-4,21,742.0,0.0,0.00070029968
-4,21,743.0,0.0,0.000709386885
-4,21,744.0,0.0,0.000702961981
-4,21,745.0,0.0,0.000715146184
-4,21,746.0,0.0,0.0007487266660000001
-4,21,747.0,0.0,0.000686920047
-4,21,748.0,0.0,0.000817447007
-4,21,749.0,0.0,0.0008124545810000001
-4,21,750.0,0.0,0.000769039929
-4,21,751.0,0.0,0.000739222765
-4,21,752.0,0.0,0.000751379609
-4,21,753.0,0.0,0.0008155211810000001
-4,21,754.0,0.0,0.000711642504
-4,21,755.0,0.0,0.000693004549
-4,21,756.0,0.0,0.00071951735
-4,21,757.0,0.0,0.00064107281
-4,21,758.0,0.0,0.000725037873
-4,21,759.0,0.0,0.000607235491
-4,21,760.0,0.0,3.37666012e-05
-4,21,761.0,0.0,1.55398464e-05
-4,21,762.0,0.0,0.000164849266
-4,21,763.0,0.0,0.000101713285
-4,21,764.0,0.0,0.00012645895800000002
-4,21,765.0,0.0,0.00024258485399999998
-4,21,766.0,0.0,0.000449748755
-4,21,767.0,0.0,0.000420041442
-4,21,768.0,0.0,0.000645966828
-4,21,769.0,0.0,0.0006735581160000001
-4,21,770.0,0.0,0.000602751374
-4,21,771.0,0.0,0.000684250236
-4,21,772.0,0.0,0.000653249145
-4,21,773.0,0.0,0.000681165516
-4,21,774.0,0.0,0.000631660163
-4,21,775.0,0.0,0.000564514518
-4,21,776.0,0.0,0.0007729362850000001
-4,21,777.0,0.0,0.000679960012
-4,21,778.0,0.0,0.000698273778
-4,21,779.0,0.0,0.000688469231
-4,21,780.0,0.0,0.000640032709
-4,21,781.0,0.0,0.000734270275
-4,21,782.0,0.0,0.000722549856
-4,21,783.0,0.0,0.0007018857
-4,21,784.0,0.0,0.000715890884
-4,21,785.0,0.0,0.0006393499969999999
-4,21,786.0,0.0,0.000617850602
-4,21,787.0,0.0,0.000693003297
-4,21,788.0,0.0,0.000527505696
-4,21,789.0,0.0,0.0006223701240000001
-4,21,790.0,0.0,0.000556016862
-4,21,791.0,0.0,0.000625117898
-4,21,792.0,0.0,0.000651798368
-4,21,793.0,0.0,0.0007219955329999999
-4,21,794.0,0.0,0.0007217176560000001
-4,21,795.0,0.0,0.0006066885589999999
-4,21,796.0,0.0,0.000472837985
-4,21,797.0,0.0,0.000613394558
-4,21,798.0,0.0,0.000646199405
-4,21,799.0,0.0,0.000676433802
-4,21,800.0,0.0,0.000703638792
-4,21,801.0,0.0,0.000589745402
-4,21,802.0,0.0,0.000598528266
-4,21,803.0,0.0,0.0005954202410000001
-4,21,804.0,0.0,0.000627621889
-4,21,805.0,0.0,0.0006730143429999999
-4,21,806.0,0.0,0.000651137769
-4,21,807.0,0.0,0.000530458152
-4,21,808.0,0.0,0.0005927256939999999
-4,21,809.0,0.0,0.000624632716
-4,21,810.0,0.0,0.00046306973699999996
-4,21,811.0,0.0,0.000494412392
-4,21,812.0,0.0,0.000504909337
-4,21,813.0,0.0,0.000465205729
-4,21,814.0,0.0,0.000446353972
-4,21,815.0,0.0,0.000446828902
-4,21,816.0,0.0,0.000501402259
-4,21,817.0,0.0,0.000317808658
-4,21,818.0,0.0,0.000430283427
-4,21,819.0,0.0,0.000367256373
-4,21,820.0,0.0,0.0004064219
-4,21,821.0,0.0,0.000503224373
-4,21,822.0,0.0,0.00046940728999999995
-4,21,823.0,0.0,0.000287500739
-4,21,824.0,0.0,0.000431243151
-4,21,825.0,0.0,0.000478395015
-4,21,826.0,0.0,0.000412287682
-4,21,827.0,0.0,0.000518176734
-4,21,828.0,0.0,0.00035553872600000005
-4,21,829.0,0.0,0.000480372965
-4,21,830.0,0.0,0.00049725768
-4,42,360.0,0.0,0.0005002007480000001
-4,42,361.0,0.0,0.00039722597599999997
-4,42,362.0,0.0,0.000359461486
-4,42,363.0,0.0,0.000417347103
-4,42,364.0,0.0,0.00043156755
-4,42,365.0,0.0,0.00039609357699999995
-4,42,366.0,0.0,0.000597704411
-4,42,367.0,0.0,0.000499364555
-4,42,368.0,0.0,0.000483584315
-4,42,369.0,0.0,0.000474965096
-4,42,370.0,0.0,0.0005644026989999999
-4,42,371.0,0.0,0.000378298908
-4,42,372.0,0.0,0.000488829881
-4,42,373.0,0.0,0.00046157956100000003
-4,42,374.0,0.0,0.000353372782
-4,42,375.0,0.0,0.00035894465399999997
-4,42,376.0,0.0,0.00044364655
-4,42,377.0,0.0,0.00044816187000000003
-4,42,378.0,0.0,0.000644777358
-4,42,379.0,0.0,0.000506946027
-4,42,380.0,0.0,0.000443211854
-4,42,381.0,0.0,0.00047744396300000003
-4,42,382.0,0.0,0.000375763983
-4,42,383.0,0.0,0.000270624816
-4,42,384.0,0.0,0.000280620873
-4,42,385.0,0.0,0.000425928712
-4,42,386.0,0.0,0.00035166460300000004
-4,42,387.0,0.0,0.00042401737
-4,42,388.0,0.0,0.00037535327699999996
-4,42,389.0,0.0,0.000466519713
-4,42,390.0,0.0,0.0005380786060000001
-4,42,391.0,0.0,0.0006407197709999999
-4,42,392.0,0.0,0.000533989727
-4,42,393.0,0.0,0.00026504978499999996
-4,42,394.0,0.0,0.000306219906
-4,42,395.0,0.0,0.000469925642
-4,42,396.0,0.0,0.000521396816
-4,42,397.0,0.0,0.000215343624
-4,42,398.0,0.0,0.000615507782
-4,42,399.0,0.0,0.0007024381760000001
-4,42,400.0,0.0,0.000696900427
-4,42,401.0,0.0,0.000715884387
-4,42,402.0,0.0,0.0007967920899999999
-4,42,403.0,0.0,0.0007435908909999999
-4,42,404.0,0.0,0.000759223342
-4,42,405.0,0.0,0.000680705607
-4,42,406.0,0.0,0.000717844188
-4,42,407.0,0.0,0.000723265827
-4,42,408.0,0.0,0.000687378347
-4,42,409.0,0.0,0.00083543694
-4,42,410.0,0.0,0.0005882958769999999
-4,42,411.0,0.0,0.000778525889
-4,42,412.0,0.0,0.00079315412
-4,42,413.0,0.0,0.000796020746
-4,42,414.0,0.0,0.000785620868
-4,42,415.0,0.0,0.000759111226
-4,42,416.0,0.0,0.0007740008229999999
-4,42,417.0,0.0,0.000895879745
-4,42,418.0,0.0,0.000748141468
-4,42,419.0,0.0,0.000756186962
-4,42,420.0,0.0,0.000627314031
-4,42,421.0,0.0,0.000744365811
-4,42,422.0,0.0,0.000746494889
-4,42,423.0,0.0,0.000624361694
-4,42,424.0,0.0,0.000741858304
-4,42,425.0,0.0,0.0007601367239999999
-4,42,426.0,0.0,0.000766362369
-4,42,427.0,0.0,0.000691835105
-4,42,428.0,0.0,0.000718017638
-4,42,429.0,0.0,0.000597486317
-4,42,430.0,0.0,0.000526467741
-4,42,431.0,0.0,0.000460704625
-4,42,432.0,0.0,0.0007814219
-4,42,433.0,0.0,0.000713509321
-4,42,434.0,0.0,0.000664253771
-4,42,435.0,0.0,0.000671238005
-4,42,436.0,0.0,0.000899661124
-4,42,437.0,0.0,0.000859832525
-4,42,438.0,0.0,0.000690882683
-4,42,439.0,0.0,0.00075274545
-4,42,440.0,0.0,0.00076845336
-4,42,441.0,0.0,0.00079482007
-4,42,442.0,0.0,0.000879170537
-4,42,443.0,0.0,0.000819584966
-4,42,444.0,0.0,0.000837904096
-4,42,445.0,0.0,0.00090017271
-4,42,446.0,0.0,0.000787099004
-4,42,447.0,0.0,0.0009454058410000001
-4,42,448.0,0.0,0.000854627013
-4,42,449.0,0.0,0.000857638359
-4,42,450.0,0.0,0.000938348055
-4,42,451.0,0.0,0.000955212831
-4,42,452.0,0.0,0.000961723268
-4,42,453.0,0.0,0.000895661473
-4,42,454.0,0.0,0.000942687511
-4,42,455.0,0.0,0.000900929272
-4,42,456.0,0.0,0.0009535238150000001
-4,42,457.0,0.0,0.000946669757
-4,42,458.0,0.0,0.000896296918
-4,42,459.0,0.0,0.000958991587
-4,42,460.0,0.0,0.0009112862349999999
-4,42,461.0,0.0,0.000876603544
-4,42,462.0,0.0,0.000935003757
-4,42,463.0,0.0,0.0009063832160000001
-4,42,464.0,0.0,0.000883595824
-4,42,465.0,0.0,0.000937700808
-4,42,466.0,0.0,0.0008777229789999999
-4,42,467.0,0.0,0.0008880108
-4,42,468.0,0.0,0.000876007199
-4,42,469.0,0.0,0.0009264236689999999
-4,42,470.0,0.0,0.000930033326
-4,42,471.0,0.0,0.0009135240909999999
-4,42,472.0,0.0,0.0008660821319999999
-4,42,473.0,0.0,0.000962205112
-4,42,474.0,0.0,0.0008847324250000001
-4,42,475.0,0.0,0.000885156274
-4,42,476.0,0.0,0.000929976761
-4,42,477.0,0.0,0.0008957329389999999
-4,42,478.0,0.0,0.0009517712590000001
-4,42,479.0,0.0,0.000823318243
-4,42,480.0,0.0,0.000837142229
-4,42,481.0,0.0,0.000842359483
-4,42,482.0,0.0,0.000861361861
-4,42,483.0,0.0,0.0009107950929999999
-4,42,484.0,0.0,0.000828840613
-4,42,485.0,0.0,0.000829671741
-4,42,486.0,0.0,0.000731517255
-4,42,487.0,0.0,0.0008443269730000001
-4,42,488.0,0.0,0.000858010411
-4,42,489.0,0.0,0.000693344712
-4,42,490.0,0.0,0.0009024866820000001
-4,42,491.0,0.0,0.000884650588
-4,42,492.0,0.0,0.000872133374
-4,42,493.0,0.0,0.0008982375259999999
-4,42,494.0,0.0,0.000844154477
-4,42,495.0,0.0,0.000894496322
-4,42,496.0,0.0,0.0009135140779999999
-4,42,497.0,0.0,0.000866149545
-4,42,498.0,0.0,0.000792663157
-4,42,499.0,0.0,0.0007845762969999999
-4,42,500.0,0.0,0.0008143861890000001
-4,42,501.0,0.0,0.000727233768
-4,42,502.0,0.0,0.0006939957140000001
-4,42,503.0,0.0,0.000743740261
-4,42,504.0,0.0,0.0006587002870000001
-4,42,505.0,0.0,0.0007422924640000001
-4,42,506.0,0.0,0.000783685863
-4,42,507.0,0.0,0.000689746439
-4,42,508.0,0.0,0.000652774453
-4,42,509.0,0.0,0.000733253062
-4,42,510.0,0.0,0.000757488132
-4,42,511.0,0.0,0.000753577173
-4,42,512.0,0.0,0.0007648013230000001
-4,42,513.0,0.0,0.000727803171
-4,42,514.0,0.0,0.000686582267
-4,42,515.0,0.0,0.000687794209
-4,42,516.0,0.0,0.000768889189
-4,42,517.0,0.0,0.000556628406
-4,42,518.0,0.0,0.000642816007
-4,42,519.0,0.0,0.000598460793
-4,42,520.0,0.0,0.000680070937
-4,42,521.0,0.0,0.000643819153
-4,42,522.0,0.0,0.000723985195
-4,42,523.0,0.0,0.0006797122960000001
-4,42,524.0,0.0,0.000694595575
-4,42,525.0,0.0,0.000693671644
-4,42,526.0,0.0,0.000620155632
-4,42,527.0,0.0,0.000535389364
-4,42,528.0,0.0,0.000616805971
-4,42,529.0,0.0,0.0006063712839999999
-4,42,530.0,0.0,0.000627563298
-4,42,531.0,0.0,0.0006100135450000001
-4,42,532.0,0.0,0.0006163770560000001
-4,42,533.0,0.0,0.000500373125
-4,42,534.0,0.0,0.000532377779
-4,42,535.0,0.0,0.00064056164
-4,42,536.0,0.0,0.000547047675
-4,42,537.0,0.0,0.0005917746419999999
-4,42,538.0,0.0,0.0005610014199999999
-4,42,539.0,0.0,0.000584282637
-4,42,540.0,0.0,0.000520593643
-4,42,541.0,0.0,0.000493299484
-4,42,542.0,0.0,0.0005207952260000001
-4,42,543.0,0.0,0.000497898728
-4,42,544.0,0.0,0.000529211819
-4,42,545.0,0.0,0.000509738445
-4,42,546.0,0.0,0.0005294202569999999
-4,42,547.0,0.0,0.000538063586
-4,42,548.0,0.0,0.000528008699
-4,42,549.0,0.0,0.0005441402199999999
-4,42,550.0,0.0,0.000516598165
-4,42,551.0,0.0,0.000467214584
-4,42,552.0,0.0,0.00048201713
-4,42,553.0,0.0,0.000497536957
-4,42,554.0,0.0,0.000482104003
-4,42,555.0,0.0,0.000530524313
-4,42,556.0,0.0,0.000439221919
-4,42,557.0,0.0,0.000479273826
-4,42,558.0,0.0,0.0005221678610000001
-4,42,559.0,0.0,0.000434795737
-4,42,560.0,0.0,0.00039733645299999996
-4,42,561.0,0.0,0.000453159541
-4,42,562.0,0.0,0.000413744867
-4,42,563.0,0.0,0.000458976537
-4,42,564.0,0.0,0.000452284485
-4,42,565.0,0.0,0.000392375678
-4,42,566.0,0.0,0.00039245522
-4,42,567.0,0.0,0.000401951283
-4,42,568.0,0.0,0.00035835716099999996
-4,42,569.0,0.0,0.000336499661
-4,42,570.0,0.0,0.00034230866999999997
-4,42,571.0,0.0,0.000326173127
-4,42,572.0,0.0,0.0003636145
-4,42,573.0,0.0,0.000389871657
-4,42,574.0,0.0,0.000339191467
-4,42,575.0,0.0,0.000320822626
-4,42,576.0,0.0,0.00036578899599999995
-4,42,577.0,0.0,0.00034494802400000004
-4,42,578.0,0.0,0.000320549607
-4,42,579.0,0.0,0.000359392196
-4,42,580.0,0.0,0.00036721193800000004
-4,42,581.0,0.0,0.00038169622399999997
-4,42,582.0,0.0,0.000411235571
-4,42,583.0,0.0,0.00038029468100000003
-4,42,584.0,0.0,0.000348624229
-4,42,585.0,0.0,0.00038412871999999996
-4,42,586.0,0.0,0.000383484364
-4,42,587.0,0.0,0.000432465106
-4,42,588.0,0.0,0.000406809926
-4,42,589.0,0.0,0.00031368634099999997
-4,42,590.0,0.0,0.000381320417
-4,42,591.0,0.0,0.000396978319
-4,42,592.0,0.0,0.000374215126
-4,42,593.0,0.0,0.00035928472900000004
-4,42,594.0,0.0,0.000345814407
-4,42,595.0,0.0,0.00038195285200000003
-4,42,596.0,0.0,0.000394736886
-4,42,597.0,0.0,0.000363143951
-4,42,598.0,0.0,0.000325437218
-4,42,599.0,0.0,0.000363416344
-4,42,600.0,0.0,0.000327852637
-4,42,601.0,0.0,0.000354728192
-4,42,602.0,0.0,0.000373003095
-4,42,603.0,0.0,0.000369781047
-4,42,604.0,0.0,0.000330814838
-4,42,605.0,0.0,0.000353979945
-4,42,606.0,0.0,0.000344222516
-4,42,607.0,0.0,0.00037611270000000003
-4,42,608.0,0.0,0.000349080026
-4,42,609.0,0.0,0.000367824048
-4,42,610.0,0.0,0.000359644711
-4,42,611.0,0.0,0.000431361318
-4,42,612.0,0.0,0.000356447995
-4,42,613.0,0.0,0.000332625806
-4,42,614.0,0.0,0.000386538088
-4,42,615.0,0.0,0.000391979814
-4,42,616.0,0.0,0.00035164398000000005
-4,42,617.0,0.0,0.000398890257
-4,42,618.0,0.0,0.000384097725
-4,42,619.0,0.0,0.000423196614
-4,42,620.0,0.0,0.000358410895
-4,42,621.0,0.0,0.00040073037099999995
-4,42,622.0,0.0,0.00037842679
-4,42,623.0,0.0,0.00044122532
-4,42,624.0,0.0,0.00044425380199999997
-4,42,625.0,0.0,0.000402993262
-4,42,626.0,0.0,0.000485044062
-4,42,627.0,0.0,0.000405503333
-4,42,628.0,0.0,0.00039392751500000003
-4,42,629.0,0.0,0.000405237585
-4,42,630.0,0.0,0.00041377762
-4,42,631.0,0.0,0.000396235734
-4,42,632.0,0.0,0.00036410141
-4,42,633.0,0.0,0.00047276917099999997
-4,42,634.0,0.0,0.000398061037
-4,42,635.0,0.0,0.000464699775
-4,42,636.0,0.0,0.000405906141
-4,42,637.0,0.0,0.000459551394
-4,42,638.0,0.0,0.000540953517
-4,42,639.0,0.0,0.000510173023
-4,42,640.0,0.0,0.000512688696
-4,42,641.0,0.0,0.000477974832
-4,42,642.0,0.0,0.000535896301
-4,42,643.0,0.0,0.000481424212
-4,42,644.0,0.0,0.000615649879
-4,42,645.0,0.0,0.000492045313
-4,42,646.0,0.0,0.0005128009919999999
-4,42,647.0,0.0,0.0005148783919999999
-4,42,648.0,0.0,0.000484627575
-4,42,649.0,0.0,0.00054600507
-4,42,650.0,0.0,0.000532896936
-4,42,651.0,0.0,0.000520973265
-4,42,652.0,0.0,0.000559147954
-4,42,653.0,0.0,0.0005339565280000001
-4,42,654.0,0.0,0.000530979633
-4,42,655.0,0.0,0.00044272968200000004
-4,42,656.0,0.0,0.00048057425
-4,42,657.0,0.0,0.000496634305
-4,42,658.0,0.0,0.000582732379
-4,42,659.0,0.0,0.000612239361
-4,42,660.0,0.0,0.00063797152
-4,42,661.0,0.0,0.0006236467359999999
-4,42,662.0,0.0,0.000633262515
-4,42,663.0,0.0,0.000637498915
-4,42,664.0,0.0,0.000584227681
-4,42,665.0,0.0,0.000614375353
-4,42,666.0,0.0,0.000634366095
-4,42,667.0,0.0,0.000676178694
-4,42,668.0,0.0,0.0006446957589999999
-4,42,669.0,0.0,0.000642797887
-4,42,670.0,0.0,0.0006222189660000001
-4,42,671.0,0.0,0.000676632464
-4,42,672.0,0.0,0.000644513071
-4,42,673.0,0.0,0.000692956328
-4,42,674.0,0.0,0.000705229282
-4,42,675.0,0.0,0.000668434918
-4,42,676.0,0.0,0.0006107794050000001
-4,42,677.0,0.0,0.000679961443
-4,42,678.0,0.0,0.000695429265
-4,42,679.0,0.0,0.000626912594
-4,42,680.0,0.0,0.0006225898859999999
-4,42,681.0,0.0,0.000618486404
-4,42,682.0,0.0,0.0007619641419999999
-4,42,683.0,0.0,0.000679001033
-4,42,684.0,0.0,0.000597886205
-4,42,685.0,0.0,0.000673121691
-4,42,686.0,0.0,0.0006706114410000001
-4,42,687.0,0.0,0.000226896971
-4,42,688.0,0.0,0.00038299292299999997
-4,42,689.0,0.0,0.000416999012
-4,42,690.0,0.0,0.00046025964600000005
-4,42,691.0,0.0,0.000538681805
-4,42,692.0,0.0,0.0005554056170000001
-4,42,693.0,0.0,0.0005837833289999999
-4,42,694.0,0.0,0.00054689765
-4,42,695.0,0.0,0.000596848428
-4,42,696.0,0.0,0.000595869184
-4,42,697.0,0.0,0.000655745208
-4,42,698.0,0.0,0.000660961449
-4,42,699.0,0.0,0.0006150863170000001
-4,42,700.0,0.0,0.0006927986149999999
-4,42,701.0,0.0,0.000714010775
-4,42,702.0,0.0,0.0006589103939999999
-4,42,703.0,0.0,0.0006310144069999999
-4,42,704.0,0.0,0.000588518083
-4,42,705.0,0.0,0.0007503988740000001
-4,42,706.0,0.0,0.000620079279
-4,42,707.0,0.0,0.000724557161
-4,42,708.0,0.0,0.000698724091
-4,42,709.0,0.0,0.000666201532
-4,42,710.0,0.0,0.0006881320480000001
-4,42,711.0,0.0,0.000722408116
-4,42,712.0,0.0,0.000710383236
-4,42,713.0,0.0,0.000729771018
-4,42,714.0,0.0,0.0007115684749999999
-4,42,715.0,0.0,0.000626004219
-4,42,716.0,0.0,0.000676610649
-4,42,717.0,0.0,0.000516517639
-4,42,718.0,0.0,0.00047611427299999997
-4,42,719.0,0.0,0.000430974603
-4,42,720.0,0.0,0.00042374154899999997
-4,42,721.0,0.0,0.000619865775
-4,42,722.0,0.0,0.0006020872
-4,42,723.0,0.0,0.0006090410349999999
-4,42,724.0,0.0,0.0005019690989999999
-4,42,725.0,0.0,0.000472776324
-4,42,726.0,0.0,0.000555339932
-4,42,727.0,0.0,0.000482384413
-4,42,728.0,0.0,0.000491214335
-4,42,729.0,0.0,0.000431659639
-4,42,730.0,0.0,0.0006118266580000001
-4,42,731.0,0.0,0.000481305659
-4,42,732.0,0.0,0.000510183394
-4,42,733.0,0.0,0.0006584278940000001
-4,42,734.0,0.0,0.0007403427959999999
-4,42,735.0,0.0,0.000660691023
-4,42,736.0,0.0,0.000599752307
-4,42,737.0,0.0,0.000664312422
-4,42,738.0,0.0,0.000705630839
-4,42,739.0,0.0,0.000683026671
-4,42,740.0,0.0,0.000642132163
-4,42,741.0,0.0,0.00067666465
-4,42,742.0,0.0,0.000680668175
-4,42,743.0,0.0,0.000763925552
-4,42,744.0,0.0,0.0007608428
-4,42,745.0,0.0,0.000729220867
-4,42,746.0,0.0,0.0007575309279999999
-4,42,747.0,0.0,0.000759366691
-4,42,748.0,0.0,0.000661558032
-4,42,749.0,0.0,0.000803533673
-4,42,750.0,0.0,0.0006960639950000001
-4,42,751.0,0.0,0.000742009461
-4,42,752.0,0.0,0.000672707677
-4,42,753.0,0.0,0.000646318734
-4,42,754.0,0.0,0.000750658393
-4,42,755.0,0.0,0.000601978719
-4,42,756.0,0.0,0.000803707123
-4,42,757.0,0.0,0.000650643289
-4,42,758.0,0.0,0.000696246445
-4,42,759.0,0.0,0.0007242205739999999
-4,42,760.0,0.0,3.04894485e-05
-4,42,761.0,0.0,1.6210114599999997e-05
-4,42,762.0,0.0,0.00020145890099999999
-4,42,763.0,0.0,9.5445402e-05
-4,42,764.0,0.0,0.00013933816600000001
-4,42,765.0,0.0,0.000294985265
-4,42,766.0,0.0,0.000365530193
-4,42,767.0,0.0,0.00042509791299999997
-4,42,768.0,0.0,0.000568067908
-4,42,769.0,0.0,0.000612213135
-4,42,770.0,0.0,0.0006530602570000001
-4,42,771.0,0.0,0.0006038479209999999
-4,42,772.0,0.0,0.000765557766
-4,42,773.0,0.0,0.000735760033
-4,42,774.0,0.0,0.000607629657
-4,42,775.0,0.0,0.000631931961
-4,42,776.0,0.0,0.000726608515
-4,42,777.0,0.0,0.00069394207
-4,42,778.0,0.0,0.000681179106
-4,42,779.0,0.0,0.0006871475580000001
-4,42,780.0,0.0,0.0007319460509999999
-4,42,781.0,0.0,0.0007101931569999999
-4,42,782.0,0.0,0.0007530271410000001
-4,42,783.0,0.0,0.000650453448
-4,42,784.0,0.0,0.000628458261
-4,42,785.0,0.0,0.000623566985
-4,42,786.0,0.0,0.000575009823
-4,42,787.0,0.0,0.000609458148
-4,42,788.0,0.0,0.000688242495
-4,42,789.0,0.0,0.000564353883
-4,42,790.0,0.0,0.000584859967
-4,42,791.0,0.0,0.00054315114
-4,42,792.0,0.0,0.000649326324
-4,42,793.0,0.0,0.00062136972
-4,42,794.0,0.0,0.000629103541
-4,42,795.0,0.0,0.000608038485
-4,42,796.0,0.0,0.000558271468
-4,42,797.0,0.0,0.000604393303
-4,42,798.0,0.0,0.000667742014
-4,42,799.0,0.0,0.000559929132
-4,42,800.0,0.0,0.000583970964
-4,42,801.0,0.0,0.0005421367289999999
-4,42,802.0,0.0,0.00054039377
-4,42,803.0,0.0,0.0005938351750000001
-4,42,804.0,0.0,0.000609035432
-4,42,805.0,0.0,0.000503180981
-4,42,806.0,0.0,0.000569770992
-4,42,807.0,0.0,0.000550578535
-4,42,808.0,0.0,0.00062489593
-4,42,809.0,0.0,0.00057254231
-4,42,810.0,0.0,0.0006054530740000001
-4,42,811.0,0.0,0.0005423714520000001
-4,42,812.0,0.0,0.000538388312
-4,42,813.0,0.0,0.000472523093
-4,42,814.0,0.0,0.00039399781799999997
-4,42,815.0,0.0,0.000454171181
-4,42,816.0,0.0,0.00040787378000000003
-4,42,817.0,0.0,0.000332995892
-4,42,818.0,0.0,0.000386307627
-4,42,819.0,0.0,0.000433238804
-4,42,820.0,0.0,0.000361266345
-4,42,821.0,0.0,0.000539043546
-4,42,822.0,0.0,0.0004976074099999999
-4,42,823.0,0.0,0.000265403628
-4,42,824.0,0.0,0.000463049769
-4,42,825.0,0.0,0.00052923125
-4,42,826.0,0.0,0.00042590376699999996
-4,42,827.0,0.0,0.000510833859
-4,42,828.0,0.0,0.000442486137
-4,42,829.0,0.0,0.00044010067000000005
-4,42,830.0,0.0,0.000494354934
-2,21,360.0,0.0,0.0029143576599999998
-2,21,361.0,0.0,0.00227491188
-2,21,362.0,0.0,0.00223218989
-2,21,363.0,0.0,0.00244503427
-2,21,364.0,0.0,0.0024637742000000002
-2,21,365.0,0.0,0.0026059072
-2,21,366.0,0.0,0.00342298365
-2,21,367.0,0.0,0.0033316752900000002
-2,21,368.0,0.0,0.0029841840300000003
-2,21,369.0,0.0,0.00266686058
-2,21,370.0,0.0,0.00324752235
-2,21,371.0,0.0,0.00260902786
-2,21,372.0,0.0,0.00311537719
-2,21,373.0,0.0,0.00287402701
-2,21,374.0,0.0,0.00196915257
-2,21,375.0,0.0,0.0019946115
-2,21,376.0,0.0,0.0025135664900000003
-2,21,377.0,0.0,0.00292192125
-2,21,378.0,0.0,0.00375074863
-2,21,379.0,0.0,0.00280627966
-2,21,380.0,0.0,0.00291469765
-2,21,381.0,0.0,0.0030318927800000004
-2,21,382.0,0.0,0.00229805255
-2,21,383.0,0.0,0.0015317625999999999
-2,21,384.0,0.0,0.00189249361
-2,21,385.0,0.0,0.0025209755899999998
-2,21,386.0,0.0,0.00215874934
-2,21,387.0,0.0,0.0024564049200000004
-2,21,388.0,0.0,0.00208052635
-2,21,389.0,0.0,0.00279777765
-2,21,390.0,0.0,0.00305321956
-2,21,391.0,0.0,0.00379220128
-2,21,392.0,0.0,0.0031467940799999997
-2,21,393.0,0.0,0.00159082198
-2,21,394.0,0.0,0.00163547134
-2,21,395.0,0.0,0.00329611707
-2,21,396.0,0.0,0.00325525522
-2,21,397.0,0.0,0.00116702199
-2,21,398.0,0.0,0.0036539247
-2,21,399.0,0.0,0.0043726148599999995
-2,21,400.0,0.0,0.00439882135
-2,21,401.0,0.0,0.00399780631
-2,21,402.0,0.0,0.00474348307
-2,21,403.0,0.0,0.0044198122
-2,21,404.0,0.0,0.0044619703299999995
-2,21,405.0,0.0,0.0040149827
-2,21,406.0,0.0,0.00393661952
-2,21,407.0,0.0,0.00390402699
-2,21,408.0,0.0,0.00440226984
-2,21,409.0,0.0,0.00503289604
-2,21,410.0,0.0,0.0041959323900000005
-2,21,411.0,0.0,0.00428383017
-2,21,412.0,0.0,0.00480297756
-2,21,413.0,0.0,0.00475621986
-2,21,414.0,0.0,0.0045612130200000005
-2,21,415.0,0.0,0.0050231266
-2,21,416.0,0.0,0.00514165926
-2,21,417.0,0.0,0.00462221003
-2,21,418.0,0.0,0.0046090951
-2,21,419.0,0.0,0.00502020454
-2,21,420.0,0.0,0.0039338700800000004
-2,21,421.0,0.0,0.0046817488699999995
-2,21,422.0,0.0,0.00480632496
-2,21,423.0,0.0,0.00380671239
-2,21,424.0,0.0,0.00457867289
-2,21,425.0,0.0,0.00504232883
-2,21,426.0,0.0,0.0044016161
-2,21,427.0,0.0,0.00424915361
-2,21,428.0,0.0,0.00421628761
-2,21,429.0,0.0,0.0038634572
-2,21,430.0,0.0,0.0028662271499999997
-2,21,431.0,0.0,0.0026250548399999996
-2,21,432.0,0.0,0.0050895009
-2,21,433.0,0.0,0.00444071913
-2,21,434.0,0.0,0.0039212501
-2,21,435.0,0.0,0.00430524588
-2,21,436.0,0.0,0.00507787752
-2,21,437.0,0.0,0.00519846058
-2,21,438.0,0.0,0.00477226686
-2,21,439.0,0.0,0.00465326309
-2,21,440.0,0.0,0.00480124712
-2,21,441.0,0.0,0.00524490595
-2,21,442.0,0.0,0.00525162792
-2,21,443.0,0.0,0.00506845045
-2,21,444.0,0.0,0.00525452042
-2,21,445.0,0.0,0.00540175438
-2,21,446.0,0.0,0.004821831699999999
-2,21,447.0,0.0,0.0056391544299999995
-2,21,448.0,0.0,0.00545141792
-2,21,449.0,0.0,0.005396842000000001
-2,21,450.0,0.0,0.005692562579999999
-2,21,451.0,0.0,0.00672073221
-2,21,452.0,0.0,0.00555348253
-2,21,453.0,0.0,0.00546384001
-2,21,454.0,0.0,0.00563745117
-2,21,455.0,0.0,0.00522364712
-2,21,456.0,0.0,0.00537431097
-2,21,457.0,0.0,0.005927721499999999
-2,21,458.0,0.0,0.005852186200000001
-2,21,459.0,0.0,0.00589034224
-2,21,460.0,0.0,0.00563117218
-2,21,461.0,0.0,0.00559383869
-2,21,462.0,0.0,0.005902738570000001
-2,21,463.0,0.0,0.00595733738
-2,21,464.0,0.0,0.0059010710700000005
-2,21,465.0,0.0,0.005456551069999999
-2,21,466.0,0.0,0.00576250792
-2,21,467.0,0.0,0.0057080946
-2,21,468.0,0.0,0.0057853179
-2,21,469.0,0.0,0.00595805025
-2,21,470.0,0.0,0.00575401878
-2,21,471.0,0.0,0.0060709710100000005
-2,21,472.0,0.0,0.0054103117
-2,21,473.0,0.0,0.00543259811
-2,21,474.0,0.0,0.0056451902399999995
-2,21,475.0,0.0,0.005764013290000001
-2,21,476.0,0.0,0.00535967398
-2,21,477.0,0.0,0.00568365574
-2,21,478.0,0.0,0.0052666297
-2,21,479.0,0.0,0.00531582069
-2,21,480.0,0.0,0.00547644424
-2,21,481.0,0.0,0.0053263649900000005
-2,21,482.0,0.0,0.00597488594
-2,21,483.0,0.0,0.00582669735
-2,21,484.0,0.0,0.00527321053
-2,21,485.0,0.0,0.00513176632
-2,21,486.0,0.0,0.00411880207
-2,21,487.0,0.0,0.00472603321
-2,21,488.0,0.0,0.00526432753
-2,21,489.0,0.0,0.00526961184
-2,21,490.0,0.0,0.00566722965
-2,21,491.0,0.0,0.00530008316
-2,21,492.0,0.0,0.0051436905900000005
-2,21,493.0,0.0,0.005481042859999999
-2,21,494.0,0.0,0.00552368355
-2,21,495.0,0.0,0.00548960733
-2,21,496.0,0.0,0.005628532889999999
-2,21,497.0,0.0,0.0052725572600000005
-2,21,498.0,0.0,0.00493316746
-2,21,499.0,0.0,0.00477901649
-2,21,500.0,0.0,0.00461345625
-2,21,501.0,0.0,0.00454642868
-2,21,502.0,0.0,0.0046074748000000006
-2,21,503.0,0.0,0.00427505922
-2,21,504.0,0.0,0.00433589792
-2,21,505.0,0.0,0.00485338211
-2,21,506.0,0.0,0.00486371088
-2,21,507.0,0.0,0.00460396433
-2,21,508.0,0.0,0.00454796028
-2,21,509.0,0.0,0.00501134872
-2,21,510.0,0.0,0.00456530714
-2,21,511.0,0.0,0.00440561008
-2,21,512.0,0.0,0.00470853519
-2,21,513.0,0.0,0.00444956589
-2,21,514.0,0.0,0.00454797268
-2,21,515.0,0.0,0.00466842127
-2,21,516.0,0.0,0.00452241659
-2,21,517.0,0.0,0.00337566447
-2,21,518.0,0.0,0.00451373625
-2,21,519.0,0.0,0.0041710233700000005
-2,21,520.0,0.0,0.0042733111399999996
-2,21,521.0,0.0,0.0040217433
-2,21,522.0,0.0,0.00451799297
-2,21,523.0,0.0,0.00418036938
-2,21,524.0,0.0,0.00445033073
-2,21,525.0,0.0,0.004403377060000001
-2,21,526.0,0.0,0.00390705299
-2,21,527.0,0.0,0.00352626514
-2,21,528.0,0.0,0.00430414104
-2,21,529.0,0.0,0.00396080589
-2,21,530.0,0.0,0.0034264683699999996
-2,21,531.0,0.0,0.0038706130999999998
-2,21,532.0,0.0,0.00391834235
-2,21,533.0,0.0,0.00342564034
-2,21,534.0,0.0,0.00359278607
-2,21,535.0,0.0,0.00361685848
-2,21,536.0,0.0,0.00357003903
-2,21,537.0,0.0,0.0035198292699999997
-2,21,538.0,0.0,0.00383571982
-2,21,539.0,0.0,0.00386355948
-2,21,540.0,0.0,0.00385777402
-2,21,541.0,0.0,0.00365037274
-2,21,542.0,0.0,0.0037689428299999997
-2,21,543.0,0.0,0.00343747067
-2,21,544.0,0.0,0.0036531660600000004
-2,21,545.0,0.0,0.0037512686300000004
-2,21,546.0,0.0,0.00348176575
-2,21,547.0,0.0,0.003606565
-2,21,548.0,0.0,0.0035751106699999998
-2,21,549.0,0.0,0.0034316828300000003
-2,21,550.0,0.0,0.00371721125
-2,21,551.0,0.0,0.00364483118
-2,21,552.0,0.0,0.00348892236
-2,21,553.0,0.0,0.00304923344
-2,21,554.0,0.0,0.00315168929
-2,21,555.0,0.0,0.00350780392
-2,21,556.0,0.0,0.0031023104199999997
-2,21,557.0,0.0,0.0031123817
-2,21,558.0,0.0,0.0031657822100000003
-2,21,559.0,0.0,0.00280329037
-2,21,560.0,0.0,0.00288028908
-2,21,561.0,0.0,0.0030474488700000003
-2,21,562.0,0.0,0.00288818097
-2,21,563.0,0.0,0.0029575541
-2,21,564.0,0.0,0.0029538104500000002
-2,21,565.0,0.0,0.00290539169
-2,21,566.0,0.0,0.00237049961
-2,21,567.0,0.0,0.0029456269700000003
-2,21,568.0,0.0,0.0026539096799999998
-2,21,569.0,0.0,0.0025878946799999998
-2,21,570.0,0.0,0.0024763586499999997
-2,21,571.0,0.0,0.0025596137
-2,21,572.0,0.0,0.00225013041
-2,21,573.0,0.0,0.0022938478
-2,21,574.0,0.0,0.00240485573
-2,21,575.0,0.0,0.00255831814
-2,21,576.0,0.0,0.00223187995
-2,21,577.0,0.0,0.0022490777999999998
-2,21,578.0,0.0,0.0021384782800000003
-2,21,579.0,0.0,0.0024035172500000003
-2,21,580.0,0.0,0.0023751218299999997
-2,21,581.0,0.0,0.0023988878699999997
-2,21,582.0,0.0,0.00264210963
-2,21,583.0,0.0,0.00275580621
-2,21,584.0,0.0,0.0028200299700000004
-2,21,585.0,0.0,0.0026307601900000003
-2,21,586.0,0.0,0.0026257898800000003
-2,21,587.0,0.0,0.00275283241
-2,21,588.0,0.0,0.00279988813
-2,21,589.0,0.0,0.00233106971
-2,21,590.0,0.0,0.0022451341199999997
-2,21,591.0,0.0,0.00242258644
-2,21,592.0,0.0,0.002173491
-2,21,593.0,0.0,0.0026000216
-2,21,594.0,0.0,0.0024413647699999996
-2,21,595.0,0.0,0.00240793371
-2,21,596.0,0.0,0.00273543644
-2,21,597.0,0.0,0.00253291535
-2,21,598.0,0.0,0.00249413848
-2,21,599.0,0.0,0.00264434767
-2,21,600.0,0.0,0.00242434239
-2,21,601.0,0.0,0.00236314416
-2,21,602.0,0.0,0.00232962251
-2,21,603.0,0.0,0.00237013817
-2,21,604.0,0.0,0.00260740709
-2,21,605.0,0.0,0.0022964437000000002
-2,21,606.0,0.0,0.0025563302
-2,21,607.0,0.0,0.00244451165
-2,21,608.0,0.0,0.00240685463
-2,21,609.0,0.0,0.00268652582
-2,21,610.0,0.0,0.00235108638
-2,21,611.0,0.0,0.00267259264
-2,21,612.0,0.0,0.00249685931
-2,21,613.0,0.0,0.00263298202
-2,21,614.0,0.0,0.00251965499
-2,21,615.0,0.0,0.0026585147400000004
-2,21,616.0,0.0,0.0023167913
-2,21,617.0,0.0,0.00249055028
-2,21,618.0,0.0,0.00259007573
-2,21,619.0,0.0,0.0027688565299999997
-2,21,620.0,0.0,0.0024689824599999997
-2,21,621.0,0.0,0.0026624856000000002
-2,21,622.0,0.0,0.00260267568
-2,21,623.0,0.0,0.00272029209
-2,21,624.0,0.0,0.00274429536
-2,21,625.0,0.0,0.0026645410100000003
-2,21,626.0,0.0,0.00267653346
-2,21,627.0,0.0,0.00259061456
-2,21,628.0,0.0,0.0022406473199999997
-2,21,629.0,0.0,0.0025219593
-2,21,630.0,0.0,0.0024614586799999996
-2,21,631.0,0.0,0.00271101356
-2,21,632.0,0.0,0.00278360796
-2,21,633.0,0.0,0.00292969203
-2,21,634.0,0.0,0.00269546127
-2,21,635.0,0.0,0.0031860961900000003
-2,21,636.0,0.0,0.0028819065099999997
-2,21,637.0,0.0,0.00313754773
-2,21,638.0,0.0,0.00296341944
-2,21,639.0,0.0,0.00327180719
-2,21,640.0,0.0,0.0031567602199999998
-2,21,641.0,0.0,0.00318495297
-2,21,642.0,0.0,0.00330734253
-2,21,643.0,0.0,0.0033733592
-2,21,644.0,0.0,0.00334259629
-2,21,645.0,0.0,0.00293644214
-2,21,646.0,0.0,0.0031603517499999997
-2,21,647.0,0.0,0.00337983036
-2,21,648.0,0.0,0.00292769909
-2,21,649.0,0.0,0.0032174387000000002
-2,21,650.0,0.0,0.0032240665
-2,21,651.0,0.0,0.00329711008
-2,21,652.0,0.0,0.00344953346
-2,21,653.0,0.0,0.0034919946199999997
-2,21,654.0,0.0,0.00326394176
-2,21,655.0,0.0,0.00329341698
-2,21,656.0,0.0,0.00296322107
-2,21,657.0,0.0,0.0030673995
-2,21,658.0,0.0,0.00323643708
-2,21,659.0,0.0,0.00348257256
-2,21,660.0,0.0,0.00351310229
-2,21,661.0,0.0,0.0036464729299999997
-2,21,662.0,0.0,0.0034958355399999997
-2,21,663.0,0.0,0.00371009874
-2,21,664.0,0.0,0.0038499681899999997
-2,21,665.0,0.0,0.00388200116
-2,21,666.0,0.0,0.00350221515
-2,21,667.0,0.0,0.00351110792
-2,21,668.0,0.0,0.00377211595
-2,21,669.0,0.0,0.00401249313
-2,21,670.0,0.0,0.00409555101
-2,21,671.0,0.0,0.00376626563
-2,21,672.0,0.0,0.00387067914
-2,21,673.0,0.0,0.00396217394
-2,21,674.0,0.0,0.0040048494300000004
-2,21,675.0,0.0,0.0040678153
-2,21,676.0,0.0,0.00390438819
-2,21,677.0,0.0,0.00381000781
-2,21,678.0,0.0,0.00381332278
-2,21,679.0,0.0,0.00356324458
-2,21,680.0,0.0,0.00357444143
-2,21,681.0,0.0,0.00401093149
-2,21,682.0,0.0,0.00430607653
-2,21,683.0,0.0,0.00404019308
-2,21,684.0,0.0,0.00422237015
-2,21,685.0,0.0,0.00401999092
-2,21,686.0,0.0,0.00397453094
-2,21,687.0,0.0,0.00136446178
-2,21,688.0,0.0,0.00187675714
-2,21,689.0,0.0,0.00246637487
-2,21,690.0,0.0,0.0027593703299999997
-2,21,691.0,0.0,0.0029443945899999997
-2,21,692.0,0.0,0.00296320558
-2,21,693.0,0.0,0.00328322005
-2,21,694.0,0.0,0.00358818078
-2,21,695.0,0.0,0.00381116557
-2,21,696.0,0.0,0.00343659759
-2,21,697.0,0.0,0.00392577815
-2,21,698.0,0.0,0.0035402646099999997
-2,21,699.0,0.0,0.00396675968
-2,21,700.0,0.0,0.0038127038500000003
-2,21,701.0,0.0,0.00334988618
-2,21,702.0,0.0,0.0033743057300000003
-2,21,703.0,0.0,0.00388928342
-2,21,704.0,0.0,0.00372270751
-2,21,705.0,0.0,0.00407197618
-2,21,706.0,0.0,0.00382556725
-2,21,707.0,0.0,0.00360154748
-2,21,708.0,0.0,0.00398207831
-2,21,709.0,0.0,0.00380354834
-2,21,710.0,0.0,0.0033725593100000003
-2,21,711.0,0.0,0.00392069411
-2,21,712.0,0.0,0.00376093507
-2,21,713.0,0.0,0.00379759622
-2,21,714.0,0.0,0.0037058377299999997
-2,21,715.0,0.0,0.0034358351200000003
-2,21,716.0,0.0,0.00353379297
-2,21,717.0,0.0,0.00316961813
-2,21,718.0,0.0,0.00242144918
-2,21,719.0,0.0,0.00253991723
-2,21,720.0,0.0,0.00228273749
-2,21,721.0,0.0,0.00335801888
-2,21,722.0,0.0,0.00329338312
-2,21,723.0,0.0,0.00326173878
-2,21,724.0,0.0,0.00241281748
-2,21,725.0,0.0,0.00241432738
-2,21,726.0,0.0,0.00304641485
-2,21,727.0,0.0,0.00270563197
-2,21,728.0,0.0,0.0021532950400000002
-2,21,729.0,0.0,0.00217648888
-2,21,730.0,0.0,0.00356071377
-2,21,731.0,0.0,0.0025826528099999998
-2,21,732.0,0.0,0.00301494908
-2,21,733.0,0.0,0.00333928776
-2,21,734.0,0.0,0.00399700952
-2,21,735.0,0.0,0.00351632333
-2,21,736.0,0.0,0.0034536178099999998
-2,21,737.0,0.0,0.00347281599
-2,21,738.0,0.0,0.00325606418
-2,21,739.0,0.0,0.00370525885
-2,21,740.0,0.0,0.00349716067
-2,21,741.0,0.0,0.00374476671
-2,21,742.0,0.0,0.00384556532
-2,21,743.0,0.0,0.0035757667999999996
-2,21,744.0,0.0,0.00421205854
-2,21,745.0,0.0,0.0039801743
-2,21,746.0,0.0,0.0037123143700000002
-2,21,747.0,0.0,0.00399959612
-2,21,748.0,0.0,0.00362938714
-2,21,749.0,0.0,0.00375838208
-2,21,750.0,0.0,0.00419644833
-2,21,751.0,0.0,0.00414879465
-2,21,752.0,0.0,0.00377768421
-2,21,753.0,0.0,0.00346357608
-2,21,754.0,0.0,0.00363926315
-2,21,755.0,0.0,0.00387946558
-2,21,756.0,0.0,0.00346352744
-2,21,757.0,0.0,0.0039854233300000005
-2,21,758.0,0.0,0.00388051701
-2,21,759.0,0.0,0.00325614333
-2,21,760.0,0.0,0.000228560835
-2,21,761.0,0.0,8.51697922e-05
-2,21,762.0,0.0,0.00117878139
-2,21,763.0,0.0,0.000510896742
-2,21,764.0,0.0,0.000781161726
-2,21,765.0,0.0,0.00136374331
-2,21,766.0,0.0,0.00197114396
-2,21,767.0,0.0,0.00199418688
-2,21,768.0,0.0,0.0033933785
-2,21,769.0,0.0,0.0034665544000000003
-2,21,770.0,0.0,0.00406372261
-2,21,771.0,0.0,0.0038285171999999997
-2,21,772.0,0.0,0.00328007483
-2,21,773.0,0.0,0.0033674094700000003
-2,21,774.0,0.0,0.00354157424
-2,21,775.0,0.0,0.00330178785
-2,21,776.0,0.0,0.0036010673
-2,21,777.0,0.0,0.00389313364
-2,21,778.0,0.0,0.00352727437
-2,21,779.0,0.0,0.00358457661
-2,21,780.0,0.0,0.0034812524300000002
-2,21,781.0,0.0,0.0035501101
-2,21,782.0,0.0,0.0037866461299999998
-2,21,783.0,0.0,0.00336992407
-2,21,784.0,0.0,0.0034766735999999998
-2,21,785.0,0.0,0.0039033737199999996
-2,21,786.0,0.0,0.0034052317099999996
-2,21,787.0,0.0,0.00368231559
-2,21,788.0,0.0,0.00305187726
-2,21,789.0,0.0,0.00307603621
-2,21,790.0,0.0,0.00308879066
-2,21,791.0,0.0,0.00300365281
-2,21,792.0,0.0,0.00322331572
-2,21,793.0,0.0,0.0031996851
-2,21,794.0,0.0,0.00334712267
-2,21,795.0,0.0,0.0034633677
-2,21,796.0,0.0,0.00293404078
-2,21,797.0,0.0,0.00284829307
-2,21,798.0,0.0,0.00353616714
-2,21,799.0,0.0,0.00291184354
-2,21,800.0,0.0,0.0029900469799999997
-2,21,801.0,0.0,0.00307536459
-2,21,802.0,0.0,0.00277292705
-2,21,803.0,0.0,0.00259406781
-2,21,804.0,0.0,0.0027617771599999998
-2,21,805.0,0.0,0.00276898813
-2,21,806.0,0.0,0.0035020890200000003
-2,21,807.0,0.0,0.00305239844
-2,21,808.0,0.0,0.0032503452300000004
-2,21,809.0,0.0,0.0033493607000000002
-2,21,810.0,0.0,0.0026132817300000004
-2,21,811.0,0.0,0.00287595654
-2,21,812.0,0.0,0.0030906772600000003
-2,21,813.0,0.0,0.00250832796
-2,21,814.0,0.0,0.00242219734
-2,21,815.0,0.0,0.00212254262
-2,21,816.0,0.0,0.0019667927
-2,21,817.0,0.0,0.00147668815
-2,21,818.0,0.0,0.00217664623
-2,21,819.0,0.0,0.00179231203
-2,21,820.0,0.0,0.00205992079
-2,21,821.0,0.0,0.0027952971500000002
-2,21,822.0,0.0,0.0026130728699999997
-2,21,823.0,0.0,0.00127234042
-2,21,824.0,0.0,0.00216096568
-2,21,825.0,0.0,0.0026861860800000002
-2,21,826.0,0.0,0.00234205294
-2,21,827.0,0.0,0.00270275211
-2,21,828.0,0.0,0.00206846333
-2,21,829.0,0.0,0.0027797527299999996
-2,21,830.0,0.0,0.00238190579
-2,42,360.0,0.0,0.00272977257
-2,42,361.0,0.0,0.00195164359
-2,42,362.0,0.0,0.0024463553400000003
-2,42,363.0,0.0,0.00247629523
-2,42,364.0,0.0,0.00244029403
-2,42,365.0,0.0,0.0023349380499999997
-2,42,366.0,0.0,0.00326911497
-2,42,367.0,0.0,0.0026198442
-2,42,368.0,0.0,0.00303831482
-2,42,369.0,0.0,0.00249315691
-2,42,370.0,0.0,0.00325241661
-2,42,371.0,0.0,0.0023019936099999997
-2,42,372.0,0.0,0.00244080067
-2,42,373.0,0.0,0.00269218349
-2,42,374.0,0.0,0.00207673907
-2,42,375.0,0.0,0.0018946718
-2,42,376.0,0.0,0.00284626842
-2,42,377.0,0.0,0.00255753207
-2,42,378.0,0.0,0.00362560987
-2,42,379.0,0.0,0.00280761671
-2,42,380.0,0.0,0.00292667675
-2,42,381.0,0.0,0.00297950459
-2,42,382.0,0.0,0.0023155109899999997
-2,42,383.0,0.0,0.00165863752
-2,42,384.0,0.0,0.00164518952
-2,42,385.0,0.0,0.00267719889
-2,42,386.0,0.0,0.00185672641
-2,42,387.0,0.0,0.00244747424
-2,42,388.0,0.0,0.00208240366
-2,42,389.0,0.0,0.00249505854
-2,42,390.0,0.0,0.00313520455
-2,42,391.0,0.0,0.00355820251
-2,42,392.0,0.0,0.0028632008999999996
-2,42,393.0,0.0,0.00176026595
-2,42,394.0,0.0,0.00175518394
-2,42,395.0,0.0,0.0032596514199999998
-2,42,396.0,0.0,0.00332657218
-2,42,397.0,0.0,0.00122146845
-2,42,398.0,0.0,0.00377682757
-2,42,399.0,0.0,0.00469998646
-2,42,400.0,0.0,0.00435699892
-2,42,401.0,0.0,0.00426033592
-2,42,402.0,0.0,0.00455721235
-2,42,403.0,0.0,0.00412596464
-2,42,404.0,0.0,0.00450099468
-2,42,405.0,0.0,0.00401319647
-2,42,406.0,0.0,0.00371600604
-2,42,407.0,0.0,0.0038440728200000002
-2,42,408.0,0.0,0.00451459551
-2,42,409.0,0.0,0.00464729261
-2,42,410.0,0.0,0.0040782752
-2,42,411.0,0.0,0.00473620462
-2,42,412.0,0.0,0.00513625002
-2,42,413.0,0.0,0.00474566412
-2,42,414.0,0.0,0.0048535413700000005
-2,42,415.0,0.0,0.0047534747099999995
-2,42,416.0,0.0,0.00468885136
-2,42,417.0,0.0,0.004517600060000001
-2,42,418.0,0.0,0.004730353830000001
-2,42,419.0,0.0,0.004727368829999999
-2,42,420.0,0.0,0.00361920047
-2,42,421.0,0.0,0.005048354630000001
-2,42,422.0,0.0,0.0046437816600000004
-2,42,423.0,0.0,0.00423505402
-2,42,424.0,0.0,0.00447054863
-2,42,425.0,0.0,0.00431604147
-2,42,426.0,0.0,0.004319634910000001
-2,42,427.0,0.0,0.00416901255
-2,42,428.0,0.0,0.00415779066
-2,42,429.0,0.0,0.00394016171
-2,42,430.0,0.0,0.00302557468
-2,42,431.0,0.0,0.0028961215
-2,42,432.0,0.0,0.00487301636
-2,42,433.0,0.0,0.0046534700400000005
-2,42,434.0,0.0,0.00442466545
-2,42,435.0,0.0,0.004765506740000001
-2,42,436.0,0.0,0.00519385433
-2,42,437.0,0.0,0.00512661219
-2,42,438.0,0.0,0.00493318748
-2,42,439.0,0.0,0.004085434440000001
-2,42,440.0,0.0,0.00493408489
-2,42,441.0,0.0,0.0047725997
-2,42,442.0,0.0,0.00544423151
-2,42,443.0,0.0,0.00508918095
-2,42,444.0,0.0,0.005575937749999999
-2,42,445.0,0.0,0.005325765610000001
-2,42,446.0,0.0,0.0049243755299999995
-2,42,447.0,0.0,0.005844792370000001
-2,42,448.0,0.0,0.00511569309
-2,42,449.0,0.0,0.00537417507
-2,42,450.0,0.0,0.00611957073
-2,42,451.0,0.0,0.00677691746
-2,42,452.0,0.0,0.00567916965
-2,42,453.0,0.0,0.00531460524
-2,42,454.0,0.0,0.0058594861
-2,42,455.0,0.0,0.00574562883
-2,42,456.0,0.0,0.00584958458
-2,42,457.0,0.0,0.00559537029
-2,42,458.0,0.0,0.005675414090000001
-2,42,459.0,0.0,0.00575077152
-2,42,460.0,0.0,0.0057798914899999995
-2,42,461.0,0.0,0.00552266598
-2,42,462.0,0.0,0.00596390247
-2,42,463.0,0.0,0.00541369534
-2,42,464.0,0.0,0.005610685830000001
-2,42,465.0,0.0,0.00567964363
-2,42,466.0,0.0,0.00553008127
-2,42,467.0,0.0,0.00579727888
-2,42,468.0,0.0,0.00573999929
-2,42,469.0,0.0,0.00625018835
-2,42,470.0,0.0,0.00610633755
-2,42,471.0,0.0,0.00597795773
-2,42,472.0,0.0,0.00583088064
-2,42,473.0,0.0,0.00553316975
-2,42,474.0,0.0,0.00544682312
-2,42,475.0,0.0,0.00599376822
-2,42,476.0,0.0,0.00606390095
-2,42,477.0,0.0,0.00500321627
-2,42,478.0,0.0,0.00562480927
-2,42,479.0,0.0,0.00577853537
-2,42,480.0,0.0,0.00526096392
-2,42,481.0,0.0,0.005499204640000001
-2,42,482.0,0.0,0.005839728359999999
-2,42,483.0,0.0,0.00588081837
-2,42,484.0,0.0,0.0054014024699999994
-2,42,485.0,0.0,0.00550218105
-2,42,486.0,0.0,0.00446781015
-2,42,487.0,0.0,0.0049379496600000005
-2,42,488.0,0.0,0.005280045989999999
-2,42,489.0,0.0,0.00485799313
-2,42,490.0,0.0,0.005744053359999999
-2,42,491.0,0.0,0.00561419582
-2,42,492.0,0.0,0.00508805132
-2,42,493.0,0.0,0.00523110533
-2,42,494.0,0.0,0.00536396456
-2,42,495.0,0.0,0.00524245882
-2,42,496.0,0.0,0.00573749208
-2,42,497.0,0.0,0.00542886496
-2,42,498.0,0.0,0.00517236853
-2,42,499.0,0.0,0.00497322273
-2,42,500.0,0.0,0.005221436019999999
-2,42,501.0,0.0,0.00456697941
-2,42,502.0,0.0,0.00439491558
-2,42,503.0,0.0,0.00487348986
-2,42,504.0,0.0,0.0043783083
-2,42,505.0,0.0,0.00446338129
-2,42,506.0,0.0,0.0049341826400000005
-2,42,507.0,0.0,0.004639461520000001
-2,42,508.0,0.0,0.00427582121
-2,42,509.0,0.0,0.00479916048
-2,42,510.0,0.0,0.004474709029999999
-2,42,511.0,0.0,0.0045587225
-2,42,512.0,0.0,0.00502028894
-2,42,513.0,0.0,0.004369690420000001
-2,42,514.0,0.0,0.00447067928
-2,42,515.0,0.0,0.00414356422
-2,42,516.0,0.0,0.00475950241
-2,42,517.0,0.0,0.00350232625
-2,42,518.0,0.0,0.00421262264
-2,42,519.0,0.0,0.00394681597
-2,42,520.0,0.0,0.0043185043299999995
-2,42,521.0,0.0,0.00421552277
-2,42,522.0,0.0,0.00441674185
-2,42,523.0,0.0,0.00381195664
-2,42,524.0,0.0,0.0044195962
-2,42,525.0,0.0,0.00416640568
-2,42,526.0,0.0,0.00379699826
-2,42,527.0,0.0,0.00354610872
-2,42,528.0,0.0,0.00385052872
-2,42,529.0,0.0,0.00441572618
-2,42,530.0,0.0,0.0038636226699999996
-2,42,531.0,0.0,0.0039051237099999997
-2,42,532.0,0.0,0.0036889531600000003
-2,42,533.0,0.0,0.00332460618
-2,42,534.0,0.0,0.00392164183
-2,42,535.0,0.0,0.00382929778
-2,42,536.0,0.0,0.00397404957
-2,42,537.0,0.0,0.00378314734
-2,42,538.0,0.0,0.00362082505
-2,42,539.0,0.0,0.00363944054
-2,42,540.0,0.0,0.00372914839
-2,42,541.0,0.0,0.0034036603
-2,42,542.0,0.0,0.0036154480000000003
-2,42,543.0,0.0,0.00370381618
-2,42,544.0,0.0,0.00358727074
-2,42,545.0,0.0,0.00342600417
-2,42,546.0,0.0,0.00345419049
-2,42,547.0,0.0,0.00365676236
-2,42,548.0,0.0,0.00315305567
-2,42,549.0,0.0,0.0033841102099999997
-2,42,550.0,0.0,0.00327421856
-2,42,551.0,0.0,0.00320017624
-2,42,552.0,0.0,0.00332082915
-2,42,553.0,0.0,0.00305311847
-2,42,554.0,0.0,0.0034055447600000004
-2,42,555.0,0.0,0.00344798994
-2,42,556.0,0.0,0.00322761869
-2,42,557.0,0.0,0.00294074917
-2,42,558.0,0.0,0.00346669006
-2,42,559.0,0.0,0.0027731311299999998
-2,42,560.0,0.0,0.00286179996
-2,42,561.0,0.0,0.0032341466
-2,42,562.0,0.0,0.00274614739
-2,42,563.0,0.0,0.00286011696
-2,42,564.0,0.0,0.0028513596099999997
-2,42,565.0,0.0,0.00289726567
-2,42,566.0,0.0,0.00260052299
-2,42,567.0,0.0,0.0027300868
-2,42,568.0,0.0,0.00262515211
-2,42,569.0,0.0,0.0026864616899999996
-2,42,570.0,0.0,0.00264732933
-2,42,571.0,0.0,0.00228432918
-2,42,572.0,0.0,0.00258475828
-2,42,573.0,0.0,0.00239605641
-2,42,574.0,0.0,0.00247482467
-2,42,575.0,0.0,0.0025764799100000003
-2,42,576.0,0.0,0.00231661606
-2,42,577.0,0.0,0.00229968357
-2,42,578.0,0.0,0.00238024282
-2,42,579.0,0.0,0.00248466635
-2,42,580.0,0.0,0.0024239614000000002
-2,42,581.0,0.0,0.0025491833700000003
-2,42,582.0,0.0,0.00242422247
-2,42,583.0,0.0,0.00285198188
-2,42,584.0,0.0,0.00267686105
-2,42,585.0,0.0,0.00238640022
-2,42,586.0,0.0,0.00268964362
-2,42,587.0,0.0,0.00262474585
-2,42,588.0,0.0,0.0025567255000000003
-2,42,589.0,0.0,0.00231376672
-2,42,590.0,0.0,0.00233598518
-2,42,591.0,0.0,0.00227412701
-2,42,592.0,0.0,0.00225181627
-2,42,593.0,0.0,0.0025537936700000003
-2,42,594.0,0.0,0.0025177865000000003
-2,42,595.0,0.0,0.00245163512
-2,42,596.0,0.0,0.0025789272799999997
-2,42,597.0,0.0,0.0024002986
-2,42,598.0,0.0,0.00229875302
-2,42,599.0,0.0,0.0026101944399999997
-2,42,600.0,0.0,0.00222852921
-2,42,601.0,0.0,0.0023469083300000004
-2,42,602.0,0.0,0.00221838045
-2,42,603.0,0.0,0.0024732585
-2,42,604.0,0.0,0.00246620297
-2,42,605.0,0.0,0.0022153940200000002
-2,42,606.0,0.0,0.002371382
-2,42,607.0,0.0,0.0024889111499999997
-2,42,608.0,0.0,0.00255499029
-2,42,609.0,0.0,0.0025011298700000004
-2,42,610.0,0.0,0.00234205317
-2,42,611.0,0.0,0.00236372685
-2,42,612.0,0.0,0.00260489202
-2,42,613.0,0.0,0.0028599243200000003
-2,42,614.0,0.0,0.00252023816
-2,42,615.0,0.0,0.00267386484
-2,42,616.0,0.0,0.0024967222200000003
-2,42,617.0,0.0,0.00251058269
-2,42,618.0,0.0,0.0026177206000000002
-2,42,619.0,0.0,0.0024010405499999997
-2,42,620.0,0.0,0.00317541099
-2,42,621.0,0.0,0.00258733654
-2,42,622.0,0.0,0.0027995553
-2,42,623.0,0.0,0.00288585973
-2,42,624.0,0.0,0.0028440032
-2,42,625.0,0.0,0.0026367454499999997
-2,42,626.0,0.0,0.0024367976200000002
-2,42,627.0,0.0,0.00273390055
-2,42,628.0,0.0,0.00227207112
-2,42,629.0,0.0,0.00266325474
-2,42,630.0,0.0,0.00263885117
-2,42,631.0,0.0,0.0028277142
-2,42,632.0,0.0,0.00253076267
-2,42,633.0,0.0,0.0028158125900000002
-2,42,634.0,0.0,0.00300378156
-2,42,635.0,0.0,0.00322422361
-2,42,636.0,0.0,0.0029530794600000003
-2,42,637.0,0.0,0.00312106299
-2,42,638.0,0.0,0.0031170702
-2,42,639.0,0.0,0.00335408044
-2,42,640.0,0.0,0.0031467063400000004
-2,42,641.0,0.0,0.0033091807399999998
-2,42,642.0,0.0,0.00303539205
-2,42,643.0,0.0,0.00330700707
-2,42,644.0,0.0,0.00313911676
-2,42,645.0,0.0,0.0036258022799999998
-2,42,646.0,0.0,0.00296617532
-2,42,647.0,0.0,0.00315721345
-2,42,648.0,0.0,0.00329049206
-2,42,649.0,0.0,0.00317823863
-2,42,650.0,0.0,0.0029926750700000004
-2,42,651.0,0.0,0.00316875267
-2,42,652.0,0.0,0.00340015507
-2,42,653.0,0.0,0.00362492561
-2,42,654.0,0.0,0.00366447544
-2,42,655.0,0.0,0.0034550600099999998
-2,42,656.0,0.0,0.00266307998
-2,42,657.0,0.0,0.00306657529
-2,42,658.0,0.0,0.0037413342
-2,42,659.0,0.0,0.00350305891
-2,42,660.0,0.0,0.0037207479499999996
-2,42,661.0,0.0,0.00364820528
-2,42,662.0,0.0,0.00364911294
-2,42,663.0,0.0,0.00392263031
-2,42,664.0,0.0,0.00366055131
-2,42,665.0,0.0,0.0033500483
-2,42,666.0,0.0,0.0035632426700000002
-2,42,667.0,0.0,0.00364427686
-2,42,668.0,0.0,0.00373496628
-2,42,669.0,0.0,0.00422924995
-2,42,670.0,0.0,0.00353963161
-2,42,671.0,0.0,0.00359184813
-2,42,672.0,0.0,0.00369877005
-2,42,673.0,0.0,0.00347529745
-2,42,674.0,0.0,0.00350457668
-2,42,675.0,0.0,0.00364849281
-2,42,676.0,0.0,0.0037244403400000002
-2,42,677.0,0.0,0.00340347981
-2,42,678.0,0.0,0.0037240583900000003
-2,42,679.0,0.0,0.00386901569
-2,42,680.0,0.0,0.00394911003
-2,42,681.0,0.0,0.004113251209999999
-2,42,682.0,0.0,0.00402140188
-2,42,683.0,0.0,0.00395353699
-2,42,684.0,0.0,0.00344413304
-2,42,685.0,0.0,0.00387463307
-2,42,686.0,0.0,0.00417388058
-2,42,687.0,0.0,0.00127552164
-2,42,688.0,0.0,0.00233816075
-2,42,689.0,0.0,0.00241541052
-2,42,690.0,0.0,0.00292187762
-2,42,691.0,0.0,0.00308767462
-2,42,692.0,0.0,0.00332233453
-2,42,693.0,0.0,0.00358544612
-2,42,694.0,0.0,0.0034654481399999998
-2,42,695.0,0.0,0.00368637228
-2,42,696.0,0.0,0.00324826813
-2,42,697.0,0.0,0.00422232342
-2,42,698.0,0.0,0.0035555651199999996
-2,42,699.0,0.0,0.0036535243999999997
-2,42,700.0,0.0,0.0037593023799999997
-2,42,701.0,0.0,0.00354697132
-2,42,702.0,0.0,0.00332808256
-2,42,703.0,0.0,0.00340068054
-2,42,704.0,0.0,0.00359561014
-2,42,705.0,0.0,0.00384977174
-2,42,706.0,0.0,0.00393903899
-2,42,707.0,0.0,0.00385395122
-2,42,708.0,0.0,0.0035912087
-2,42,709.0,0.0,0.0038552195999999998
-2,42,710.0,0.0,0.0042201943399999995
-2,42,711.0,0.0,0.00384035516
-2,42,712.0,0.0,0.00431669617
-2,42,713.0,0.0,0.0037909669899999997
-2,42,714.0,0.0,0.0036724810599999998
-2,42,715.0,0.0,0.00351128054
-2,42,716.0,0.0,0.00382846808
-2,42,717.0,0.0,0.00344984889
-2,42,718.0,0.0,0.0024957747499999997
-2,42,719.0,0.0,0.00250530243
-2,42,720.0,0.0,0.0024090769299999998
-2,42,721.0,0.0,0.00334256458
-2,42,722.0,0.0,0.00340322042
-2,42,723.0,0.0,0.0034144895100000003
-2,42,724.0,0.0,0.0020728209
-2,42,725.0,0.0,0.0024960689500000003
-2,42,726.0,0.0,0.00305553675
-2,42,727.0,0.0,0.00262934256
-2,42,728.0,0.0,0.00251695323
-2,42,729.0,0.0,0.00241150403
-2,42,730.0,0.0,0.00305437398
-2,42,731.0,0.0,0.0027382049600000002
-2,42,732.0,0.0,0.00316680288
-2,42,733.0,0.0,0.00300712419
-2,42,734.0,0.0,0.004242903229999999
-2,42,735.0,0.0,0.00330088782
-2,42,736.0,0.0,0.00350695348
-2,42,737.0,0.0,0.00339310884
-2,42,738.0,0.0,0.00356219244
-2,42,739.0,0.0,0.00282827449
-2,42,740.0,0.0,0.00381558275
-2,42,741.0,0.0,0.00377827406
-2,42,742.0,0.0,0.00394557929
-2,42,743.0,0.0,0.0038796832600000004
-2,42,744.0,0.0,0.004312263009999999
-2,42,745.0,0.0,0.00376263452
-2,42,746.0,0.0,0.0038998031599999997
-2,42,747.0,0.0,0.00364531779
-2,42,748.0,0.0,0.00365471387
-2,42,749.0,0.0,0.0034254224299999996
-2,42,750.0,0.0,0.0037616429299999997
-2,42,751.0,0.0,0.0038917348399999997
-2,42,752.0,0.0,0.00373065352
-2,42,753.0,0.0,0.0041585722
-2,42,754.0,0.0,0.00362604785
-2,42,755.0,0.0,0.0037707026
-2,42,756.0,0.0,0.00374031401
-2,42,757.0,0.0,0.0035102591499999998
-2,42,758.0,0.0,0.0041719374699999996
-2,42,759.0,0.0,0.0031963141
-2,42,760.0,0.0,0.00019823738900000002
-2,42,761.0,0.0,6.05166294e-05
-2,42,762.0,0.0,0.00104539156
-2,42,763.0,0.0,0.00046140414499999997
-2,42,764.0,0.0,0.0007672917249999999
-2,42,765.0,0.0,0.00145416534
-2,42,766.0,0.0,0.00187940264
-2,42,767.0,0.0,0.00256597352
-2,42,768.0,0.0,0.00299889326
-2,42,769.0,0.0,0.0032010905699999996
-2,42,770.0,0.0,0.0030899419799999997
-2,42,771.0,0.0,0.0034676187000000002
-2,42,772.0,0.0,0.0035726289699999996
-2,42,773.0,0.0,0.0034424057
-2,42,774.0,0.0,0.00374668288
-2,42,775.0,0.0,0.00352586865
-2,42,776.0,0.0,0.00361370945
-2,42,777.0,0.0,0.00371254516
-2,42,778.0,0.0,0.00374428749
-2,42,779.0,0.0,0.00375045824
-2,42,780.0,0.0,0.00325262594
-2,42,781.0,0.0,0.00394139719
-2,42,782.0,0.0,0.00275807714
-2,42,783.0,0.0,0.00347743082
-2,42,784.0,0.0,0.00353549337
-2,42,785.0,0.0,0.00342846584
-2,42,786.0,0.0,0.00303146958
-2,42,787.0,0.0,0.00368834233
-2,42,788.0,0.0,0.00287324047
-2,42,789.0,0.0,0.00303288651
-2,42,790.0,0.0,0.00278712702
-2,42,791.0,0.0,0.00307439041
-2,42,792.0,0.0,0.0027680614
-2,42,793.0,0.0,0.00290995026
-2,42,794.0,0.0,0.00346208715
-2,42,795.0,0.0,0.00309974813
-2,42,796.0,0.0,0.00304760218
-2,42,797.0,0.0,0.0037862191200000003
-2,42,798.0,0.0,0.0028944118
-2,42,799.0,0.0,0.0029934957
-2,42,800.0,0.0,0.00312696791
-2,42,801.0,0.0,0.0030097692
-2,42,802.0,0.0,0.0031637740100000002
-2,42,803.0,0.0,0.00282248807
-2,42,804.0,0.0,0.00312634087
-2,42,805.0,0.0,0.00274110508
-2,42,806.0,0.0,0.00324979854
-2,42,807.0,0.0,0.00314830136
-2,42,808.0,0.0,0.00290399528
-2,42,809.0,0.0,0.0032724273199999997
-2,42,810.0,0.0,0.00292572451
-2,42,811.0,0.0,0.0031814994799999998
-2,42,812.0,0.0,0.00306586933
-2,42,813.0,0.0,0.00248487854
-2,42,814.0,0.0,0.00243297696
-2,42,815.0,0.0,0.00185571229
-2,42,816.0,0.0,0.00223533559
-2,42,817.0,0.0,0.0015140649100000001
-2,42,818.0,0.0,0.00248886585
-2,42,819.0,0.0,0.00228669691
-2,42,820.0,0.0,0.0020497765499999997
-2,42,821.0,0.0,0.0026181736
-2,42,822.0,0.0,0.00277283597
-2,42,823.0,0.0,0.00134427559
-2,42,824.0,0.0,0.00237711716
-2,42,825.0,0.0,0.00271947551
-2,42,826.0,0.0,0.00234036446
-2,42,827.0,0.0,0.00223941445
-2,42,828.0,0.0,0.00208990073
-2,42,829.0,0.0,0.0022543132300000004
-2,42,830.0,0.0,0.00243373513
-1,21,360.0,0.0,0.00523397112
-1,21,361.0,0.0,0.00427370119
-1,21,362.0,0.0,0.00485703945
-1,21,363.0,0.0,0.00500406551
-1,21,364.0,0.0,0.00538269329
-1,21,365.0,0.0,0.0050932498
-1,21,366.0,0.0,0.0067023139
-1,21,367.0,0.0,0.00630371618
-1,21,368.0,0.0,0.00535255003
-1,21,369.0,0.0,0.00568698168
-1,21,370.0,0.0,0.00625750685
-1,21,371.0,0.0,0.0048126173000000005
-1,21,372.0,0.0,0.00548372078
-1,21,373.0,0.0,0.00524804068
-1,21,374.0,0.0,0.00393717432
-1,21,375.0,0.0,0.0034668755500000003
-1,21,376.0,0.0,0.0050915699
-1,21,377.0,0.0,0.0051911745099999995
-1,21,378.0,0.0,0.00744875336
-1,21,379.0,0.0,0.005446725370000001
-1,21,380.0,0.0,0.0054364295
-1,21,381.0,0.0,0.0061563439400000005
-1,21,382.0,0.0,0.004490087510000001
-1,21,383.0,0.0,0.0031005923700000004
-1,21,384.0,0.0,0.00350480723
-1,21,385.0,0.0,0.0049914474499999995
-1,21,386.0,0.0,0.00445570469
-1,21,387.0,0.0,0.0044943933500000005
-1,21,388.0,0.0,0.0040761981
-1,21,389.0,0.0,0.00563925695
-1,21,390.0,0.0,0.0064973120700000005
-1,21,391.0,0.0,0.00720251465
-1,21,392.0,0.0,0.006056927199999999
-1,21,393.0,0.0,0.00337295246
-1,21,394.0,0.0,0.00372704601
-1,21,395.0,0.0,0.00664497042
-1,21,396.0,0.0,0.0064183216099999996
-1,21,397.0,0.0,0.00235634351
-1,21,398.0,0.0,0.0073540058100000005
-1,21,399.0,0.0,0.00876806831
-1,21,400.0,0.0,0.00870161343
-1,21,401.0,0.0,0.00877626705
-1,21,402.0,0.0,0.00924459362
-1,21,403.0,0.0,0.008884705540000001
-1,21,404.0,0.0,0.00932069588
-1,21,405.0,0.0,0.00829143524
-1,21,406.0,0.0,0.00771222401
-1,21,407.0,0.0,0.00796463442
-1,21,408.0,0.0,0.008739537240000001
-1,21,409.0,0.0,0.00988252258
-1,21,410.0,0.0,0.00810944653
-1,21,411.0,0.0,0.00946236992
-1,21,412.0,0.0,0.00987557697
-1,21,413.0,0.0,0.00917959976
-1,21,414.0,0.0,0.00896399403
-1,21,415.0,0.0,0.00952726841
-1,21,416.0,0.0,0.009747365000000001
-1,21,417.0,0.0,0.008995612140000001
-1,21,418.0,0.0,0.00879485989
-1,21,419.0,0.0,0.009035845760000001
-1,21,420.0,0.0,0.00789441395
-1,21,421.0,0.0,0.00981916714
-1,21,422.0,0.0,0.00951900673
-1,21,423.0,0.0,0.00772693968
-1,21,424.0,0.0,0.008356939320000001
-1,21,425.0,0.0,0.00918742275
-1,21,426.0,0.0,0.00825457382
-1,21,427.0,0.0,0.00824634743
-1,21,428.0,0.0,0.00865059376
-1,21,429.0,0.0,0.00751191807
-1,21,430.0,0.0,0.00600575972
-1,21,431.0,0.0,0.00541575527
-1,21,432.0,0.0,0.00954811096
-1,21,433.0,0.0,0.008762811660000001
-1,21,434.0,0.0,0.00811344624
-1,21,435.0,0.0,0.00887146854
-1,21,436.0,0.0,0.010112987499999998
-1,21,437.0,0.0,0.0101179466
-1,21,438.0,0.0,0.00920947933
-1,21,439.0,0.0,0.00833418751
-1,21,440.0,0.0,0.00953861618
-1,21,441.0,0.0,0.009310678479999999
-1,21,442.0,0.0,0.0103404121
-1,21,443.0,0.0,0.0101531029
-1,21,444.0,0.0,0.010224725700000001
-1,21,445.0,0.0,0.0108719006
-1,21,446.0,0.0,0.00993044376
-1,21,447.0,0.0,0.0110765276
-1,21,448.0,0.0,0.0104569788
-1,21,449.0,0.0,0.0113399649
-1,21,450.0,0.0,0.0113404322
-1,21,451.0,0.0,0.011879505200000001
-1,21,452.0,0.0,0.0113333206
-1,21,453.0,0.0,0.0102006435
-1,21,454.0,0.0,0.011068482400000001
-1,21,455.0,0.0,0.0109438505
-1,21,456.0,0.0,0.0115906668
-1,21,457.0,0.0,0.01142381
-1,21,458.0,0.0,0.0117029219
-1,21,459.0,0.0,0.0114765863
-1,21,460.0,0.0,0.011296959899999999
-1,21,461.0,0.0,0.011099549299999999
-1,21,462.0,0.0,0.0111184216
-1,21,463.0,0.0,0.0112806797
-1,21,464.0,0.0,0.0113676348
-1,21,465.0,0.0,0.0114570007
-1,21,466.0,0.0,0.0112084684
-1,21,467.0,0.0,0.0106488676
-1,21,468.0,0.0,0.0118477726
-1,21,469.0,0.0,0.0114976149
-1,21,470.0,0.0,0.011072751
-1,21,471.0,0.0,0.0117124147
-1,21,472.0,0.0,0.011821137399999999
-1,21,473.0,0.0,0.011474894499999999
-1,21,474.0,0.0,0.0112212534
-1,21,475.0,0.0,0.0110462303
-1,21,476.0,0.0,0.0114863338
-1,21,477.0,0.0,0.0110740013
-1,21,478.0,0.0,0.0112458973
-1,21,479.0,0.0,0.0107169113
-1,21,480.0,0.0,0.010852130900000001
-1,21,481.0,0.0,0.010896801
-1,21,482.0,0.0,0.0115231562
-1,21,483.0,0.0,0.011302166899999999
-1,21,484.0,0.0,0.0106336327
-1,21,485.0,0.0,0.010601869600000001
-1,21,486.0,0.0,0.00822911549
-1,21,487.0,0.0,0.009728119850000001
-1,21,488.0,0.0,0.0108009472
-1,21,489.0,0.0,0.00962244701
-1,21,490.0,0.0,0.0106087751
-1,21,491.0,0.0,0.010694522900000001
-1,21,492.0,0.0,0.00953056526
-1,21,493.0,0.0,0.0107933025
-1,21,494.0,0.0,0.010226506199999999
-1,21,495.0,0.0,0.0105516243
-1,21,496.0,0.0,0.0106545544
-1,21,497.0,0.0,0.0103193798
-1,21,498.0,0.0,0.00983049011
-1,21,499.0,0.0,0.0097604332
-1,21,500.0,0.0,0.009606584549999998
-1,21,501.0,0.0,0.00955316544
-1,21,502.0,0.0,0.008963787079999999
-1,21,503.0,0.0,0.00928005791
-1,21,504.0,0.0,0.00871434307
-1,21,505.0,0.0,0.00898753262
-1,21,506.0,0.0,0.00957944489
-1,21,507.0,0.0,0.00894436169
-1,21,508.0,0.0,0.00841526794
-1,21,509.0,0.0,0.0092933979
-1,21,510.0,0.0,0.00927640247
-1,21,511.0,0.0,0.00926161385
-1,21,512.0,0.0,0.009777771
-1,21,513.0,0.0,0.00897352314
-1,21,514.0,0.0,0.00900038624
-1,21,515.0,0.0,0.00901298046
-1,21,516.0,0.0,0.00934504128
-1,21,517.0,0.0,0.00713723469
-1,21,518.0,0.0,0.00812405491
-1,21,519.0,0.0,0.00829425621
-1,21,520.0,0.0,0.00875115108
-1,21,521.0,0.0,0.00866236496
-1,21,522.0,0.0,0.00948725986
-1,21,523.0,0.0,0.00898185635
-1,21,524.0,0.0,0.008739150999999999
-1,21,525.0,0.0,0.008634109499999999
-1,21,526.0,0.0,0.007916240219999999
-1,21,527.0,0.0,0.00695854235
-1,21,528.0,0.0,0.00770870256
-1,21,529.0,0.0,0.008463965419999999
-1,21,530.0,0.0,0.00783671284
-1,21,531.0,0.0,0.00807571125
-1,21,532.0,0.0,0.00813641834
-1,21,533.0,0.0,0.00722861862
-1,21,534.0,0.0,0.00755166721
-1,21,535.0,0.0,0.00760159922
-1,21,536.0,0.0,0.00836218929
-1,21,537.0,0.0,0.00781828117
-1,21,538.0,0.0,0.00810054779
-1,21,539.0,0.0,0.00769210768
-1,21,540.0,0.0,0.00720836735
-1,21,541.0,0.0,0.00655966616
-1,21,542.0,0.0,0.00743262625
-1,21,543.0,0.0,0.00716301012
-1,21,544.0,0.0,0.00705294895
-1,21,545.0,0.0,0.00760802126
-1,21,546.0,0.0,0.007225157259999999
-1,21,547.0,0.0,0.00676203346
-1,21,548.0,0.0,0.00685555601
-1,21,549.0,0.0,0.00695036364
-1,21,550.0,0.0,0.0067872076
-1,21,551.0,0.0,0.006727561470000001
-1,21,552.0,0.0,0.00746419001
-1,21,553.0,0.0,0.0068806223900000005
-1,21,554.0,0.0,0.00724342728
-1,21,555.0,0.0,0.00675129986
-1,21,556.0,0.0,0.006991528029999999
-1,21,557.0,0.0,0.0066267705
-1,21,558.0,0.0,0.00647788572
-1,21,559.0,0.0,0.00598309278
-1,21,560.0,0.0,0.0061385931999999995
-1,21,561.0,0.0,0.006419804100000001
-1,21,562.0,0.0,0.00607377291
-1,21,563.0,0.0,0.00612653637
-1,21,564.0,0.0,0.0059631114
-1,21,565.0,0.0,0.00619476938
-1,21,566.0,0.0,0.0053654604
-1,21,567.0,0.0,0.0057282567
-1,21,568.0,0.0,0.00575525522
-1,21,569.0,0.0,0.00530724335
-1,21,570.0,0.0,0.00539100504
-1,21,571.0,0.0,0.00488102865
-1,21,572.0,0.0,0.0050404911
-1,21,573.0,0.0,0.0055306954399999995
-1,21,574.0,0.0,0.00498767662
-1,21,575.0,0.0,0.00471293926
-1,21,576.0,0.0,0.00462299347
-1,21,577.0,0.0,0.00516104889
-1,21,578.0,0.0,0.00522483778
-1,21,579.0,0.0,0.00499189806
-1,21,580.0,0.0,0.00562393665
-1,21,581.0,0.0,0.00571659231
-1,21,582.0,0.0,0.0059226303099999995
-1,21,583.0,0.0,0.00562700176
-1,21,584.0,0.0,0.00583836699
-1,21,585.0,0.0,0.00581431007
-1,21,586.0,0.0,0.00527987003
-1,21,587.0,0.0,0.005582897660000001
-1,21,588.0,0.0,0.005643485550000001
-1,21,589.0,0.0,0.00507856464
-1,21,590.0,0.0,0.00475597525
-1,21,591.0,0.0,0.0052419219
-1,21,592.0,0.0,0.00481691122
-1,21,593.0,0.0,0.00523762655
-1,21,594.0,0.0,0.00545107079
-1,21,595.0,0.0,0.005058707240000001
-1,21,596.0,0.0,0.00544436216
-1,21,597.0,0.0,0.00505085754
-1,21,598.0,0.0,0.00512577724
-1,21,599.0,0.0,0.0050108552
-1,21,600.0,0.0,0.004920010569999999
-1,21,601.0,0.0,0.0048680625
-1,21,602.0,0.0,0.00514977789
-1,21,603.0,0.0,0.0052159853
-1,21,604.0,0.0,0.0051480608
-1,21,605.0,0.0,0.00535882854
-1,21,606.0,0.0,0.0051976513899999995
-1,21,607.0,0.0,0.00563046074
-1,21,608.0,0.0,0.00507623243
-1,21,609.0,0.0,0.00532668877
-1,21,610.0,0.0,0.00526120949
-1,21,611.0,0.0,0.00547107935
-1,21,612.0,0.0,0.00573467779
-1,21,613.0,0.0,0.00569812822
-1,21,614.0,0.0,0.00544107389
-1,21,615.0,0.0,0.00537060547
-1,21,616.0,0.0,0.00526251507
-1,21,617.0,0.0,0.005750871659999999
-1,21,618.0,0.0,0.00575928164
-1,21,619.0,0.0,0.00566197109
-1,21,620.0,0.0,0.00554465532
-1,21,621.0,0.0,0.00602735949
-1,21,622.0,0.0,0.00603975868
-1,21,623.0,0.0,0.0058811841
-1,21,624.0,0.0,0.00572493839
-1,21,625.0,0.0,0.0056705112499999995
-1,21,626.0,0.0,0.00557145548
-1,21,627.0,0.0,0.00558084774
-1,21,628.0,0.0,0.00495035934
-1,21,629.0,0.0,0.0055771203
-1,21,630.0,0.0,0.00483816957
-1,21,631.0,0.0,0.005691882610000001
-1,21,632.0,0.0,0.00558615875
-1,21,633.0,0.0,0.00586926365
-1,21,634.0,0.0,0.0058756628
-1,21,635.0,0.0,0.00599710464
-1,21,636.0,0.0,0.005714411260000001
-1,21,637.0,0.0,0.00611977243
-1,21,638.0,0.0,0.00667264557
-1,21,639.0,0.0,0.006950106619999999
-1,21,640.0,0.0,0.00633337164
-1,21,641.0,0.0,0.0063604779200000005
-1,21,642.0,0.0,0.00658438587
-1,21,643.0,0.0,0.00602868891
-1,21,644.0,0.0,0.00629363155
-1,21,645.0,0.0,0.00683587027
-1,21,646.0,0.0,0.00637303591
-1,21,647.0,0.0,0.006083968160000001
-1,21,648.0,0.0,0.00633795595
-1,21,649.0,0.0,0.00643056297
-1,21,650.0,0.0,0.00641302872
-1,21,651.0,0.0,0.00665218496
-1,21,652.0,0.0,0.0070416774699999995
-1,21,653.0,0.0,0.00668767452
-1,21,654.0,0.0,0.00694985199
-1,21,655.0,0.0,0.00607397604
-1,21,656.0,0.0,0.00564199495
-1,21,657.0,0.0,0.00638364649
-1,21,658.0,0.0,0.0070447263700000005
-1,21,659.0,0.0,0.00712202644
-1,21,660.0,0.0,0.00721630716
-1,21,661.0,0.0,0.007380655769999999
-1,21,662.0,0.0,0.00778098297
-1,21,663.0,0.0,0.00749508858
-1,21,664.0,0.0,0.00702046347
-1,21,665.0,0.0,0.00773741722
-1,21,666.0,0.0,0.007716178420000001
-1,21,667.0,0.0,0.00774814272
-1,21,668.0,0.0,0.007553381919999999
-1,21,669.0,0.0,0.00753015852
-1,21,670.0,0.0,0.00749098301
-1,21,671.0,0.0,0.00765605021
-1,21,672.0,0.0,0.00739746428
-1,21,673.0,0.0,0.007268862720000001
-1,21,674.0,0.0,0.00798462582
-1,21,675.0,0.0,0.0076372804600000005
-1,21,676.0,0.0,0.00756744385
-1,21,677.0,0.0,0.00758840656
-1,21,678.0,0.0,0.00763198805
-1,21,679.0,0.0,0.00773810387
-1,21,680.0,0.0,0.0074646616
-1,21,681.0,0.0,0.0077650079700000004
-1,21,682.0,0.0,0.00780059004
-1,21,683.0,0.0,0.0079593029
-1,21,684.0,0.0,0.00696620274
-1,21,685.0,0.0,0.00759431219
-1,21,686.0,0.0,0.0074798836700000005
-1,21,687.0,0.0,0.0025634191
-1,21,688.0,0.0,0.0043410821
-1,21,689.0,0.0,0.00482704306
-1,21,690.0,0.0,0.005486401080000001
-1,21,691.0,0.0,0.00564377022
-1,21,692.0,0.0,0.0065548601199999995
-1,21,693.0,0.0,0.0065106730500000005
-1,21,694.0,0.0,0.0060113554000000005
-1,21,695.0,0.0,0.0061083469399999995
-1,21,696.0,0.0,0.00677997017
-1,21,697.0,0.0,0.00762395334
-1,21,698.0,0.0,0.00733985567
-1,21,699.0,0.0,0.00681332541
-1,21,700.0,0.0,0.0069882092499999994
-1,21,701.0,0.0,0.0061558642399999995
-1,21,702.0,0.0,0.00711852694
-1,21,703.0,0.0,0.006903351780000001
-1,21,704.0,0.0,0.00732647943
-1,21,705.0,0.0,0.00715396929
-1,21,706.0,0.0,0.00707684135
-1,21,707.0,0.0,0.0068374123600000005
-1,21,708.0,0.0,0.00736659241
-1,21,709.0,0.0,0.00783068562
-1,21,710.0,0.0,0.00717330742
-1,21,711.0,0.0,0.007808188440000001
-1,21,712.0,0.0,0.007876766680000001
-1,21,713.0,0.0,0.0069276104
-1,21,714.0,0.0,0.00738389158
-1,21,715.0,0.0,0.006836576939999999
-1,21,716.0,0.0,0.00709607172
-1,21,717.0,0.0,0.00570392561
-1,21,718.0,0.0,0.0050758600200000005
-1,21,719.0,0.0,0.0045858874299999994
-1,21,720.0,0.0,0.004738131519999999
-1,21,721.0,0.0,0.00589837456
-1,21,722.0,0.0,0.00636137247
-1,21,723.0,0.0,0.00609699774
-1,21,724.0,0.0,0.00468199158
-1,21,725.0,0.0,0.00534407139
-1,21,726.0,0.0,0.00542667913
-1,21,727.0,0.0,0.00531242609
-1,21,728.0,0.0,0.00467956734
-1,21,729.0,0.0,0.00439688349
-1,21,730.0,0.0,0.00602352524
-1,21,731.0,0.0,0.00506909513
-1,21,732.0,0.0,0.005249639990000001
-1,21,733.0,0.0,0.00631527901
-1,21,734.0,0.0,0.00675872803
-1,21,735.0,0.0,0.00679994726
-1,21,736.0,0.0,0.00690986013
-1,21,737.0,0.0,0.00661382723
-1,21,738.0,0.0,0.006959230899999999
-1,21,739.0,0.0,0.0071138515499999996
-1,21,740.0,0.0,0.00725561237
-1,21,741.0,0.0,0.007258548260000001
-1,21,742.0,0.0,0.0080851469
-1,21,743.0,0.0,0.00748895979
-1,21,744.0,0.0,0.00751992321
-1,21,745.0,0.0,0.00762171984
-1,21,746.0,0.0,0.00782356691
-1,21,747.0,0.0,0.00782103157
-1,21,748.0,0.0,0.00772946358
-1,21,749.0,0.0,0.00686001968
-1,21,750.0,0.0,0.00792090797
-1,21,751.0,0.0,0.007040761469999999
-1,21,752.0,0.0,0.00697515917
-1,21,753.0,0.0,0.00758484173
-1,21,754.0,0.0,0.007363636020000001
-1,21,755.0,0.0,0.0076899972
-1,21,756.0,0.0,0.00702483845
-1,21,757.0,0.0,0.00789288235
-1,21,758.0,0.0,0.00649864101
-1,21,759.0,0.0,0.0066420798300000005
-1,21,760.0,0.0,0.00043380320100000003
-1,21,761.0,0.0,0.000133052796
-1,21,762.0,0.0,0.00218765092
-1,21,763.0,0.0,0.0010288209900000001
-1,21,764.0,0.0,0.00149177241
-1,21,765.0,0.0,0.00235353684
-1,21,766.0,0.0,0.00406754923
-1,21,767.0,0.0,0.004298195360000001
-1,21,768.0,0.0,0.00663279724
-1,21,769.0,0.0,0.00623248291
-1,21,770.0,0.0,0.00613540363
-1,21,771.0,0.0,0.0067843270300000005
-1,21,772.0,0.0,0.00716980314
-1,21,773.0,0.0,0.00701404047
-1,21,774.0,0.0,0.006901404860000001
-1,21,775.0,0.0,0.007495886330000001
-1,21,776.0,0.0,0.00763958836
-1,21,777.0,0.0,0.00719360352
-1,21,778.0,0.0,0.00663162184
-1,21,779.0,0.0,0.00747891951
-1,21,780.0,0.0,0.00676349211
-1,21,781.0,0.0,0.00608452797
-1,21,782.0,0.0,0.0070662589100000004
-1,21,783.0,0.0,0.0071001558300000005
-1,21,784.0,0.0,0.00669981575
-1,21,785.0,0.0,0.00697879267
-1,21,786.0,0.0,0.00606150484
-1,21,787.0,0.0,0.00648406792
-1,21,788.0,0.0,0.0066113076199999996
-1,21,789.0,0.0,0.0063588891
-1,21,790.0,0.0,0.00584294224
-1,21,791.0,0.0,0.00592313433
-1,21,792.0,0.0,0.00607681656
-1,21,793.0,0.0,0.00587323952
-1,21,794.0,0.0,0.00683271933
-1,21,795.0,0.0,0.00637328625
-1,21,796.0,0.0,0.00574044228
-1,21,797.0,0.0,0.0064607629800000005
-1,21,798.0,0.0,0.00622803068
-1,21,799.0,0.0,0.00591915751
-1,21,800.0,0.0,0.00554189062
-1,21,801.0,0.0,0.0060064783100000005
-1,21,802.0,0.0,0.0055958471300000005
-1,21,803.0,0.0,0.00593974447
-1,21,804.0,0.0,0.005717976089999999
-1,21,805.0,0.0,0.00591212177
-1,21,806.0,0.0,0.006141259190000001
-1,21,807.0,0.0,0.0058857564900000004
-1,21,808.0,0.0,0.00580762005
-1,21,809.0,0.0,0.00528431034
-1,21,810.0,0.0,0.00576379251
-1,21,811.0,0.0,0.00541456127
-1,21,812.0,0.0,0.00479137278
-1,21,813.0,0.0,0.0050986990900000004
-1,21,814.0,0.0,0.00430103064
-1,21,815.0,0.0,0.0036362786300000003
-1,21,816.0,0.0,0.004406559940000001
-1,21,817.0,0.0,0.00299501872
-1,21,818.0,0.0,0.00404185343
-1,21,819.0,0.0,0.00388350272
-1,21,820.0,0.0,0.00348193908
-1,21,821.0,0.0,0.00524920607
-1,21,822.0,0.0,0.00474819851
-1,21,823.0,0.0,0.0025643034
-1,21,824.0,0.0,0.0045457944899999995
-1,21,825.0,0.0,0.00533427525
-1,21,826.0,0.0,0.00431281567
-1,21,827.0,0.0,0.0048278203
-1,21,828.0,0.0,0.0035993623700000003
-1,21,829.0,0.0,0.00464412165
-1,21,830.0,0.0,0.00403956175
-1,42,360.0,0.0,0.0054962883
-1,42,361.0,0.0,0.00401003885
-1,42,362.0,0.0,0.00428555346
-1,42,363.0,0.0,0.00484677315
-1,42,364.0,0.0,0.00486603928
-1,42,365.0,0.0,0.00480888844
-1,42,366.0,0.0,0.00651263285
-1,42,367.0,0.0,0.00629982948
-1,42,368.0,0.0,0.00615888977
-1,42,369.0,0.0,0.00550035048
-1,42,370.0,0.0,0.00639081907
-1,42,371.0,0.0,0.004929111480000001
-1,42,372.0,0.0,0.0053493881200000004
-1,42,373.0,0.0,0.0055593915
-1,42,374.0,0.0,0.00410386086
-1,42,375.0,0.0,0.0039062204399999997
-1,42,376.0,0.0,0.005689625740000001
-1,42,377.0,0.0,0.00563920403
-1,42,378.0,0.0,0.00718828392
-1,42,379.0,0.0,0.0059359207200000005
-1,42,380.0,0.0,0.0051728344
-1,42,381.0,0.0,0.00566591597
-1,42,382.0,0.0,0.00441783237
-1,42,383.0,0.0,0.00299394846
-1,42,384.0,0.0,0.0036008908700000002
-1,42,385.0,0.0,0.00538453245
-1,42,386.0,0.0,0.0040325970599999995
-1,42,387.0,0.0,0.0047785697000000005
-1,42,388.0,0.0,0.00451346159
-1,42,389.0,0.0,0.005555970669999999
-1,42,390.0,0.0,0.00605717564
-1,42,391.0,0.0,0.0073881163599999996
-1,42,392.0,0.0,0.005683464050000001
-1,42,393.0,0.0,0.00367693591
-1,42,394.0,0.0,0.0039020402399999998
-1,42,395.0,0.0,0.00583711529
-1,42,396.0,0.0,0.00616058922
-1,42,397.0,0.0,0.0023692276500000002
-1,42,398.0,0.0,0.0072858629199999995
-1,42,399.0,0.0,0.00858948612
-1,42,400.0,0.0,0.00830285835
-1,42,401.0,0.0,0.00822884655
-1,42,402.0,0.0,0.00918845558
-1,42,403.0,0.0,0.00848375225
-1,42,404.0,0.0,0.008624869350000001
-1,42,405.0,0.0,0.007987311359999999
-1,42,406.0,0.0,0.00868548584
-1,42,407.0,0.0,0.00802613068
-1,42,408.0,0.0,0.00831451893
-1,42,409.0,0.0,0.00920126724
-1,42,410.0,0.0,0.008046936040000001
-1,42,411.0,0.0,0.00916609383
-1,42,412.0,0.0,0.010332938199999999
-1,42,413.0,0.0,0.00879842663
-1,42,414.0,0.0,0.00906328297
-1,42,415.0,0.0,0.00943543625
-1,42,416.0,0.0,0.00970881081
-1,42,417.0,0.0,0.009339316370000001
-1,42,418.0,0.0,0.00836358452
-1,42,419.0,0.0,0.00906774044
-1,42,420.0,0.0,0.00739432335
-1,42,421.0,0.0,0.00954109573
-1,42,422.0,0.0,0.00950387192
-1,42,423.0,0.0,0.00787245369
-1,42,424.0,0.0,0.008713265420000001
-1,42,425.0,0.0,0.0091661396
-1,42,426.0,0.0,0.008198646549999999
-1,42,427.0,0.0,0.00832256603
-1,42,428.0,0.0,0.008270660400000001
-1,42,429.0,0.0,0.0073370595
-1,42,430.0,0.0,0.005784465789999999
-1,42,431.0,0.0,0.00566959429
-1,42,432.0,0.0,0.009275015829999999
-1,42,433.0,0.0,0.00874187946
-1,42,434.0,0.0,0.0081143074
-1,42,435.0,0.0,0.00882633209
-1,42,436.0,0.0,0.009977337840000001
-1,42,437.0,0.0,0.0102764673
-1,42,438.0,0.0,0.00900221348
-1,42,439.0,0.0,0.00811001778
-1,42,440.0,0.0,0.00959006596
-1,42,441.0,0.0,0.00929512882
-1,42,442.0,0.0,0.0103841991
-1,42,443.0,0.0,0.0102223358
-1,42,444.0,0.0,0.010197011
-1,42,445.0,0.0,0.0102746954
-1,42,446.0,0.0,0.009405091289999999
-1,42,447.0,0.0,0.010647872899999999
-1,42,448.0,0.0,0.010216217
-1,42,449.0,0.0,0.0112237034
-1,42,450.0,0.0,0.010874652899999998
-1,42,451.0,0.0,0.012745428999999999
-1,42,452.0,0.0,0.0110800228
-1,42,453.0,0.0,0.010609476100000001
-1,42,454.0,0.0,0.0111861706
-1,42,455.0,0.0,0.011150158899999998
-1,42,456.0,0.0,0.0109296598
-1,42,457.0,0.0,0.0114241133
-1,42,458.0,0.0,0.011444850000000001
-1,42,459.0,0.0,0.011177486399999999
-1,42,460.0,0.0,0.0110408783
-1,42,461.0,0.0,0.0112499266
-1,42,462.0,0.0,0.0111797867
-1,42,463.0,0.0,0.011448820100000002
-1,42,464.0,0.0,0.0110470724
-1,42,465.0,0.0,0.011073418600000001
-1,42,466.0,0.0,0.0115606251
-1,42,467.0,0.0,0.011574605
-1,42,468.0,0.0,0.011931866599999999
-1,42,469.0,0.0,0.0119971361
-1,42,470.0,0.0,0.0108002377
-1,42,471.0,0.0,0.0116264257
-1,42,472.0,0.0,0.011636613799999999
-1,42,473.0,0.0,0.0110139265
-1,42,474.0,0.0,0.0111064463
-1,42,475.0,0.0,0.011013729100000001
-1,42,476.0,0.0,0.011568663600000001
-1,42,477.0,0.0,0.0103277836
-1,42,478.0,0.0,0.010581922499999999
-1,42,479.0,0.0,0.0103119497
-1,42,480.0,0.0,0.0111328659
-1,42,481.0,0.0,0.0106755371
-1,42,482.0,0.0,0.011356556899999998
-1,42,483.0,0.0,0.0113800316
-1,42,484.0,0.0,0.0102548695
-1,42,485.0,0.0,0.010336686099999999
-1,42,486.0,0.0,0.008842187880000001
-1,42,487.0,0.0,0.009743081090000001
-1,42,488.0,0.0,0.0101213388
-1,42,489.0,0.0,0.00975734997
-1,42,490.0,0.0,0.011115110400000001
-1,42,491.0,0.0,0.0105838709
-1,42,492.0,0.0,0.0104519081
-1,42,493.0,0.0,0.0112340136
-1,42,494.0,0.0,0.010421045299999999
-1,42,495.0,0.0,0.0107329283
-1,42,496.0,0.0,0.0108896961
-1,42,497.0,0.0,0.010229112600000001
-1,42,498.0,0.0,0.00935406303
-1,42,499.0,0.0,0.0097344656
-1,42,500.0,0.0,0.00984167767
-1,42,501.0,0.0,0.0100235739
-1,42,502.0,0.0,0.00951023102
-1,42,503.0,0.0,0.00936583614
-1,42,504.0,0.0,0.00877875328
-1,42,505.0,0.0,0.008752998350000001
-1,42,506.0,0.0,0.010084392499999999
-1,42,507.0,0.0,0.00928702259
-1,42,508.0,0.0,0.00874664688
-1,42,509.0,0.0,0.009341456409999999
-1,42,510.0,0.0,0.00881516266
-1,42,511.0,0.0,0.00931058311
-1,42,512.0,0.0,0.00968955231
-1,42,513.0,0.0,0.00917982578
-1,42,514.0,0.0,0.00867988873
-1,42,515.0,0.0,0.0092548399
-1,42,516.0,0.0,0.009199296000000001
-1,42,517.0,0.0,0.0065971150400000005
-1,42,518.0,0.0,0.008381448750000001
-1,42,519.0,0.0,0.0077114954
-1,42,520.0,0.0,0.00926626682
-1,42,521.0,0.0,0.00820650482
-1,42,522.0,0.0,0.00890640736
-1,42,523.0,0.0,0.00810729885
-1,42,524.0,0.0,0.00901128387
-1,42,525.0,0.0,0.008895776749999999
-1,42,526.0,0.0,0.00794277143
-1,42,527.0,0.0,0.00730397272
-1,42,528.0,0.0,0.00862226105
-1,42,529.0,0.0,0.008594388009999999
-1,42,530.0,0.0,0.00773179197
-1,42,531.0,0.0,0.008518771170000002
-1,42,532.0,0.0,0.00796516705
-1,42,533.0,0.0,0.0064440035800000005
-1,42,534.0,0.0,0.00765365124
-1,42,535.0,0.0,0.00778602171
-1,42,536.0,0.0,0.00741011
-1,42,537.0,0.0,0.00756459236
-1,42,538.0,0.0,0.0074465780300000005
-1,42,539.0,0.0,0.0072393031099999994
-1,42,540.0,0.0,0.00767804575
-1,42,541.0,0.0,0.00643044233
-1,42,542.0,0.0,0.00750937414
-1,42,543.0,0.0,0.00738005209
-1,42,544.0,0.0,0.0073978548
-1,42,545.0,0.0,0.00737323427
-1,42,546.0,0.0,0.00721453333
-1,42,547.0,0.0,0.00765783405
-1,42,548.0,0.0,0.00675329399
-1,42,549.0,0.0,0.00703797817
-1,42,550.0,0.0,0.00703567934
-1,42,551.0,0.0,0.006691624639999999
-1,42,552.0,0.0,0.0076602869
-1,42,553.0,0.0,0.00671274662
-1,42,554.0,0.0,0.00712623835
-1,42,555.0,0.0,0.00711659479
-1,42,556.0,0.0,0.006725679869999999
-1,42,557.0,0.0,0.0062607040400000005
-1,42,558.0,0.0,0.0067526645700000006
-1,42,559.0,0.0,0.00592273331
-1,42,560.0,0.0,0.00615387535
-1,42,561.0,0.0,0.00638989878
-1,42,562.0,0.0,0.00643699503
-1,42,563.0,0.0,0.0065199399
-1,42,564.0,0.0,0.00592622185
-1,42,565.0,0.0,0.006225776200000001
-1,42,566.0,0.0,0.00556332445
-1,42,567.0,0.0,0.00585494661
-1,42,568.0,0.0,0.005546000000000001
-1,42,569.0,0.0,0.00535607386
-1,42,570.0,0.0,0.00534063005
-1,42,571.0,0.0,0.00531135702
-1,42,572.0,0.0,0.00530470705
-1,42,573.0,0.0,0.005165888790000001
-1,42,574.0,0.0,0.00528097296
-1,42,575.0,0.0,0.0051218915000000005
-1,42,576.0,0.0,0.0048006711
-1,42,577.0,0.0,0.00512605572
-1,42,578.0,0.0,0.0049305892
-1,42,579.0,0.0,0.00504124212
-1,42,580.0,0.0,0.00514455462
-1,42,581.0,0.0,0.00518474388
-1,42,582.0,0.0,0.00567262697
-1,42,583.0,0.0,0.00547852659
-1,42,584.0,0.0,0.0058311924900000004
-1,42,585.0,0.0,0.0055982914
-1,42,586.0,0.0,0.00549276447
-1,42,587.0,0.0,0.00547901869
-1,42,588.0,0.0,0.0059110846500000005
-1,42,589.0,0.0,0.00504625034
-1,42,590.0,0.0,0.00476650333
-1,42,591.0,0.0,0.00528920174
-1,42,592.0,0.0,0.00509392929
-1,42,593.0,0.0,0.00539315462
-1,42,594.0,0.0,0.005046696660000001
-1,42,595.0,0.0,0.0051733613
-1,42,596.0,0.0,0.00514073706
-1,42,597.0,0.0,0.00503723335
-1,42,598.0,0.0,0.00490647984
-1,42,599.0,0.0,0.00497954893
-1,42,600.0,0.0,0.00502347231
-1,42,601.0,0.0,0.0053202467000000005
-1,42,602.0,0.0,0.00508231068
-1,42,603.0,0.0,0.005013494009999999
-1,42,604.0,0.0,0.00492077065
-1,42,605.0,0.0,0.005736436839999999
-1,42,606.0,0.0,0.00544719028
-1,42,607.0,0.0,0.00536236715
-1,42,608.0,0.0,0.0055422554
-1,42,609.0,0.0,0.00572404528
-1,42,610.0,0.0,0.00530982876
-1,42,611.0,0.0,0.00540174437
-1,42,612.0,0.0,0.00551683617
-1,42,613.0,0.0,0.00546914005
-1,42,614.0,0.0,0.0051733675000000005
-1,42,615.0,0.0,0.00573774242
-1,42,616.0,0.0,0.00526592636
-1,42,617.0,0.0,0.00568334341
-1,42,618.0,0.0,0.00538544369
-1,42,619.0,0.0,0.0058836040499999995
-1,42,620.0,0.0,0.0057003116599999995
-1,42,621.0,0.0,0.00545881128
-1,42,622.0,0.0,0.00531357431
-1,42,623.0,0.0,0.00535717869
-1,42,624.0,0.0,0.005853325370000001
-1,42,625.0,0.0,0.00586423063
-1,42,626.0,0.0,0.00564229059
-1,42,627.0,0.0,0.00571490049
-1,42,628.0,0.0,0.0049990487100000005
-1,42,629.0,0.0,0.00560724783
-1,42,630.0,0.0,0.00477397251
-1,42,631.0,0.0,0.00549410152
-1,42,632.0,0.0,0.00522260571
-1,42,633.0,0.0,0.00600040293
-1,42,634.0,0.0,0.005744493010000001
-1,42,635.0,0.0,0.00578422594
-1,42,636.0,0.0,0.00585042048
-1,42,637.0,0.0,0.00617597008
-1,42,638.0,0.0,0.00599306965
-1,42,639.0,0.0,0.006381728650000001
-1,42,640.0,0.0,0.00624279499
-1,42,641.0,0.0,0.006629188540000001
-1,42,642.0,0.0,0.0067339515700000005
-1,42,643.0,0.0,0.00658941174
-1,42,644.0,0.0,0.006392305849999999
-1,42,645.0,0.0,0.00661096811
-1,42,646.0,0.0,0.0065551123599999995
-1,42,647.0,0.0,0.00614661551
-1,42,648.0,0.0,0.00654554653
-1,42,649.0,0.0,0.0066874136899999995
-1,42,650.0,0.0,0.00646194267
-1,42,651.0,0.0,0.00692644644
-1,42,652.0,0.0,0.006510342600000001
-1,42,653.0,0.0,0.00707155657
-1,42,654.0,0.0,0.00662827444
-1,42,655.0,0.0,0.0061958990099999995
-1,42,656.0,0.0,0.005853405480000001
-1,42,657.0,0.0,0.00580308723
-1,42,658.0,0.0,0.006961812970000001
-1,42,659.0,0.0,0.007267147539999999
-1,42,660.0,0.0,0.006749721530000001
-1,42,661.0,0.0,0.00705231094
-1,42,662.0,0.0,0.00688975716
-1,42,663.0,0.0,0.0078683424
-1,42,664.0,0.0,0.007055510520000001
-1,42,665.0,0.0,0.00690157938
-1,42,666.0,0.0,0.00719038296
-1,42,667.0,0.0,0.00721461582
-1,42,668.0,0.0,0.00747964573
-1,42,669.0,0.0,0.00760369205
-1,42,670.0,0.0,0.0073965249100000005
-1,42,671.0,0.0,0.0076384153399999995
-1,42,672.0,0.0,0.00717371607
-1,42,673.0,0.0,0.00695765018
-1,42,674.0,0.0,0.00722623873
-1,42,675.0,0.0,0.007360536579999999
-1,42,676.0,0.0,0.0074655456500000005
-1,42,677.0,0.0,0.00756237602
-1,42,678.0,0.0,0.0075395965599999995
-1,42,679.0,0.0,0.00725787401
-1,42,680.0,0.0,0.00757123089
-1,42,681.0,0.0,0.00754902649
-1,42,682.0,0.0,0.00845045567
-1,42,683.0,0.0,0.0073455219300000004
-1,42,684.0,0.0,0.00742878866
-1,42,685.0,0.0,0.00816333485
-1,42,686.0,0.0,0.00743597364
-1,42,687.0,0.0,0.0027460084
-1,42,688.0,0.0,0.00407978821
-1,42,689.0,0.0,0.00489759302
-1,42,690.0,0.0,0.00560424519
-1,42,691.0,0.0,0.00607749701
-1,42,692.0,0.0,0.0067208004
-1,42,693.0,0.0,0.00624478674
-1,42,694.0,0.0,0.00593041611
-1,42,695.0,0.0,0.006884704110000001
-1,42,696.0,0.0,0.0064733681699999995
-1,42,697.0,0.0,0.00757888556
-1,42,698.0,0.0,0.00779413366
-1,42,699.0,0.0,0.006808188440000001
-1,42,700.0,0.0,0.00683970928
-1,42,701.0,0.0,0.0059999299
-1,42,702.0,0.0,0.0069526782
-1,42,703.0,0.0,0.00697201967
-1,42,704.0,0.0,0.007733001230000001
-1,42,705.0,0.0,0.0069606938400000005
-1,42,706.0,0.0,0.00719014025
-1,42,707.0,0.0,0.00676717567
-1,42,708.0,0.0,0.00797618294
-1,42,709.0,0.0,0.00733326244
-1,42,710.0,0.0,0.00777245092
-1,42,711.0,0.0,0.00770224142
-1,42,712.0,0.0,0.0074745554900000006
-1,42,713.0,0.0,0.0069633522
-1,42,714.0,0.0,0.0075879817
-1,42,715.0,0.0,0.00659934902
-1,42,716.0,0.0,0.006982509140000001
-1,42,717.0,0.0,0.00574034262
-1,42,718.0,0.0,0.0047859849900000005
-1,42,719.0,0.0,0.0040007863
-1,42,720.0,0.0,0.004566408629999999
-1,42,721.0,0.0,0.00638146544
-1,42,722.0,0.0,0.0064022646
-1,42,723.0,0.0,0.00586989307
-1,42,724.0,0.0,0.00503789997
-1,42,725.0,0.0,0.00501470089
-1,42,726.0,0.0,0.00596821642
-1,42,727.0,0.0,0.005494717600000001
-1,42,728.0,0.0,0.00478458881
-1,42,729.0,0.0,0.0044625229800000004
-1,42,730.0,0.0,0.00544959831
-1,42,731.0,0.0,0.00502681351
-1,42,732.0,0.0,0.00535623169
-1,42,733.0,0.0,0.00620838165
-1,42,734.0,0.0,0.0071003642100000005
-1,42,735.0,0.0,0.00636080694
-1,42,736.0,0.0,0.0064065823599999995
-1,42,737.0,0.0,0.00722875929
-1,42,738.0,0.0,0.00705136681
-1,42,739.0,0.0,0.0067740569099999995
-1,42,740.0,0.0,0.0071371221499999995
-1,42,741.0,0.0,0.00770066833
-1,42,742.0,0.0,0.00691603804
-1,42,743.0,0.0,0.00706654787
-1,42,744.0,0.0,0.00725282955
-1,42,745.0,0.0,0.00707434034
-1,42,746.0,0.0,0.00697506809
-1,42,747.0,0.0,0.0076447587
-1,42,748.0,0.0,0.0074114399000000004
-1,42,749.0,0.0,0.00788212776
-1,42,750.0,0.0,0.0071797986
-1,42,751.0,0.0,0.00712512159
-1,42,752.0,0.0,0.00661813974
-1,42,753.0,0.0,0.00718172455
-1,42,754.0,0.0,0.00746022129
-1,42,755.0,0.0,0.00817027092
-1,42,756.0,0.0,0.00773035049
-1,42,757.0,0.0,0.00762933683
-1,42,758.0,0.0,0.0072780652
-1,42,759.0,0.0,0.0064099445299999995
-1,42,760.0,0.0,0.00033529532
-1,42,761.0,0.0,0.000134308115
-1,42,762.0,0.0,0.00202180362
-1,42,763.0,0.0,0.0008901510240000001
-1,42,764.0,0.0,0.00136921537
-1,42,765.0,0.0,0.0026802392
-1,42,766.0,0.0,0.00424325895
-1,42,767.0,0.0,0.00469764376
-1,42,768.0,0.0,0.00632250452
-1,42,769.0,0.0,0.00655580616
-1,42,770.0,0.0,0.00676729202
-1,42,771.0,0.0,0.00739302349
-1,42,772.0,0.0,0.00659542608
-1,42,773.0,0.0,0.007254847050000001
-1,42,774.0,0.0,0.0075062909099999995
-1,42,775.0,0.0,0.00681125927
-1,42,776.0,0.0,0.00662551832
-1,42,777.0,0.0,0.00738748455
-1,42,778.0,0.0,0.00665632343
-1,42,779.0,0.0,0.007882833
-1,42,780.0,0.0,0.0066693244
-1,42,781.0,0.0,0.006945041179999999
-1,42,782.0,0.0,0.00640367746
-1,42,783.0,0.0,0.00718123198
-1,42,784.0,0.0,0.0070474081
-1,42,785.0,0.0,0.00680934811
-1,42,786.0,0.0,0.00673861837
-1,42,787.0,0.0,0.0069366431200000005
-1,42,788.0,0.0,0.00608210802
-1,42,789.0,0.0,0.0062536530499999994
-1,42,790.0,0.0,0.00594490147
-1,42,791.0,0.0,0.0060737152099999995
-1,42,792.0,0.0,0.00562402868
-1,42,793.0,0.0,0.00681032324
-1,42,794.0,0.0,0.00589072323
-1,42,795.0,0.0,0.00613560057
-1,42,796.0,0.0,0.005523292060000001
-1,42,797.0,0.0,0.005926573280000001
-1,42,798.0,0.0,0.00595532799
-1,42,799.0,0.0,0.00613074636
-1,42,800.0,0.0,0.00562073755
-1,42,801.0,0.0,0.00604709053
-1,42,802.0,0.0,0.00642529869
-1,42,803.0,0.0,0.00620675182
-1,42,804.0,0.0,0.00572814465
-1,42,805.0,0.0,0.0055600886300000004
-1,42,806.0,0.0,0.00689515781
-1,42,807.0,0.0,0.0061235714000000005
-1,42,808.0,0.0,0.006274900910000001
-1,42,809.0,0.0,0.00590026236
-1,42,810.0,0.0,0.00528933477
-1,42,811.0,0.0,0.006122925279999999
-1,42,812.0,0.0,0.00506334448
-1,42,813.0,0.0,0.005015483859999999
-1,42,814.0,0.0,0.00427176094
-1,42,815.0,0.0,0.0036809628
-1,42,816.0,0.0,0.00441084099
-1,42,817.0,0.0,0.0028127620200000003
-1,42,818.0,0.0,0.0039874329600000005
-1,42,819.0,0.0,0.00356078362
-1,42,820.0,0.0,0.00357181382
-1,42,821.0,0.0,0.0055272412299999995
-1,42,822.0,0.0,0.00459010601
-1,42,823.0,0.0,0.0031013352900000003
-1,42,824.0,0.0,0.00416042995
-1,42,825.0,0.0,0.00513410234
-1,42,826.0,0.0,0.00455132818
-1,42,827.0,0.0,0.00507528973
-1,42,828.0,0.0,0.00356438136
-1,42,829.0,0.0,0.00436245918
-1,42,830.0,0.0,0.00438331175
0,21,360.0,0.0,0.00932163143
0,21,361.0,0.0,0.00708543444
0,21,362.0,0.0,0.00731887579
0,21,363.0,0.0,0.00798198414
0,21,364.0,0.0,0.00873820972
0,21,365.0,0.0,0.00813171959
0,21,366.0,0.0,0.0105836544
0,21,367.0,0.0,0.00945564938
0,21,368.0,0.0,0.00904424191
0,21,369.0,0.0,0.00903863239
0,21,370.0,0.0,0.010666930199999999
0,21,371.0,0.0,0.008829669949999999
0,21,372.0,0.0,0.0087646122
0,21,373.0,0.0,0.009219009399999999
0,21,374.0,0.0,0.00708367682
0,21,375.0,0.0,0.006489849569999999
0,21,376.0,0.0,0.00937149143
0,21,377.0,0.0,0.009831613539999999
0,21,378.0,0.0,0.011536536200000001
0,21,379.0,0.0,0.009194692610000001
0,21,380.0,0.0,0.00893685246
0,21,381.0,0.0,0.00981268024
0,21,382.0,0.0,0.00773847675
0,21,383.0,0.0,0.0052585420599999995
0,21,384.0,0.0,0.0061090641000000005
0,21,385.0,0.0,0.00852556515
0,21,386.0,0.0,0.00681549311
0,21,387.0,0.0,0.008107689860000001
0,21,388.0,0.0,0.00763671207
0,21,389.0,0.0,0.00849382877
0,21,390.0,0.0,0.010589944799999999
0,21,391.0,0.0,0.011986082100000002
0,21,392.0,0.0,0.0109396381
0,21,393.0,0.0,0.00552755594
0,21,394.0,0.0,0.00652279043
0,21,395.0,0.0,0.0108221025
0,21,396.0,0.0,0.0104351187
0,21,397.0,0.0,0.00470089531
0,21,398.0,0.0,0.012419466
0,21,399.0,0.0,0.014400121699999999
0,21,400.0,0.0,0.0152403669
0,21,401.0,0.0,0.0146570587
0,21,402.0,0.0,0.0159460583
0,21,403.0,0.0,0.0141644764
0,21,404.0,0.0,0.0156884432
0,21,405.0,0.0,0.0142121458
0,21,406.0,0.0,0.0138801374
0,21,407.0,0.0,0.013516577699999999
0,21,408.0,0.0,0.0151269665
0,21,409.0,0.0,0.0159677362
0,21,410.0,0.0,0.013289586999999999
0,21,411.0,0.0,0.0155832539
0,21,412.0,0.0,0.0173959427
0,21,413.0,0.0,0.0152560129
0,21,414.0,0.0,0.0153991346
0,21,415.0,0.0,0.016121351199999998
0,21,416.0,0.0,0.0163226757
0,21,417.0,0.0,0.0161590538
0,21,418.0,0.0,0.0154775724
0,21,419.0,0.0,0.0162056217
0,21,420.0,0.0,0.0133167934
0,21,421.0,0.0,0.0161785355
0,21,422.0,0.0,0.0147861013
0,21,423.0,0.0,0.013497093200000001
0,21,424.0,0.0,0.0137300587
0,21,425.0,0.0,0.015448202099999999
0,21,426.0,0.0,0.0145302
0,21,427.0,0.0,0.0141456289
0,21,428.0,0.0,0.0146109896
0,21,429.0,0.0,0.012969720799999999
0,21,430.0,0.0,0.0108619843
0,21,431.0,0.0,0.008989321710000001
0,21,432.0,0.0,0.0171290188
0,21,433.0,0.0,0.0148244629
0,21,434.0,0.0,0.0136190367
0,21,435.0,0.0,0.0152672243
0,21,436.0,0.0,0.0166298065
0,21,437.0,0.0,0.0170315609
0,21,438.0,0.0,0.014574194
0,21,439.0,0.0,0.014453706699999999
0,21,440.0,0.0,0.0160487461
0,21,441.0,0.0,0.0165828362
0,21,442.0,0.0,0.016726406099999997
0,21,443.0,0.0,0.0178382187
0,21,444.0,0.0,0.017545642900000002
0,21,445.0,0.0,0.0175435066
0,21,446.0,0.0,0.0155655174
0,21,447.0,0.0,0.0183712273
0,21,448.0,0.0,0.0184362106
0,21,449.0,0.0,0.018104818300000002
0,21,450.0,0.0,0.0188604698
0,21,451.0,0.0,0.019926742600000002
0,21,452.0,0.0,0.0191082916
0,21,453.0,0.0,0.0174005432
0,21,454.0,0.0,0.019566501599999998
0,21,455.0,0.0,0.0197226772
0,21,456.0,0.0,0.019694088000000002
0,21,457.0,0.0,0.0195232887
0,21,458.0,0.0,0.0186401539
0,21,459.0,0.0,0.0190662327
0,21,460.0,0.0,0.018339412700000002
0,21,461.0,0.0,0.0194870262
0,21,462.0,0.0,0.0195063381
0,21,463.0,0.0,0.0201131649
0,21,464.0,0.0,0.0188074341
0,21,465.0,0.0,0.0194491024
0,21,466.0,0.0,0.0199950085
0,21,467.0,0.0,0.017474002800000003
0,21,468.0,0.0,0.0198445835
0,21,469.0,0.0,0.0193404522
0,21,470.0,0.0,0.019278982200000003
0,21,471.0,0.0,0.0193271542
0,21,472.0,0.0,0.019171585100000003
0,21,473.0,0.0,0.0196621475
0,21,474.0,0.0,0.0189313431
0,21,475.0,0.0,0.0195640392
0,21,476.0,0.0,0.0179934292
0,21,477.0,0.0,0.018268783599999998
0,21,478.0,0.0,0.018365896200000002
0,21,479.0,0.0,0.0182268181
0,21,480.0,0.0,0.0187285652
0,21,481.0,0.0,0.0183574181
0,21,482.0,0.0,0.018909765199999998
0,21,483.0,0.0,0.0189149685
0,21,484.0,0.0,0.0183337479
0,21,485.0,0.0,0.018986967100000002
0,21,486.0,0.0,0.0144519396
0,21,487.0,0.0,0.0168856831
0,21,488.0,0.0,0.0171664314
0,21,489.0,0.0,0.0160501804
0,21,490.0,0.0,0.0192517052
0,21,491.0,0.0,0.017452842700000002
0,21,492.0,0.0,0.0168234787
0,21,493.0,0.0,0.0191187706
0,21,494.0,0.0,0.0182895374
0,21,495.0,0.0,0.018963728
0,21,496.0,0.0,0.0179433994
0,21,497.0,0.0,0.0175675278
0,21,498.0,0.0,0.017090271
0,21,499.0,0.0,0.0165279427
0,21,500.0,0.0,0.016937566799999998
0,21,501.0,0.0,0.016712032300000002
0,21,502.0,0.0,0.0157681532
0,21,503.0,0.0,0.0161932125
0,21,504.0,0.0,0.015255924200000002
0,21,505.0,0.0,0.0158274088
0,21,506.0,0.0,0.0170391903
0,21,507.0,0.0,0.0157001896
0,21,508.0,0.0,0.015395443
0,21,509.0,0.0,0.0163327446
0,21,510.0,0.0,0.016156864200000003
0,21,511.0,0.0,0.0159529552
0,21,512.0,0.0,0.0167112865
0,21,513.0,0.0,0.0151554956
0,21,514.0,0.0,0.0146403456
0,21,515.0,0.0,0.0149812279
0,21,516.0,0.0,0.016825233499999998
0,21,517.0,0.0,0.011863378499999999
0,21,518.0,0.0,0.015611573200000001
0,21,519.0,0.0,0.013664096799999999
0,21,520.0,0.0,0.014798157700000002
0,21,521.0,0.0,0.0147785044
0,21,522.0,0.0,0.0158945503
0,21,523.0,0.0,0.0145371046
0,21,524.0,0.0,0.0159255781
0,21,525.0,0.0,0.0157325268
0,21,526.0,0.0,0.014150900800000001
0,21,527.0,0.0,0.011909338
0,21,528.0,0.0,0.0141486931
0,21,529.0,0.0,0.0147733927
0,21,530.0,0.0,0.013479435
0,21,531.0,0.0,0.0148430824
0,21,532.0,0.0,0.0141926594
0,21,533.0,0.0,0.0126795235
0,21,534.0,0.0,0.013539551700000001
0,21,535.0,0.0,0.014010823200000001
0,21,536.0,0.0,0.0143016834
0,21,537.0,0.0,0.0133655958
0,21,538.0,0.0,0.013942439099999999
0,21,539.0,0.0,0.0128501186
0,21,540.0,0.0,0.014039461100000001
0,21,541.0,0.0,0.012177937500000001
0,21,542.0,0.0,0.014128119500000001
0,21,543.0,0.0,0.0132034693
0,21,544.0,0.0,0.0132370567
0,21,545.0,0.0,0.0130307283
0,21,546.0,0.0,0.012776425400000001
0,21,547.0,0.0,0.013099863100000001
0,21,548.0,0.0,0.0121098614
0,21,549.0,0.0,0.0136768055
0,21,550.0,0.0,0.0125613337
0,21,551.0,0.0,0.0121982613
0,21,552.0,0.0,0.013088707
0,21,553.0,0.0,0.0126705132
0,21,554.0,0.0,0.0129517431
0,21,555.0,0.0,0.0130500259
0,21,556.0,0.0,0.012304451000000001
0,21,557.0,0.0,0.0119267292
0,21,558.0,0.0,0.0127174444
0,21,559.0,0.0,0.012075873400000001
0,21,560.0,0.0,0.011585118299999999
0,21,561.0,0.0,0.0117874212
0,21,562.0,0.0,0.011299572899999999
0,21,563.0,0.0,0.0115802813
0,21,564.0,0.0,0.011462539700000001
0,21,565.0,0.0,0.0112280293
0,21,566.0,0.0,0.0101096621
0,21,567.0,0.0,0.010594423300000001
0,21,568.0,0.0,0.0104155054
0,21,569.0,0.0,0.00997957039
0,21,570.0,0.0,0.00995556736
0,21,571.0,0.0,0.009442361829999999
0,21,572.0,0.0,0.0100084362
0,21,573.0,0.0,0.009818248750000001
0,21,574.0,0.0,0.00984047794
0,21,575.0,0.0,0.0096849165
0,21,576.0,0.0,0.00939053059
0,21,577.0,0.0,0.009697582239999999
0,21,578.0,0.0,0.009318425180000001
0,21,579.0,0.0,0.009326113700000001
0,21,580.0,0.0,0.0102445307
0,21,581.0,0.0,0.00987860584
0,21,582.0,0.0,0.010151395799999999
0,21,583.0,0.0,0.01053339
0,21,584.0,0.0,0.010235145599999999
0,21,585.0,0.0,0.010652920699999999
0,21,586.0,0.0,0.010127203
0,21,587.0,0.0,0.0107465115
0,21,588.0,0.0,0.0106969957
0,21,589.0,0.0,0.0084362011
0,21,590.0,0.0,0.00929934025
0,21,591.0,0.0,0.0101633081
0,21,592.0,0.0,0.00967257023
0,21,593.0,0.0,0.009858302119999999
0,21,594.0,0.0,0.00962934303
0,21,595.0,0.0,0.00901821518
0,21,596.0,0.0,0.0101057396
0,21,597.0,0.0,0.00967121983
0,21,598.0,0.0,0.009526565550000001
0,21,599.0,0.0,0.009980583190000001
0,21,600.0,0.0,0.009568362240000001
0,21,601.0,0.0,0.0102578878
0,21,602.0,0.0,0.0100803461
0,21,603.0,0.0,0.00944678307
0,21,604.0,0.0,0.010713222500000001
0,21,605.0,0.0,0.0105448332
0,21,606.0,0.0,0.0100141134
0,21,607.0,0.0,0.009705628400000001
0,21,608.0,0.0,0.0107602205
0,21,609.0,0.0,0.0101518469
0,21,610.0,0.0,0.0100798569
0,21,611.0,0.0,0.0102270899
0,21,612.0,0.0,0.0106599464
0,21,613.0,0.0,0.00993577003
0,21,614.0,0.0,0.009843152999999999
0,21,615.0,0.0,0.010295653299999999
0,21,616.0,0.0,0.0107265482
0,21,617.0,0.0,0.010232817600000001
0,21,618.0,0.0,0.011148213399999999
0,21,619.0,0.0,0.010677022900000001
0,21,620.0,0.0,0.011165369999999999
0,21,621.0,0.0,0.0108742466
0,21,622.0,0.0,0.0108158455
0,21,623.0,0.0,0.011012332900000001
0,21,624.0,0.0,0.0104859285
0,21,625.0,0.0,0.00997790718
0,21,626.0,0.0,0.0106990452
0,21,627.0,0.0,0.010095274
0,21,628.0,0.0,0.00918250942
0,21,629.0,0.0,0.0100391817
0,21,630.0,0.0,0.00961980057
0,21,631.0,0.0,0.0102622766
0,21,632.0,0.0,0.0101299496
0,21,633.0,0.0,0.010309750599999999
0,21,634.0,0.0,0.0107074585
0,21,635.0,0.0,0.0107333927
0,21,636.0,0.0,0.010520751
0,21,637.0,0.0,0.0112686367
0,21,638.0,0.0,0.0119046679
0,21,639.0,0.0,0.011777199700000001
0,21,640.0,0.0,0.0115924969
0,21,641.0,0.0,0.0114284029
0,21,642.0,0.0,0.0118405762
0,21,643.0,0.0,0.0116515913
0,21,644.0,0.0,0.0123165026
0,21,645.0,0.0,0.0118338661
0,21,646.0,0.0,0.0118800287
0,21,647.0,0.0,0.011912281
0,21,648.0,0.0,0.0112285585
0,21,649.0,0.0,0.0120471621
0,21,650.0,0.0,0.011560029999999999
0,21,651.0,0.0,0.012402326600000001
0,21,652.0,0.0,0.0118321085
0,21,653.0,0.0,0.0130499916
0,21,654.0,0.0,0.012814229
0,21,655.0,0.0,0.0125623331
0,21,656.0,0.0,0.0104370832
0,21,657.0,0.0,0.011158638
0,21,658.0,0.0,0.0120384169
0,21,659.0,0.0,0.012972381600000001
0,21,660.0,0.0,0.0125984497
0,21,661.0,0.0,0.0133723364
0,21,662.0,0.0,0.0128094959
0,21,663.0,0.0,0.0119644547
0,21,664.0,0.0,0.0125517454
0,21,665.0,0.0,0.0130521088
0,21,666.0,0.0,0.013746659299999998
0,21,667.0,0.0,0.0130998907
0,21,668.0,0.0,0.013075037
0,21,669.0,0.0,0.0133708706
0,21,670.0,0.0,0.0127296314
0,21,671.0,0.0,0.0133533058
0,21,672.0,0.0,0.0129358206
0,21,673.0,0.0,0.0129203644
0,21,674.0,0.0,0.013410264
0,21,675.0,0.0,0.0133924971
0,21,676.0,0.0,0.0131126709
0,21,677.0,0.0,0.0131847448
0,21,678.0,0.0,0.0146055584
0,21,679.0,0.0,0.013016949699999999
0,21,680.0,0.0,0.0130879421
0,21,681.0,0.0,0.0135758066
0,21,682.0,0.0,0.013439249
0,21,683.0,0.0,0.0136751652
0,21,684.0,0.0,0.012942343700000001
0,21,685.0,0.0,0.014022885300000001
0,21,686.0,0.0,0.0130895376
0,21,687.0,0.0,0.0046949958799999995
0,21,688.0,0.0,0.0068730959900000005
0,21,689.0,0.0,0.008184369090000001
0,21,690.0,0.0,0.00952098179
0,21,691.0,0.0,0.010279334999999999
0,21,692.0,0.0,0.0118203764
0,21,693.0,0.0,0.010847410200000001
0,21,694.0,0.0,0.0102991934
0,21,695.0,0.0,0.011245031400000001
0,21,696.0,0.0,0.0119056644
0,21,697.0,0.0,0.013145630799999999
0,21,698.0,0.0,0.0120644903
0,21,699.0,0.0,0.012408934600000001
0,21,700.0,0.0,0.0127098217
0,21,701.0,0.0,0.0110095997
0,21,702.0,0.0,0.010618136399999999
0,21,703.0,0.0,0.0114149771
0,21,704.0,0.0,0.0117711258
0,21,705.0,0.0,0.0119708738
0,21,706.0,0.0,0.0120918055
0,21,707.0,0.0,0.0120941591
0,21,708.0,0.0,0.012980536499999999
0,21,709.0,0.0,0.012505643799999999
0,21,710.0,0.0,0.0128637896
0,21,711.0,0.0,0.012143712000000001
0,21,712.0,0.0,0.0133114643
0,21,713.0,0.0,0.0124798927
0,21,714.0,0.0,0.0124834566
0,21,715.0,0.0,0.0112437859
0,21,716.0,0.0,0.0125595579
0,21,717.0,0.0,0.00996349907
0,21,718.0,0.0,0.00845812798
0,21,719.0,0.0,0.00756351423
0,21,720.0,0.0,0.00762639999
0,21,721.0,0.0,0.0105439005
0,21,722.0,0.0,0.011290366199999999
0,21,723.0,0.0,0.0100769806
0,21,724.0,0.0,0.00824002361
0,21,725.0,0.0,0.00825357342
0,21,726.0,0.0,0.00930071831
0,21,727.0,0.0,0.0088594017
0,21,728.0,0.0,0.00832616329
0,21,729.0,0.0,0.008030187610000001
0,21,730.0,0.0,0.0100155516
0,21,731.0,0.0,0.00936814404
0,21,732.0,0.0,0.00930221653
0,21,733.0,0.0,0.010873240499999999
0,21,734.0,0.0,0.0122337847
0,21,735.0,0.0,0.0106912546
0,21,736.0,0.0,0.0115122681
0,21,737.0,0.0,0.011004092200000001
0,21,738.0,0.0,0.011268162699999999
0,21,739.0,0.0,0.0117608833
0,21,740.0,0.0,0.011883845300000001
0,21,741.0,0.0,0.012452419300000002
0,21,742.0,0.0,0.0130107536
0,21,743.0,0.0,0.0118916216
0,21,744.0,0.0,0.0123363008
0,21,745.0,0.0,0.011987053899999999
0,21,746.0,0.0,0.013007640800000001
0,21,747.0,0.0,0.0132409182
0,21,748.0,0.0,0.012403755200000002
0,21,749.0,0.0,0.0126255589
0,21,750.0,0.0,0.011750495900000001
0,21,751.0,0.0,0.012531788799999999
0,21,752.0,0.0,0.0128613663
0,21,753.0,0.0,0.013891202
0,21,754.0,0.0,0.0119624815
0,21,755.0,0.0,0.0127766142
0,21,756.0,0.0,0.012418574299999999
0,21,757.0,0.0,0.012147148100000001
0,21,758.0,0.0,0.0119261389
0,21,759.0,0.0,0.0113039331
0,21,760.0,0.0,0.0006204327939999999
0,21,761.0,0.0,0.00023391060499999998
0,21,762.0,0.0,0.0034453856900000003
0,21,763.0,0.0,0.0015063576700000002
0,21,764.0,0.0,0.00238962364
0,21,765.0,0.0,0.00440460443
0,21,766.0,0.0,0.0065326566699999995
0,21,767.0,0.0,0.0080180769
0,21,768.0,0.0,0.0110804348
0,21,769.0,0.0,0.0107494488
0,21,770.0,0.0,0.011564047800000001
0,21,771.0,0.0,0.0113412676
0,21,772.0,0.0,0.0110991898
0,21,773.0,0.0,0.0114372005
0,21,774.0,0.0,0.011700562500000001
0,21,775.0,0.0,0.011811470999999999
0,21,776.0,0.0,0.011750248
0,21,777.0,0.0,0.0110732927
0,21,778.0,0.0,0.0126190376
0,21,779.0,0.0,0.0129430046
0,21,780.0,0.0,0.0124041338
0,21,781.0,0.0,0.012024505599999999
0,21,782.0,0.0,0.0110052395
0,21,783.0,0.0,0.011888707200000001
0,21,784.0,0.0,0.012401280399999999
0,21,785.0,0.0,0.011687252
0,21,786.0,0.0,0.011453524599999999
0,21,787.0,0.0,0.0115968971
0,21,788.0,0.0,0.0098353529
0,21,789.0,0.0,0.010850944500000001
0,21,790.0,0.0,0.0101225595
0,21,791.0,0.0,0.0106739292
0,21,792.0,0.0,0.008858562470000001
0,21,793.0,0.0,0.010305204399999999
0,21,794.0,0.0,0.01113694
0,21,795.0,0.0,0.010591918
0,21,796.0,0.0,0.009731483459999999
0,21,797.0,0.0,0.010299478499999999
0,21,798.0,0.0,0.0105110483
0,21,799.0,0.0,0.0105860634
0,21,800.0,0.0,0.0103266134
0,21,801.0,0.0,0.00946068382
0,21,802.0,0.0,0.009681624409999999
0,21,803.0,0.0,0.00965839386
0,21,804.0,0.0,0.00998815441
0,21,805.0,0.0,0.009728262900000001
0,21,806.0,0.0,0.010552490199999999
0,21,807.0,0.0,0.0103454466
0,21,808.0,0.0,0.011152496299999998
0,21,809.0,0.0,0.00906389332
0,21,810.0,0.0,0.00908849335
0,21,811.0,0.0,0.009580715180000001
0,21,812.0,0.0,0.00808978558
0,21,813.0,0.0,0.00801579857
0,21,814.0,0.0,0.00727782393
0,21,815.0,0.0,0.00679470301
0,21,816.0,0.0,0.00704018593
0,21,817.0,0.0,0.00467922831
0,21,818.0,0.0,0.00660687256
0,21,819.0,0.0,0.0074448499699999995
0,21,820.0,0.0,0.006191316600000001
0,21,821.0,0.0,0.00933666706
0,21,822.0,0.0,0.0078499074
0,21,823.0,0.0,0.004079642299999999
0,21,824.0,0.0,0.00702348423
0,21,825.0,0.0,0.00838767052
0,21,826.0,0.0,0.0073965544699999995
0,21,827.0,0.0,0.00869085312
0,21,828.0,0.0,0.0068457284
0,21,829.0,0.0,0.00812019539
0,21,830.0,0.0,0.006955695150000001
0,42,360.0,0.0,0.00931908512
0,42,361.0,0.0,0.00671355915
0,42,362.0,0.0,0.008236546519999999
0,42,363.0,0.0,0.00848127842
0,42,364.0,0.0,0.00929783249
0,42,365.0,0.0,0.007915735719999999
0,42,366.0,0.0,0.0114385548
0,42,367.0,0.0,0.010062632600000001
0,42,368.0,0.0,0.00946336651
0,42,369.0,0.0,0.009286552430000001
0,42,370.0,0.0,0.0107789354
0,42,371.0,0.0,0.008633887290000001
0,42,372.0,0.0,0.00854157639
0,42,373.0,0.0,0.00938361359
0,42,374.0,0.0,0.006914152149999999
0,42,375.0,0.0,0.00706781769
0,42,376.0,0.0,0.00896076488
0,42,377.0,0.0,0.009831885339999999
0,42,378.0,0.0,0.0122921829
0,42,379.0,0.0,0.00938060188
0,42,380.0,0.0,0.00880887032
0,42,381.0,0.0,0.00990420341
0,42,382.0,0.0,0.00797524595
0,42,383.0,0.0,0.005271793370000001
0,42,384.0,0.0,0.0056385164300000006
0,42,385.0,0.0,0.009062578200000001
0,42,386.0,0.0,0.0070022788
0,42,387.0,0.0,0.00764552164
0,42,388.0,0.0,0.00744561243
0,42,389.0,0.0,0.00880656147
0,42,390.0,0.0,0.010885172799999999
0,42,391.0,0.0,0.0120453463
0,42,392.0,0.0,0.0107303829
0,42,393.0,0.0,0.00559514713
0,42,394.0,0.0,0.00601596737
0,42,395.0,0.0,0.00993192482
0,42,396.0,0.0,0.0105137529
0,42,397.0,0.0,0.0042948770500000006
0,42,398.0,0.0,0.0127984104
0,42,399.0,0.0,0.0152035151
0,42,400.0,0.0,0.014368041
0,42,401.0,0.0,0.0144214201
0,42,402.0,0.0,0.0150925264
0,42,403.0,0.0,0.014468403800000001
0,42,404.0,0.0,0.0157327137
0,42,405.0,0.0,0.0142316227
0,42,406.0,0.0,0.0137725849
0,42,407.0,0.0,0.0143266478
0,42,408.0,0.0,0.0144385614
0,42,409.0,0.0,0.0170699654
0,42,410.0,0.0,0.013926322900000001
0,42,411.0,0.0,0.0165438805
0,42,412.0,0.0,0.0167687054
0,42,413.0,0.0,0.0155555544
0,42,414.0,0.0,0.0152422428
0,42,415.0,0.0,0.0160695362
0,42,416.0,0.0,0.0166016312
0,42,417.0,0.0,0.0162424774
0,42,418.0,0.0,0.015054142999999999
0,42,419.0,0.0,0.015767902400000002
0,42,420.0,0.0,0.0130852365
0,42,421.0,0.0,0.0170484619
0,42,422.0,0.0,0.0164634323
0,42,423.0,0.0,0.0132442398
0,42,424.0,0.0,0.0145172491
0,42,425.0,0.0,0.0150469313
0,42,426.0,0.0,0.0145940514
0,42,427.0,0.0,0.0144732161
0,42,428.0,0.0,0.0141066456
0,42,429.0,0.0,0.0128697672
0,42,430.0,0.0,0.0102974806
0,42,431.0,0.0,0.008813578610000001
0,42,432.0,0.0,0.0163445568
0,42,433.0,0.0,0.014937789
0,42,434.0,0.0,0.0133487825
0,42,435.0,0.0,0.015359856600000001
0,42,436.0,0.0,0.0166504421
0,42,437.0,0.0,0.016475729
0,42,438.0,0.0,0.015464756
0,42,439.0,0.0,0.0144364986
0,42,440.0,0.0,0.0153730297
0,42,441.0,0.0,0.0161758671
0,42,442.0,0.0,0.0172285118
0,42,443.0,0.0,0.017212373700000002
0,42,444.0,0.0,0.0172254047
0,42,445.0,0.0,0.0178625488
0,42,446.0,0.0,0.0159308014
0,42,447.0,0.0,0.0185990181
0,42,448.0,0.0,0.0183634014
0,42,449.0,0.0,0.0188063908
0,42,450.0,0.0,0.0197352257
0,42,451.0,0.0,0.0217576714
0,42,452.0,0.0,0.019159271199999998
0,42,453.0,0.0,0.0179091225
0,42,454.0,0.0,0.0183250561
0,42,455.0,0.0,0.0182698402
0,42,456.0,0.0,0.019474157300000003
0,42,457.0,0.0,0.0192418156
0,42,458.0,0.0,0.0189915848
0,42,459.0,0.0,0.0193788376
0,42,460.0,0.0,0.0186265259
0,42,461.0,0.0,0.0192448044
0,42,462.0,0.0,0.0187373981
0,42,463.0,0.0,0.0187318249
0,42,464.0,0.0,0.0187269497
0,42,465.0,0.0,0.0184167557
0,42,466.0,0.0,0.019474937400000003
0,42,467.0,0.0,0.018502853399999998
0,42,468.0,0.0,0.0197508354
0,42,469.0,0.0,0.019141029400000002
0,42,470.0,0.0,0.0189890442
0,42,471.0,0.0,0.0200855217
0,42,472.0,0.0,0.0183228683
0,42,473.0,0.0,0.019414732
0,42,474.0,0.0,0.018590847
0,42,475.0,0.0,0.019562955899999998
0,42,476.0,0.0,0.019008699400000002
0,42,477.0,0.0,0.0185158882
0,42,478.0,0.0,0.0199059868
0,42,479.0,0.0,0.0186095028
0,42,480.0,0.0,0.0187875481
0,42,481.0,0.0,0.0186327648
0,42,482.0,0.0,0.019123367300000003
0,42,483.0,0.0,0.018777200700000003
0,42,484.0,0.0,0.0180732784
0,42,485.0,0.0,0.0188484554
0,42,486.0,0.0,0.0144828053
0,42,487.0,0.0,0.0169660816
0,42,488.0,0.0,0.017625286100000002
0,42,489.0,0.0,0.0175246124
0,42,490.0,0.0,0.0195738487
0,42,491.0,0.0,0.017743076299999997
0,42,492.0,0.0,0.0166913624
0,42,493.0,0.0,0.018377593999999997
0,42,494.0,0.0,0.0173794079
0,42,495.0,0.0,0.0185291061
0,42,496.0,0.0,0.0192550621
0,42,497.0,0.0,0.018214777
0,42,498.0,0.0,0.0178835869
0,42,499.0,0.0,0.0171404934
0,42,500.0,0.0,0.0168743172
0,42,501.0,0.0,0.0160697289
0,42,502.0,0.0,0.015601295500000001
0,42,503.0,0.0,0.0160885201
0,42,504.0,0.0,0.015369572599999999
0,42,505.0,0.0,0.0152907791
0,42,506.0,0.0,0.0170312214
0,42,507.0,0.0,0.016205663699999998
0,42,508.0,0.0,0.015252706500000001
0,42,509.0,0.0,0.0164187641
0,42,510.0,0.0,0.0168828545
0,42,511.0,0.0,0.0170422344
0,42,512.0,0.0,0.0174263916
0,42,513.0,0.0,0.0161124039
0,42,514.0,0.0,0.015173934900000002
0,42,515.0,0.0,0.0159010801
0,42,516.0,0.0,0.016551746399999998
0,42,517.0,0.0,0.0120171118
0,42,518.0,0.0,0.015135767
0,42,519.0,0.0,0.0141713934
0,42,520.0,0.0,0.0157121553
0,42,521.0,0.0,0.014862954099999999
0,42,522.0,0.0,0.0159795246
0,42,523.0,0.0,0.0141038742
0,42,524.0,0.0,0.0154619694
0,42,525.0,0.0,0.0155081615
0,42,526.0,0.0,0.0138015089
0,42,527.0,0.0,0.0122158585
0,42,528.0,0.0,0.015039619399999999
0,42,529.0,0.0,0.0151074114
0,42,530.0,0.0,0.013363322300000001
0,42,531.0,0.0,0.0148790579
0,42,532.0,0.0,0.014655649199999999
0,42,533.0,0.0,0.0124119825
0,42,534.0,0.0,0.0133327169
0,42,535.0,0.0,0.0133608236
0,42,536.0,0.0,0.0144498901
0,42,537.0,0.0,0.013026091600000001
0,42,538.0,0.0,0.014000248900000001
0,42,539.0,0.0,0.0139494238
0,42,540.0,0.0,0.0129213848
0,42,541.0,0.0,0.0124755039
0,42,542.0,0.0,0.0137874889
0,42,543.0,0.0,0.0130102186
0,42,544.0,0.0,0.0137835312
0,42,545.0,0.0,0.0131186419
0,42,546.0,0.0,0.012990695
0,42,547.0,0.0,0.0133931227
0,42,548.0,0.0,0.0126434202
0,42,549.0,0.0,0.0131617413
0,42,550.0,0.0,0.012889616
0,42,551.0,0.0,0.012657666199999999
0,42,552.0,0.0,0.0136194038
0,42,553.0,0.0,0.0123885231
0,42,554.0,0.0,0.012899888
0,42,555.0,0.0,0.0128596001
0,42,556.0,0.0,0.012983763700000001
0,42,557.0,0.0,0.012234532400000001
0,42,558.0,0.0,0.0125454273
0,42,559.0,0.0,0.0116048145
0,42,560.0,0.0,0.0110551472
0,42,561.0,0.0,0.0119518223
0,42,562.0,0.0,0.0108765478
0,42,563.0,0.0,0.0115370636
0,42,564.0,0.0,0.011008585
0,42,565.0,0.0,0.0114993
0,42,566.0,0.0,0.0101616898
0,42,567.0,0.0,0.0110663538
0,42,568.0,0.0,0.0105386887
0,42,569.0,0.0,0.00999503803
0,42,570.0,0.0,0.0100978451
0,42,571.0,0.0,0.00972459698
0,42,572.0,0.0,0.00971347809
0,42,573.0,0.0,0.010537271499999999
0,42,574.0,0.0,0.009681387900000001
0,42,575.0,0.0,0.00941477108
0,42,576.0,0.0,0.00959192085
0,42,577.0,0.0,0.00949316597
0,42,578.0,0.0,0.00958709526
0,42,579.0,0.0,0.00945854473
0,42,580.0,0.0,0.009830916399999999
0,42,581.0,0.0,0.0101547604
0,42,582.0,0.0,0.00998978329
0,42,583.0,0.0,0.0101496859
0,42,584.0,0.0,0.010923684099999999
0,42,585.0,0.0,0.0107099419
0,42,586.0,0.0,0.00983089638
0,42,587.0,0.0,0.0107231483
0,42,588.0,0.0,0.010554796200000001
0,42,589.0,0.0,0.00872282791
0,42,590.0,0.0,0.00946571827
0,42,591.0,0.0,0.009882931709999999
0,42,592.0,0.0,0.00950595474
0,42,593.0,0.0,0.0101002913
0,42,594.0,0.0,0.0096225872
0,42,595.0,0.0,0.009330756190000001
0,42,596.0,0.0,0.00972079563
0,42,597.0,0.0,0.00999673939
0,42,598.0,0.0,0.00966023922
0,42,599.0,0.0,0.009745389940000002
0,42,600.0,0.0,0.0103300476
0,42,601.0,0.0,0.00940206337
0,42,602.0,0.0,0.009670544619999999
0,42,603.0,0.0,0.010029236799999999
0,42,604.0,0.0,0.010352554299999999
0,42,605.0,0.0,0.009930483819999999
0,42,606.0,0.0,0.010382692300000001
0,42,607.0,0.0,0.00999821758
0,42,608.0,0.0,0.0105182304
0,42,609.0,0.0,0.00999954033
0,42,610.0,0.0,0.0102799416
0,42,611.0,0.0,0.00995605373
0,42,612.0,0.0,0.0105900459
0,42,613.0,0.0,0.0106912251
0,42,614.0,0.0,0.00956624126
0,42,615.0,0.0,0.0106912203
0,42,616.0,0.0,0.0105050116
0,42,617.0,0.0,0.0104032011
0,42,618.0,0.0,0.0108108978
0,42,619.0,0.0,0.0104965057
0,42,620.0,0.0,0.0111907616
0,42,621.0,0.0,0.0114118376
0,42,622.0,0.0,0.0106473818
0,42,623.0,0.0,0.010475675600000001
0,42,624.0,0.0,0.0100755672
0,42,625.0,0.0,0.0103661108
0,42,626.0,0.0,0.010533110600000001
0,42,627.0,0.0,0.010687310200000001
0,42,628.0,0.0,0.00846030521
0,42,629.0,0.0,0.00975396156
0,42,630.0,0.0,0.00958562374
0,42,631.0,0.0,0.010485916100000001
0,42,632.0,0.0,0.0100312366
0,42,633.0,0.0,0.010889083899999999
0,42,634.0,0.0,0.0104204712
0,42,635.0,0.0,0.0107311058
0,42,636.0,0.0,0.011262207
0,42,637.0,0.0,0.011442605
0,42,638.0,0.0,0.012474653200000001
0,42,639.0,0.0,0.011477285399999999
0,42,640.0,0.0,0.0116330528
0,42,641.0,0.0,0.011794879
0,42,642.0,0.0,0.0122910271
0,42,643.0,0.0,0.0119854431
0,42,644.0,0.0,0.0120858641
0,42,645.0,0.0,0.012141146700000001
0,42,646.0,0.0,0.012588809
0,42,647.0,0.0,0.0112663689
0,42,648.0,0.0,0.0107237434
0,42,649.0,0.0,0.0116654816
0,42,650.0,0.0,0.0116651373
0,42,651.0,0.0,0.012680440900000001
0,42,652.0,0.0,0.0116815567
0,42,653.0,0.0,0.0124055462
0,42,654.0,0.0,0.0124472475
0,42,655.0,0.0,0.0113166571
0,42,656.0,0.0,0.0102491016
0,42,657.0,0.0,0.0108675795
0,42,658.0,0.0,0.0124190559
0,42,659.0,0.0,0.0114843616
0,42,660.0,0.0,0.0126834736
0,42,661.0,0.0,0.0122810392
0,42,662.0,0.0,0.0135785456
0,42,663.0,0.0,0.0126916714
0,42,664.0,0.0,0.0127732477
0,42,665.0,0.0,0.0128254509
0,42,666.0,0.0,0.013416009900000001
0,42,667.0,0.0,0.013126425700000001
0,42,668.0,0.0,0.0126924152
0,42,669.0,0.0,0.013185882599999999
0,42,670.0,0.0,0.012961098700000001
0,42,671.0,0.0,0.0134538651
0,42,672.0,0.0,0.013025287600000001
0,42,673.0,0.0,0.0139880552
0,42,674.0,0.0,0.013063970599999999
0,42,675.0,0.0,0.0135473776
0,42,676.0,0.0,0.013637180300000001
0,42,677.0,0.0,0.013805739400000001
0,42,678.0,0.0,0.0141106005
0,42,679.0,0.0,0.0141055479
0,42,680.0,0.0,0.013523958199999998
0,42,681.0,0.0,0.0135389843
0,42,682.0,0.0,0.0141254015
0,42,683.0,0.0,0.0132987223
0,42,684.0,0.0,0.0129988499
0,42,685.0,0.0,0.013325697899999999
0,42,686.0,0.0,0.012568692199999999
0,42,687.0,0.0,0.00435992908
0,42,688.0,0.0,0.00667515659
0,42,689.0,0.0,0.00835238934
0,42,690.0,0.0,0.00936547184
0,42,691.0,0.0,0.010720137599999999
0,42,692.0,0.0,0.0116046467
0,42,693.0,0.0,0.0112046461
0,42,694.0,0.0,0.010385839499999999
0,42,695.0,0.0,0.012081332200000001
0,42,696.0,0.0,0.011451173799999999
0,42,697.0,0.0,0.0138571873
0,42,698.0,0.0,0.013034881600000001
0,42,699.0,0.0,0.0118674135
0,42,700.0,0.0,0.0122607479
0,42,701.0,0.0,0.0110062075
0,42,702.0,0.0,0.0118804541
0,42,703.0,0.0,0.0114308786
0,42,704.0,0.0,0.0125063524
0,42,705.0,0.0,0.0121074133
0,42,706.0,0.0,0.0125133581
0,42,707.0,0.0,0.012529355
0,42,708.0,0.0,0.0129047546
0,42,709.0,0.0,0.0124229259
0,42,710.0,0.0,0.0124422894
0,42,711.0,0.0,0.013666414299999999
0,42,712.0,0.0,0.0126794271
0,42,713.0,0.0,0.013589850399999999
0,42,714.0,0.0,0.0126683283
0,42,715.0,0.0,0.012093176800000001
0,42,716.0,0.0,0.0124597969
0,42,717.0,0.0,0.0100510483
0,42,718.0,0.0,0.00824604416
0,42,719.0,0.0,0.00699127865
0,42,720.0,0.0,0.00760000658
0,42,721.0,0.0,0.0106061888
0,42,722.0,0.0,0.0106913805
0,42,723.0,0.0,0.0105514145
0,42,724.0,0.0,0.008011368750000001
0,42,725.0,0.0,0.00847410774
0,42,726.0,0.0,0.00926656723
0,42,727.0,0.0,0.00902065945
0,42,728.0,0.0,0.008195145610000001
0,42,729.0,0.0,0.00790934324
0,42,730.0,0.0,0.00859521866
0,42,731.0,0.0,0.00860341454
0,42,732.0,0.0,0.00863470459
0,42,733.0,0.0,0.010999094
0,42,734.0,0.0,0.0122459173
0,42,735.0,0.0,0.011464038800000001
0,42,736.0,0.0,0.0110342789
0,42,737.0,0.0,0.0116584377
0,42,738.0,0.0,0.0118922129
0,42,739.0,0.0,0.0113200121
0,42,740.0,0.0,0.012499238
0,42,741.0,0.0,0.0124352684
0,42,742.0,0.0,0.012413273800000001
0,42,743.0,0.0,0.012232341800000001
0,42,744.0,0.0,0.012461850200000001
0,42,745.0,0.0,0.0125266752
0,42,746.0,0.0,0.0132502222
0,42,747.0,0.0,0.013486064
0,42,748.0,0.0,0.012150468800000001
0,42,749.0,0.0,0.0132646255
0,42,750.0,0.0,0.012529862400000001
0,42,751.0,0.0,0.0133322811
0,42,752.0,0.0,0.0126381893
0,42,753.0,0.0,0.013210219399999999
0,42,754.0,0.0,0.0134932632
0,42,755.0,0.0,0.0129249563
0,42,756.0,0.0,0.0121723204
0,42,757.0,0.0,0.0130487013
0,42,758.0,0.0,0.0128669815
0,42,759.0,0.0,0.0112312317
0,42,760.0,0.0,0.0005453300479999999
0,42,761.0,0.0,0.000245817363
0,42,762.0,0.0,0.0030240929099999998
0,42,763.0,0.0,0.00171184707
0,42,764.0,0.0,0.00240389633
0,42,765.0,0.0,0.00447382736
0,42,766.0,0.0,0.00600563574
0,42,767.0,0.0,0.00835277653
0,42,768.0,0.0,0.0113644581
0,42,769.0,0.0,0.0112451897
0,42,770.0,0.0,0.0114517879
0,42,771.0,0.0,0.0118857784
0,42,772.0,0.0,0.0119947433
0,42,773.0,0.0,0.011646984099999999
0,42,774.0,0.0,0.0121311569
0,42,775.0,0.0,0.0129613791
0,42,776.0,0.0,0.0119592094
0,42,777.0,0.0,0.0129135332
0,42,778.0,0.0,0.012225957899999999
0,42,779.0,0.0,0.0122038336
0,42,780.0,0.0,0.012104212800000002
0,42,781.0,0.0,0.012077654799999999
0,42,782.0,0.0,0.0121669178
0,42,783.0,0.0,0.0115184555
0,42,784.0,0.0,0.0122034588
0,42,785.0,0.0,0.0125953007
0,42,786.0,0.0,0.0118891697
0,42,787.0,0.0,0.010774025
0,42,788.0,0.0,0.0103005819
0,42,789.0,0.0,0.0120347118
0,42,790.0,0.0,0.00999489689
0,42,791.0,0.0,0.009971744539999999
0,42,792.0,0.0,0.0102219572
0,42,793.0,0.0,0.0102330914
0,42,794.0,0.0,0.0116783962
0,42,795.0,0.0,0.0105376549
0,42,796.0,0.0,0.00960465431
0,42,797.0,0.0,0.0106762381
0,42,798.0,0.0,0.010882246
0,42,799.0,0.0,0.0112779226
0,42,800.0,0.0,0.009251770020000001
0,42,801.0,0.0,0.009647888180000001
0,42,802.0,0.0,0.00913863564
0,42,803.0,0.0,0.00973375797
0,42,804.0,0.0,0.0100287428
0,42,805.0,0.0,0.0100915813
0,42,806.0,0.0,0.010086359
0,42,807.0,0.0,0.010174703600000001
0,42,808.0,0.0,0.0113909512
0,42,809.0,0.0,0.00923766804
0,42,810.0,0.0,0.00975792789
0,42,811.0,0.0,0.00899940205
0,42,812.0,0.0,0.00833333397
0,42,813.0,0.0,0.00843648338
0,42,814.0,0.0,0.00725274467
0,42,815.0,0.0,0.006892432689999999
0,42,816.0,0.0,0.00653879881
0,42,817.0,0.0,0.00441892099
0,42,818.0,0.0,0.00698394489
0,42,819.0,0.0,0.00711274433
0,42,820.0,0.0,0.00610231924
0,42,821.0,0.0,0.00869359112
0,42,822.0,0.0,0.00824953079
0,42,823.0,0.0,0.00419666338
0,42,824.0,0.0,0.0072648654
0,42,825.0,0.0,0.00797272062
0,42,826.0,0.0,0.00742289495
0,42,827.0,0.0,0.008339640620000002
0,42,828.0,0.0,0.00661723042
0,42,829.0,0.0,0.00826070118
0,42,830.0,0.0,0.006990965369999999
1,21,360.0,0.0,0.0140570564
1,21,361.0,0.0,0.011057404500000001
1,21,362.0,0.0,0.0126867151
1,21,363.0,0.0,0.0130548038
1,21,364.0,0.0,0.0125036669
1,21,365.0,0.0,0.0126532612
1,21,366.0,0.0,0.0171669426
1,21,367.0,0.0,0.01521134
1,21,368.0,0.0,0.013683547
1,21,369.0,0.0,0.014717223199999999
1,21,370.0,0.0,0.0162678204
1,21,371.0,0.0,0.0140618639
1,21,372.0,0.0,0.014093104399999999
1,21,373.0,0.0,0.013661909100000001
1,21,374.0,0.0,0.0103609543
1,21,375.0,0.0,0.0101232147
1,21,376.0,0.0,0.0140433207
1,21,377.0,0.0,0.014475298900000001
1,21,378.0,0.0,0.018747509000000002
1,21,379.0,0.0,0.0152213306
1,21,380.0,0.0,0.0131129055
1,21,381.0,0.0,0.0147409468
1,21,382.0,0.0,0.0113038616
1,21,383.0,0.0,0.00765214062
1,21,384.0,0.0,0.0093674202
1,21,385.0,0.0,0.013290667499999999
1,21,386.0,0.0,0.010696106
1,21,387.0,0.0,0.0122257814
1,21,388.0,0.0,0.012163540799999999
1,21,389.0,0.0,0.0133637953
1,21,390.0,0.0,0.0156093483
1,21,391.0,0.0,0.0184340305
1,21,392.0,0.0,0.0167147846
1,21,393.0,0.0,0.008597276689999999
1,21,394.0,0.0,0.00920279312
1,21,395.0,0.0,0.016045557
1,21,396.0,0.0,0.0166482296
1,21,397.0,0.0,0.0062531652500000005
1,21,398.0,0.0,0.0188324814
1,21,399.0,0.0,0.0236857967
1,21,400.0,0.0,0.0212404079
1,21,401.0,0.0,0.0224184914
1,21,402.0,0.0,0.024003652599999998
1,21,403.0,0.0,0.0218285561
1,21,404.0,0.0,0.0237284737
1,21,405.0,0.0,0.0218251019
1,21,406.0,0.0,0.022088975900000002
1,21,407.0,0.0,0.020703517900000003
1,21,408.0,0.0,0.022512455
1,21,409.0,0.0,0.0248410378
1,21,410.0,0.0,0.0214686222
1,21,411.0,0.0,0.0248108444
1,21,412.0,0.0,0.024912261999999998
1,21,413.0,0.0,0.0257855473
1,21,414.0,0.0,0.022616336799999998
1,21,415.0,0.0,0.0251050549
1,21,416.0,0.0,0.0244285469
1,21,417.0,0.0,0.0240882645
1,21,418.0,0.0,0.0238353195
1,21,419.0,0.0,0.0241416359
1,21,420.0,0.0,0.0207295933
1,21,421.0,0.0,0.025434202200000002
1,21,422.0,0.0,0.0249543705
1,21,423.0,0.0,0.0209885712
1,21,424.0,0.0,0.02259268
1,21,425.0,0.0,0.0220324306
1,21,426.0,0.0,0.022403219199999998
1,21,427.0,0.0,0.0222840919
1,21,428.0,0.0,0.0214347172
1,21,429.0,0.0,0.0201697998
1,21,430.0,0.0,0.0157667589
1,21,431.0,0.0,0.013248405500000001
1,21,432.0,0.0,0.0257204323
1,21,433.0,0.0,0.022737775800000002
1,21,434.0,0.0,0.021582008399999998
1,21,435.0,0.0,0.0234801579
1,21,436.0,0.0,0.0257055874
1,21,437.0,0.0,0.0261201191
1,21,438.0,0.0,0.0243552589
1,21,439.0,0.0,0.0220782604
1,21,440.0,0.0,0.0255691662
1,21,441.0,0.0,0.0246271572
1,21,442.0,0.0,0.0269654789
1,21,443.0,0.0,0.0282982883
1,21,444.0,0.0,0.026000412
1,21,445.0,0.0,0.0273228436
1,21,446.0,0.0,0.0246037865
1,21,447.0,0.0,0.0279153214
1,21,448.0,0.0,0.0271141224
1,21,449.0,0.0,0.029137840300000002
1,21,450.0,0.0,0.0300364628
1,21,451.0,0.0,0.0315914459
1,21,452.0,0.0,0.0302000046
1,21,453.0,0.0,0.0275387802
1,21,454.0,0.0,0.0292296944
1,21,455.0,0.0,0.0293652096
1,21,456.0,0.0006020781959236799,0.029364128099999998
1,21,457.0,0.0,0.031248436
1,21,458.0,0.0,0.028385482799999997
1,21,459.0,0.0,0.0293171749
1,21,460.0,0.0,0.028579536399999998
1,21,461.0,0.0,0.0300353889
1,21,462.0,0.0,0.0298667965
1,21,463.0,0.0,0.0297772579
1,21,464.0,0.0,0.0296207447
1,21,465.0,0.0,0.029784240700000002
1,21,466.0,0.0,0.029936000799999998
1,21,467.0,0.0,0.027878652599999998
1,21,468.0,0.0,0.0304050179
1,21,469.0,0.0,0.0310996037
1,21,470.0,0.0,0.0296768608
1,21,471.0,0.0,0.0292857895
1,21,472.0,0.0,0.029919866599999997
1,21,473.0,0.0,0.0291320248
1,21,474.0,0.0,0.029021246
1,21,475.0,0.0,0.029677371999999997
1,21,476.0,0.0,0.0285251369
1,21,477.0,0.0,0.027413044
1,21,478.0,0.0,0.0302134666
1,21,479.0,0.000596572788936782,0.028621057499999998
1,21,480.0,0.0,0.0281929932
1,21,481.0,0.0,0.027962965
1,21,482.0,0.0,0.0300074291
1,21,483.0,0.0,0.0294579124
1,21,484.0,0.0,0.028850153
1,21,485.0,0.0,0.0279025288
1,21,486.0,0.0,0.0234585476
1,21,487.0,0.0,0.0255353413
1,21,488.0,0.0,0.0282562656
1,21,489.0,0.0,0.0259960518
1,21,490.0,0.0,0.02921665
1,21,491.0,0.0,0.0277950382
1,21,492.0,0.0008219459351358743,0.025570184699999998
1,21,493.0,0.0,0.028954660400000002
1,21,494.0,0.0,0.026766569100000002
1,21,495.0,0.0,0.029466510799999998
1,21,496.0,0.0,0.028268657699999998
1,21,497.0,0.0,0.0279055099
1,21,498.0,0.0,0.0260921974
1,21,499.0,0.0,0.0263028927
1,21,500.0,0.0,0.025473794900000003
1,21,501.0,0.0,0.0255626831
1,21,502.0,0.0005374910963412236,0.0247579937
1,21,503.0,0.0,0.025538805
1,21,504.0,0.0,0.0234534264
1,21,505.0,0.0,0.0257599964
1,21,506.0,0.0,0.0275773659
1,21,507.0,0.0,0.0258901653
1,21,508.0,0.0,0.0234229088
1,21,509.0,0.0,0.026812408399999998
1,21,510.0,0.0,0.026211126300000002
1,21,511.0,0.0,0.0262599049
1,21,512.0,0.0,0.0265943108
1,21,513.0,0.0,0.024440393400000003
1,21,514.0,0.0,0.0244024887
1,21,515.0,0.0005398831929771435,0.0243493099
1,21,516.0,0.0,0.0253491573
1,21,517.0,0.0,0.019144142200000002
1,21,518.0,0.0,0.0229788876
1,21,519.0,0.0,0.0228098259
1,21,520.0,0.0,0.0232887821
1,21,521.0,0.0,0.0237546864
1,21,522.0,0.0,0.0242871323
1,21,523.0,0.0,0.0217093525
1,21,524.0,0.0,0.0248333683
1,21,525.0,0.0,0.023742603299999998
1,21,526.0,0.0,0.022061451000000003
1,21,527.0,0.0,0.019703392
1,21,528.0,0.0,0.0242283516
1,21,529.0,0.0,0.0227556896
1,21,530.0,0.0,0.021598619500000003
1,21,531.0,0.0,0.024389209699999997
1,21,532.0,0.0,0.022680513399999998
1,21,533.0,0.0,0.0193692818
1,21,534.0,0.0,0.0216517906
1,21,535.0,0.0,0.0215945568
1,21,536.0,0.0005798316116928338,0.0235485878
1,21,537.0,0.0,0.0213213768
1,21,538.0,0.0,0.021976356500000002
1,21,539.0,0.0,0.0222670479
1,21,540.0,0.0,0.021780952500000002
1,21,541.0,0.0,0.0195017548
1,21,542.0,0.0,0.022534357100000003
1,21,543.0,0.0,0.0205987968
1,21,544.0,0.0,0.021776599900000002
1,21,545.0,0.0,0.0214342976
1,21,546.0,0.0,0.021178051
1,21,547.0,0.0,0.0216945686
1,21,548.0,0.0,0.0202898445
1,21,549.0,0.0008268170082321994,0.0217065067
1,21,550.0,0.0,0.0196667233
1,21,551.0,0.0005357014445588343,0.0198191967
1,21,552.0,0.0,0.0213503876
1,21,553.0,0.0005370337560305346,0.020867406800000002
1,21,554.0,0.0,0.021286026
1,21,555.0,0.0,0.021163564699999998
1,21,556.0,0.0,0.020098579399999997
1,21,557.0,0.0,0.019189327200000002
1,21,558.0,0.0,0.0198399277
1,21,559.0,0.0,0.0187901554
1,21,560.0,0.0,0.0188092422
1,21,561.0,0.0,0.019883102399999998
1,21,562.0,0.0,0.018398677800000002
1,21,563.0,0.0005477012706982651,0.0191978855
1,21,564.0,0.0,0.0187854481
1,21,565.0,0.0005471642723688744,0.0186570511
1,21,566.0,0.0,0.0167052631
1,21,567.0,0.0,0.018000526399999998
1,21,568.0,0.0,0.0172579021
1,21,569.0,0.0,0.0166673241
1,21,570.0,0.0,0.016261932399999998
1,21,571.0,0.0,0.0159134684
1,21,572.0,0.0,0.0162591248
1,21,573.0,0.0,0.016721141800000002
1,21,574.0,0.0,0.016857921600000002
1,21,575.0,0.0,0.0163292675
1,21,576.0,0.0,0.0161018429
1,21,577.0,0.0,0.0165366707
1,21,578.0,0.0007988500435076832,0.0156766968
1,21,579.0,0.0,0.0152352133
1,21,580.0,0.0005447342603799695,0.0164623146
1,21,581.0,0.0005335352728147265,0.0161742725
1,21,582.0,0.0,0.0167557049
1,21,583.0,0.0,0.016878791799999997
1,21,584.0,0.0,0.018065416299999998
1,21,585.0,0.0,0.016964323
1,21,586.0,0.0,0.017069685
1,21,587.0,0.0,0.0173014889
1,21,588.0,0.0005346758451683441,0.0170721226
1,21,589.0,0.0,0.0151760931
1,21,590.0,0.0009901655515454871,0.0146579638
1,21,591.0,0.0,0.016006027199999998
1,21,592.0,0.0,0.014883602099999999
1,21,593.0,0.0,0.016506937
1,21,594.0,0.0,0.0160782852
1,21,595.0,0.0,0.0154691267
1,21,596.0,0.0,0.0164986954
1,21,597.0,0.0015942697118156797,0.0162165318
1,21,598.0,0.0,0.016156341600000002
1,21,599.0,0.0,0.015431427
1,21,600.0,0.0,0.0170487022
1,21,601.0,0.0,0.016729892700000002
1,21,602.0,0.0,0.0169111061
1,21,603.0,0.0,0.0167364693
1,21,604.0,0.0,0.016858182899999997
1,21,605.0,0.0,0.0165376492
1,21,606.0,0.0,0.0168104
1,21,607.0,0.0,0.017284547799999998
1,21,608.0,0.0007662161272872915,0.0163897324
1,21,609.0,0.0,0.016897535300000002
1,21,610.0,0.0007454658286128275,0.0171354523
1,21,611.0,0.0007571005224857399,0.0167779503
1,21,612.0,0.0,0.016736673400000002
1,21,613.0,0.0,0.0167098236
1,21,614.0,0.0007085409119098293,0.0161745453
1,21,615.0,0.0007420766620352204,0.0166587162
1,21,616.0,0.0,0.016163042099999997
1,21,617.0,0.0,0.015983193399999998
1,21,618.0,0.0007420220045887401,0.0177365341
1,21,619.0,0.0,0.016681823699999997
1,21,620.0,0.0,0.017860366800000003
1,21,621.0,0.0,0.017507427199999998
1,21,622.0,0.0007182696110233196,0.016625114400000002
1,21,623.0,0.0,0.0177619781
1,21,624.0,0.0007246034837437952,0.0169606056
1,21,625.0,0.0007049506203099578,0.0161563301
1,21,626.0,0.0,0.016931797
1,21,627.0,0.0007237766812245509,0.016661684
1,21,628.0,0.0,0.0143968811
1,21,629.0,0.0,0.016061912499999997
1,21,630.0,0.0007133898815334015,0.0150334435
1,21,631.0,0.0,0.0164358273
1,21,632.0,0.000685474579422421,0.0157733917
1,21,633.0,0.0,0.0172478657
1,21,634.0,0.0,0.017459493599999997
1,21,635.0,0.0014388722981344695,0.0173926754
1,21,636.0,0.0,0.0169722443
1,21,637.0,0.000714637177097624,0.0176437073
1,21,638.0,0.0,0.018873001099999998
1,21,639.0,0.0007170435532924908,0.0189475708
1,21,640.0,0.0,0.0189315872
1,21,641.0,0.0007026636796585445,0.0185854568
1,21,642.0,0.0,0.0187177925
1,21,643.0,0.0007059681619243959,0.0182556038
1,21,644.0,0.0006974641208587382,0.0186592731
1,21,645.0,0.0007044788643115517,0.0192277832
1,21,646.0,0.0006826072328163262,0.017777729
1,21,647.0,0.000495721669104498,0.0176786003
1,21,648.0,0.0,0.0160192966
1,21,649.0,0.000570809679192353,0.017247436499999998
1,21,650.0,0.0012982157977644141,0.0183738308
1,21,651.0,0.0,0.019831031800000003
1,21,652.0,0.0006914812352293633,0.0185338097
1,21,653.0,0.001395894389485438,0.019447816799999997
1,21,654.0,0.0013787554212868053,0.0185547371
1,21,655.0,0.0006040628155193426,0.0176645374
1,21,656.0,0.0009746893770773324,0.0165663033
1,21,657.0,0.0,0.0173634396
1,21,658.0,0.0,0.0198055115
1,21,659.0,0.0013490040963495317,0.020514923100000002
1,21,660.0,0.0,0.0197270927
1,21,661.0,0.0006799687745206565,0.0208799934
1,21,662.0,0.00068871122243921,0.020779977800000002
1,21,663.0,0.0006810084196078473,0.0198978691
1,21,664.0,0.0006696586694295958,0.0198399887
1,21,665.0,0.0013442434044882005,0.019719656000000002
1,21,666.0,0.0013593014838720215,0.0195796471
1,21,667.0,0.001331374066300492,0.019348997099999998
1,21,668.0,0.001337821384898532,0.0204516106
1,21,669.0,0.0006781319523741484,0.020879837
1,21,670.0,0.0006696856997166858,0.0205466576
1,21,671.0,0.0006622456707880866,0.021192752800000002
1,21,672.0,0.0013195767282162686,0.019566501599999998
1,21,673.0,0.0006642181068588157,0.0196862335
1,21,674.0,0.0006652125484680933,0.019594099
1,21,675.0,0.0006547587734220003,0.020799613999999998
1,21,676.0,0.0006668422541812069,0.0205329132
1,21,677.0,0.0006533389817630331,0.0206462269
1,21,678.0,0.0006638996754866829,0.0212752552
1,21,679.0,0.000654324766978718,0.0203942375
1,21,680.0,0.001298648540653471,0.0209574356
1,21,681.0,0.000650149208928972,0.0197197933
1,21,682.0,0.0,0.0217890148
1,21,683.0,0.0013058777235694197,0.0215090961
1,21,684.0,0.0012829655813476437,0.0196520977
1,21,685.0,0.0012963355679926154,0.021120018
1,21,686.0,0.0012437744941021336,0.020041814800000002
1,21,687.0,0.0,0.00658477306
1,21,688.0,0.0,0.0109783077
1,21,689.0,0.0,0.013361887
1,21,690.0,0.000804572287918361,0.0139236269
1,21,691.0,0.0005394716896667213,0.0159426384
1,21,692.0,0.0005269067005043914,0.0179308434
1,21,693.0,0.0005118151334430986,0.016937135699999998
1,21,694.0,0.0009621004554300552,0.015607622100000001
1,21,695.0,0.0010799197768997049,0.018380817400000003
1,21,696.0,0.0011034374251271,0.0178591671
1,21,697.0,0.0,0.018545124099999998
1,21,698.0,0.00061882743094368,0.0193993168
1,21,699.0,0.0010672140812009556,0.0175356445
1,21,700.0,0.000523784903048163,0.0179176102
1,21,701.0,0.0,0.016846414599999998
1,21,702.0,0.0008750851514039228,0.0169903564
1,21,703.0,0.0005090791074692411,0.017351804699999997
1,21,704.0,0.0010329045210432262,0.0188247242
1,21,705.0,0.0005277218203827667,0.0191353893
1,21,706.0,0.0004890308492961231,0.017334108400000003
1,21,707.0,0.0006052021923831193,0.018282808299999998
1,21,708.0,0.0012449571442076715,0.0191622009
1,21,709.0,0.0005997745463383435,0.018217723800000002
1,21,710.0,0.0006142061489049699,0.0187073708
1,21,711.0,0.0006073657672091494,0.0198193207
1,21,712.0,0.001059848284337897,0.018709331500000002
1,21,713.0,0.0011923823562162113,0.019039184599999998
1,21,714.0,0.0006063921655183986,0.0192717705
1,21,715.0,0.0008661048289308697,0.017137926100000003
1,21,716.0,0.0012029813317933813,0.0179055195
1,21,717.0,0.000775741371482258,0.0145793695
1,21,718.0,0.0008784977530728938,0.0120956116
1,21,719.0,0.0,0.0101091623
1,21,720.0,0.0,0.0112848148
1,21,721.0,0.0,0.0149819307
1,21,722.0,0.00050055046723671,0.01583043
1,21,723.0,0.0009721170267520064,0.0150452652
1,21,724.0,0.0005616342894273097,0.0121171284
1,21,725.0,0.0007548554588835729,0.0121199169
1,21,726.0,0.000834474274244686,0.0142494965
1,21,727.0,0.0007897371036885944,0.0125286837
1,21,728.0,0.0007637458368895703,0.011770020499999999
1,21,729.0,0.0,0.0109675016
1,21,730.0,0.0,0.0148691816
1,21,731.0,0.0,0.012720026
1,21,732.0,0.0,0.0124543476
1,21,733.0,0.0,0.0147089033
1,21,734.0,0.0009973928705444286,0.017641771299999998
1,21,735.0,0.0008791707004127089,0.0174969711
1,21,736.0,0.0008897992351306617,0.0175501118
1,21,737.0,0.001155158713653189,0.0175532112
1,21,738.0,0.0009080588048942256,0.0181727676
1,21,739.0,0.0010103883704330313,0.0166613808
1,21,740.0,0.0011156712321891541,0.018463562
1,21,741.0,0.0012511273761844288,0.0176029739
1,21,742.0,0.001301439656893488,0.0170122337
1,21,743.0,0.0013335199321697102,0.0187213268
1,21,744.0,0.0014084589440828475,0.0178325901
1,21,745.0,0.001462305993305939,0.0187582111
1,21,746.0,0.0015281382575137914,0.018064775499999998
1,21,747.0,0.0015413382105985665,0.019306709300000002
1,21,748.0,0.001530904608789074,0.018202816
1,21,749.0,0.0015406567429939286,0.019620712300000002
1,21,750.0,0.001533462578331496,0.017389001799999998
1,21,751.0,0.0015292090603821946,0.0184502888
1,21,752.0,0.0015927370065775442,0.0178933697
1,21,753.0,0.0015866623788832507,0.018866396
1,21,754.0,0.0016159912142202503,0.0198207512
1,21,755.0,0.0016110940427953387,0.0181559467
1,21,756.0,0.0015831222856400149,0.018060878800000003
1,21,757.0,0.001622695383374309,0.0179985332
1,21,758.0,0.0016436294297099477,0.0177067356
1,21,759.0,0.0013478119922754265,0.0159813576
1,21,760.0,0.0,0.0009380299450000001
1,21,761.0,0.0,0.000292197496
1,21,762.0,0.0003702384584341189,0.00513552904
1,21,763.0,0.0,0.00210647416
1,21,764.0,0.0,0.00333260369
1,21,765.0,0.0006201737898573216,0.0062599916499999995
1,21,766.0,0.0,0.00970160961
1,21,767.0,0.0006530367950908122,0.0118488235
1,21,768.0,0.0012580381940473892,0.0159057159
1,21,769.0,0.0011703785716089615,0.0167957573
1,21,770.0,0.001460648793071724,0.016471983000000003
1,21,771.0,0.0015460059631598971,0.0169678459
1,21,772.0,0.0017174493060602945,0.017523819
1,21,773.0,0.0017172237476690178,0.017394065900000002
1,21,774.0,0.0017358321735848566,0.0182629166
1,21,775.0,0.0016807252473577425,0.0164295692
1,21,776.0,0.0017631228680313723,0.018033392
1,21,777.0,0.0017698946635151347,0.017049003599999998
1,21,778.0,0.001771781949294856,0.0168899117
1,21,779.0,0.0017876368148040897,0.0160440769
1,21,780.0,0.001773883620435253,0.0163599834
1,21,781.0,0.0017880736834420283,0.0168477173
1,21,782.0,0.0018119728691979925,0.017528760900000002
1,21,783.0,0.001786324341482787,0.016576622
1,21,784.0,0.0017486325363718436,0.0172793732
1,21,785.0,0.0017254117535779466,0.0157418003
1,21,786.0,0.0015503924981153413,0.0168706493
1,21,787.0,0.0014241550851912563,0.0170547409
1,21,788.0,0.0014056782137699011,0.0161289864
1,21,789.0,0.0015622068802196914,0.0151988144
1,21,790.0,0.0012608669935233862,0.014419090300000001
1,21,791.0,0.0012881615432064836,0.014489613500000002
1,21,792.0,0.0013160980168317132,0.015871432300000002
1,21,793.0,0.0014900363487754223,0.0156587219
1,21,794.0,0.0017211009795188466,0.016956714600000002
1,21,795.0,0.0013749636713237066,0.0156329966
1,21,796.0,0.0010624860776968816,0.013409337
1,21,797.0,0.0013431082895020757,0.0158801575
1,21,798.0,0.0014061413133747143,0.0149075804
1,21,799.0,0.0013546314694788165,0.015087676999999999
1,21,800.0,0.001249944459057072,0.0132787409
1,21,801.0,0.0012151127473321085,0.013135211
1,21,802.0,0.0011987055777330383,0.0144710007
1,21,803.0,0.0011664111963346434,0.013642705
1,21,804.0,0.001180323509528691,0.0139920998
1,21,805.0,0.0012936998392533124,0.0148603611
1,21,806.0,0.0015131301094647874,0.0149830265
1,21,807.0,0.0014184399665981267,0.014786624
1,21,808.0,0.0015276593128691737,0.0153978376
1,21,809.0,0.0013180763797396684,0.0142344294
1,21,810.0,0.0010826516422198676,0.0133241844
1,21,811.0,0.001044069856878377,0.0134254456
1,21,812.0,0.0009829694566469026,0.0131297054
1,21,813.0,0.0008765892294597789,0.0114370375
1,21,814.0,0.0006518732518798418,0.00998714542
1,21,815.0,0.0004389882990190334,0.009026021
1,21,816.0,0.0,0.010137190800000001
1,21,817.0,0.0,0.00731240559
1,21,818.0,0.0005267290768926354,0.00900163841
1,21,819.0,0.0007112111946686374,0.00915256119
1,21,820.0,0.0004565698951497283,0.00898129463
1,21,821.0,0.0011024566993640414,0.0123715429
1,21,822.0,0.0007808068451886473,0.0111055975
1,21,823.0,0.0,0.0062432680100000006
1,21,824.0,0.0006450286763707545,0.0104767008
1,21,825.0,0.0010983101018375374,0.012777972200000001
1,21,826.0,0.0007599275243638736,0.010387929899999999
1,21,827.0,0.0010415368530033637,0.011979825
1,21,828.0,0.0,0.009009029390000001
1,21,829.0,0.0008019335626008727,0.0126425848
1,21,830.0,0.000805510805036451,0.0121566162
1,42,360.0,0.0,0.0137888193
1,42,361.0,0.0,0.0106014128
1,42,362.0,0.0,0.012658518799999999
1,42,363.0,0.0,0.0127273417
1,42,364.0,0.0,0.0134218569
1,42,365.0,0.0,0.0123242025
1,42,366.0,0.0,0.017517047900000002
1,42,367.0,0.0,0.015870585399999998
1,42,368.0,0.0,0.014785533
1,42,369.0,0.0,0.013839551
1,42,370.0,0.0,0.016959714900000002
1,42,371.0,0.0,0.0133991261
1,42,372.0,0.0,0.013689922299999999
1,42,373.0,0.0,0.013760985399999998
1,42,374.0,0.0,0.0111769161
1,42,375.0,0.0,0.00907407475
1,42,376.0,0.0,0.0134671736
1,42,377.0,0.0,0.014333751700000001
1,42,378.0,0.0,0.0189993916
1,42,379.0,0.0,0.0149546986
1,42,380.0,0.0,0.013695219
1,42,381.0,0.0,0.0148907986
1,42,382.0,0.0,0.0115777617
1,42,383.0,0.0,0.00795465851
1,42,384.0,0.0,0.00946104622
1,42,385.0,0.0,0.0130515928
1,42,386.0,0.0,0.0108656702
1,42,387.0,0.0,0.011638412499999999
1,42,388.0,0.0,0.012338203399999999
1,42,389.0,0.0,0.013786191
1,42,390.0,0.0,0.0165237865
1,42,391.0,0.0,0.0178986759
1,42,392.0,0.0,0.0167691746
1,42,393.0,0.0,0.008553840640000001
1,42,394.0,0.0,0.00941489792
1,42,395.0,0.0,0.0159778633
1,42,396.0,0.0,0.017057336800000003
1,42,397.0,0.0,0.00694562626
1,42,398.0,0.0,0.0193847065
1,42,399.0,0.0,0.0228098145
1,42,400.0,0.0,0.022576366400000002
1,42,401.0,0.0,0.022272418999999998
1,42,402.0,0.0,0.0240999413
1,42,403.0,0.0,0.023263422
1,42,404.0,0.0,0.0233533287
1,42,405.0,0.0,0.0212640667
1,42,406.0,0.0,0.0217631531
1,42,407.0,0.0,0.0207763214
1,42,408.0,0.0,0.023681306800000003
1,42,409.0,0.0,0.024825111400000002
1,42,410.0,0.0,0.021141790400000002
1,42,411.0,0.0,0.0248874454
1,42,412.0,0.0,0.025338550600000002
1,42,413.0,0.0,0.024002229700000002
1,42,414.0,0.0,0.0234343739
1,42,415.0,0.0,0.0253080215
1,42,416.0,0.0,0.025209028199999997
1,42,417.0,0.0,0.024432209
1,42,418.0,0.0,0.022875021
1,42,419.0,0.0,0.0230906029
1,42,420.0,0.0,0.020480409600000003
1,42,421.0,0.0,0.0259582787
1,42,422.0,0.0,0.0240939808
1,42,423.0,0.0,0.0204808559
1,42,424.0,0.0,0.0227973137
1,42,425.0,0.0,0.023484285400000002
1,42,426.0,0.0,0.0216838284
1,42,427.0,0.0,0.021046468699999998
1,42,428.0,0.0,0.0207447166
1,42,429.0,0.0,0.0204675789
1,42,430.0,0.0,0.0156427736
1,42,431.0,0.0,0.014540555
1,42,432.0,0.0,0.025443956400000002
1,42,433.0,0.0,0.0224524727
1,42,434.0,0.0,0.0226448689
1,42,435.0,0.0,0.0226215973
1,42,436.0,0.0,0.0251431217
1,42,437.0,0.0,0.0255053883
1,42,438.0,0.0,0.0236868534
1,42,439.0,0.0,0.0214988575
1,42,440.0,0.0,0.0253185501
1,42,441.0,0.0,0.0252084866
1,42,442.0,0.0,0.0272184887
1,42,443.0,0.0,0.027301319100000002
1,42,444.0,0.0,0.026074852
1,42,445.0,0.0,0.0283070354
1,42,446.0,0.0,0.0253869553
1,42,447.0,0.0,0.027248476
1,42,448.0,0.0,0.0282805061
1,42,449.0,0.0,0.0285056477
1,42,450.0,0.0,0.0289688778
1,42,451.0,0.0,0.031469902
1,42,452.0,0.0,0.029174598700000002
1,42,453.0,0.0,0.0266760769
1,42,454.0,0.0,0.0290643635
1,42,455.0,0.0,0.0287283058
1,42,456.0,0.0006020781959236799,0.029519542699999998
1,42,457.0,0.0,0.030424220999999998
1,42,458.0,0.0,0.0290885639
1,42,459.0,0.0,0.029387918500000002
1,42,460.0,0.0,0.0299849491
1,42,461.0,0.0,0.030529630699999998
1,42,462.0,0.0,0.0284907894
1,42,463.0,0.0,0.0289837818
1,42,464.0,0.0,0.0298008728
1,42,465.0,0.0,0.0291095352
1,42,466.0,0.0,0.0298603458
1,42,467.0,0.0,0.0276969337
1,42,468.0,0.0,0.030028587300000003
1,42,469.0,0.0,0.0300922985
1,42,470.0,0.0,0.0302106724
1,42,471.0,0.0,0.0302844372
1,42,472.0,0.0,0.030949989299999998
1,42,473.0,0.0,0.029019907
1,42,474.0,0.0,0.0283428192
1,42,475.0,0.0,0.0298639774
1,42,476.0,0.0,0.028052040099999998
1,42,477.0,0.0,0.029164558400000002
1,42,478.0,0.0,0.0303890381
1,42,479.0,0.000596572788936782,0.0286167107
1,42,480.0,0.0,0.0283471909
1,42,481.0,0.0,0.0283625984
1,42,482.0,0.0,0.0294694862
1,42,483.0,0.0,0.0286128445
1,42,484.0,0.0,0.028569109000000002
1,42,485.0,0.0,0.0295709476
1,42,486.0,0.0,0.023299358399999998
1,42,487.0,0.0,0.024750608400000002
1,42,488.0,0.0,0.0275558414
1,42,489.0,0.0,0.025733806600000003
1,42,490.0,0.0,0.029972105
1,42,491.0,0.0,0.0279048405
1,42,492.0,0.0008219459351358743,0.0258040867
1,42,493.0,0.0,0.0282360859
1,42,494.0,0.0,0.0272922726
1,42,495.0,0.0,0.0299157124
1,42,496.0,0.0,0.0286887589
1,42,497.0,0.0,0.0269554806
1,42,498.0,0.0,0.0258818836
1,42,499.0,0.0,0.0264670372
1,42,500.0,0.0,0.0259736824
1,42,501.0,0.0,0.0248766632
1,42,502.0,0.0005374910963412236,0.024439695400000003
1,42,503.0,0.0,0.0252906647
1,42,504.0,0.0,0.023041683200000003
1,42,505.0,0.0,0.025880806
1,42,506.0,0.0,0.026496088
1,42,507.0,0.0,0.0257510681
1,42,508.0,0.0,0.024277917899999998
1,42,509.0,0.0,0.026169878
1,42,510.0,0.0,0.025582765599999998
1,42,511.0,0.0,0.026114149099999998
1,42,512.0,0.0,0.02718363
1,42,513.0,0.0,0.0249073105
1,42,514.0,0.0,0.0237789307
1,42,515.0,0.0005398831929771435,0.024997789399999998
1,42,516.0,0.0,0.0261343822
1,42,517.0,0.0,0.0190226593
1,42,518.0,0.0,0.0233211098
1,42,519.0,0.0,0.0215148163
1,42,520.0,0.0,0.0247571659
1,42,521.0,0.0,0.023718118700000002
1,42,522.0,0.0,0.025038494100000003
1,42,523.0,0.0,0.022905426
1,42,524.0,0.0,0.024732584
1,42,525.0,0.0,0.0240912514
1,42,526.0,0.0,0.0228710842
1,42,527.0,0.0,0.019471309699999998
1,42,528.0,0.0,0.022927503600000003
1,42,529.0,0.0,0.023287962
1,42,530.0,0.0,0.0220594635
1,42,531.0,0.0,0.024531093599999998
1,42,532.0,0.0,0.023244905500000003
1,42,533.0,0.0,0.0202043171
1,42,534.0,0.0,0.022341873199999997
1,42,535.0,0.0,0.022306379299999998
1,42,536.0,0.0005798316116928338,0.0230888805
1,42,537.0,0.0,0.0209827881
1,42,538.0,0.0,0.0233094482
1,42,539.0,0.0,0.022130817400000002
1,42,540.0,0.0,0.021298996
1,42,541.0,0.0,0.019471107499999998
1,42,542.0,0.0,0.0222179146
1,42,543.0,0.0,0.020922737099999998
1,42,544.0,0.0,0.0227689266
1,42,545.0,0.0,0.0218787575
1,42,546.0,0.0,0.0202467842
1,42,547.0,0.0,0.021979942300000003
1,42,548.0,0.0,0.0202298985
1,42,549.0,0.0008268170082321994,0.0206732464
1,42,550.0,0.0,0.020084436400000003
1,42,551.0,0.0005357014445588343,0.0202754669
1,42,552.0,0.0,0.0221641617
1,42,553.0,0.0005370337560305346,0.020394495
1,42,554.0,0.0,0.0212619324
1,42,555.0,0.0,0.021254974399999998
1,42,556.0,0.0,0.0209712982
1,42,557.0,0.0,0.0196400204
1,42,558.0,0.0,0.0198686466
1,42,559.0,0.0,0.0189876137
1,42,560.0,0.0,0.0183081837
1,42,561.0,0.0,0.020174634900000002
1,42,562.0,0.0,0.017924087499999998
1,42,563.0,0.0005477012706982651,0.0191860428
1,42,564.0,0.0,0.018116104100000002
1,42,565.0,0.0005471642723688744,0.018841609999999998
1,42,566.0,0.0,0.0165209312
1,42,567.0,0.0,0.018365299199999997
1,42,568.0,0.0,0.0177921696
1,42,569.0,0.0,0.0168908558
1,42,570.0,0.0,0.0166104584
1,42,571.0,0.0,0.0152506866
1,42,572.0,0.0,0.0164772377
1,42,573.0,0.0,0.016945657700000002
1,42,574.0,0.0,0.0159861374
1,42,575.0,0.0,0.0156771259
1,42,576.0,0.0,0.015413179400000001
1,42,577.0,0.0,0.016261055
1,42,578.0,0.0007988500435076832,0.0162792397
1,42,579.0,0.0,0.0156066885
1,42,580.0,0.0005447342603799695,0.0157090397
1,42,581.0,0.0005335352728147265,0.017028047600000002
1,42,582.0,0.0,0.0162461853
1,42,583.0,0.0,0.0171009274
1,42,584.0,0.0,0.0170673885
1,42,585.0,0.0,0.0183166485
1,42,586.0,0.0,0.016591768299999997
1,42,587.0,0.0,0.0177164459
1,42,588.0,0.0005346758451683441,0.0174882908
1,42,589.0,0.0,0.0144432116
1,42,590.0,0.0009901655515454871,0.0151655884
1,42,591.0,0.0,0.0159274683
1,42,592.0,0.0,0.0152206583
1,42,593.0,0.0,0.0162987843
1,42,594.0,0.0,0.0158717661
1,42,595.0,0.0,0.0154711409
1,42,596.0,0.0,0.016065321
1,42,597.0,0.0015942697118156797,0.016127670299999997
1,42,598.0,0.0,0.015582966799999999
1,42,599.0,0.0,0.016910613999999997
1,42,600.0,0.0,0.016030855200000003
1,42,601.0,0.0,0.0166182995
1,42,602.0,0.0,0.0168287258
1,42,603.0,0.0,0.0166838455
1,42,604.0,0.0,0.0159971304
1,42,605.0,0.0,0.0166079578
1,42,606.0,0.0,0.0168923073
1,42,607.0,0.0,0.0167852211
1,42,608.0,0.0007662161272872915,0.016879549
1,42,609.0,0.0,0.0165109711
1,42,610.0,0.0007454658286128275,0.016332153300000003
1,42,611.0,0.0007571005224857399,0.0174158936
1,42,612.0,0.0,0.0168190079
1,42,613.0,0.0,0.0163428288
1,42,614.0,0.0007085409119098293,0.0166950607
1,42,615.0,0.0007420766620352204,0.016470836599999997
1,42,616.0,0.0,0.0157914925
1,42,617.0,0.0,0.0165981941
1,42,618.0,0.0007420220045887401,0.0184125252
1,42,619.0,0.0,0.017406889
1,42,620.0,0.0,0.017460186
1,42,621.0,0.0,0.0180007858
1,42,622.0,0.0007182696110233196,0.0175838203
1,42,623.0,0.0,0.016932003
1,42,624.0,0.0007246034837437952,0.0169969597
1,42,625.0,0.0007049506203099578,0.0157467861
1,42,626.0,0.0,0.016504324
1,42,627.0,0.0007237766812245509,0.017632780100000002
1,42,628.0,0.0,0.014208467499999999
1,42,629.0,0.0,0.0164540291
1,42,630.0,0.0007133898815334015,0.0152829027
1,42,631.0,0.0,0.016666217799999997
1,42,632.0,0.000685474579422421,0.0160723343
1,42,633.0,0.0,0.0180178757
1,42,634.0,0.0,0.017310648
1,42,635.0,0.0014388722981344695,0.0177300224
1,42,636.0,0.0,0.0171882973
1,42,637.0,0.000714637177097624,0.0177585964
1,42,638.0,0.0,0.0188720551
1,42,639.0,0.0007170435532924908,0.018932296799999998
1,42,640.0,0.0,0.0182509003
1,42,641.0,0.0007026636796585445,0.018737073899999998
1,42,642.0,0.0,0.018453311899999998
1,42,643.0,0.0007059681619243959,0.0186642914
1,42,644.0,0.0006974641208587382,0.018010891
1,42,645.0,0.0007044788643115517,0.019811527300000003
1,42,646.0,0.0006826072328163262,0.0171797791
1,42,647.0,0.000495721669104498,0.0182483044
1,42,648.0,0.0,0.0186567802
1,42,649.0,0.000570809679192353,0.0189841366
1,42,650.0,0.0012982157977644141,0.0175088558
1,42,651.0,0.0,0.0185685539
1,42,652.0,0.0006914812352293633,0.0187003975
1,42,653.0,0.001395894389485438,0.019293676399999998
1,42,654.0,0.0013787554212868053,0.0201948185
1,42,655.0,0.0006040628155193426,0.0172286301
1,42,656.0,0.0009746893770773324,0.0155196781
1,42,657.0,0.0,0.0173864098
1,42,658.0,0.0,0.0199984818
1,42,659.0,0.0013490040963495317,0.0199754734
1,42,660.0,0.0,0.0195315208
1,42,661.0,0.0006799687745206565,0.0195603199
1,42,662.0,0.00068871122243921,0.019509584400000002
1,42,663.0,0.0006810084196078473,0.0203747635
1,42,664.0,0.0006696586694295958,0.020381397199999998
1,42,665.0,0.0013442434044882005,0.020522226299999998
1,42,666.0,0.0013593014838720215,0.0200320568
1,42,667.0,0.001331374066300492,0.020583116499999998
1,42,668.0,0.001337821384898532,0.0203638802
1,42,669.0,0.0006781319523741484,0.0203258209
1,42,670.0,0.0006696856997166858,0.020544008300000003
1,42,671.0,0.0006622456707880866,0.0198498154
1,42,672.0,0.0013195767282162686,0.0207094212
1,42,673.0,0.0006642181068588157,0.020928319900000002
1,42,674.0,0.0006652125484680933,0.020025524099999997
1,42,675.0,0.0006547587734220003,0.0199816246
1,42,676.0,0.0006668422541812069,0.0217391796
1,42,677.0,0.0006533389817630331,0.0208086338
1,42,678.0,0.0006638996754866829,0.0207627735
1,42,679.0,0.000654324766978718,0.0210970459
1,42,680.0,0.001298648540653471,0.0210989552
1,42,681.0,0.000650149208928972,0.0210046082
1,42,682.0,0.0,0.020113657
1,42,683.0,0.0013058777235694197,0.0203973465
1,42,684.0,0.0012829655813476437,0.0206204815
1,42,685.0,0.0012963355679926154,0.0218077793
1,42,686.0,0.0012437744941021336,0.0195374279
1,42,687.0,0.0,0.00670201492
1,42,688.0,0.0,0.010473349600000001
1,42,689.0,0.0,0.013348719600000001
1,42,690.0,0.000804572287918361,0.0136667604
1,42,691.0,0.0005394716896667213,0.0153741846
1,42,692.0,0.0005269067005043914,0.0174734745
1,42,693.0,0.0005118151334430986,0.016416503899999997
1,42,694.0,0.0009621004554300552,0.0156612835
1,42,695.0,0.0010799197768997049,0.0177465496
1,42,696.0,0.0011034374251271,0.017384605400000003
1,42,697.0,0.0,0.0195816231
1,42,698.0,0.00061882743094368,0.0191372051
1,42,699.0,0.0010672140812009556,0.019547941200000002
1,42,700.0,0.000523784903048163,0.0188346767
1,42,701.0,0.0,0.016170257599999998
1,42,702.0,0.0008750851514039228,0.0169505653
1,42,703.0,0.0005090791074692411,0.0181187401
1,42,704.0,0.0010329045210432262,0.0174622345
1,42,705.0,0.0005277218203827667,0.0186957912
1,42,706.0,0.0004890308492961231,0.0183367329
1,42,707.0,0.0006052021923831193,0.0178300476
1,42,708.0,0.0012449571442076715,0.0196842155
1,42,709.0,0.0005997745463383435,0.0181964149
1,42,710.0,0.0006142061489049699,0.0188597698
1,42,711.0,0.0006073657672091494,0.0188680038
1,42,712.0,0.001059848284337897,0.0179104729
1,42,713.0,0.0011923823562162113,0.0190080776
1,42,714.0,0.0006063921655183986,0.0192601147
1,42,715.0,0.0008661048289308697,0.01653578
1,42,716.0,0.0012029813317933813,0.0177362118
1,42,717.0,0.000775741371482258,0.015165863
1,42,718.0,0.0008784977530728938,0.0124480801
1,42,719.0,0.0,0.0100253458
1,42,720.0,0.0,0.0109015598
1,42,721.0,0.0,0.0152829704
1,42,722.0,0.00050055046723671,0.0158495617
1,42,723.0,0.0009721170267520064,0.015356963199999999
1,42,724.0,0.0005616342894273097,0.0118363791
1,42,725.0,0.0007548554588835729,0.012034876799999998
1,42,726.0,0.000834474274244686,0.013649175599999999
1,42,727.0,0.0007897371036885944,0.0127166977
1,42,728.0,0.0007637458368895703,0.011407386799999999
1,42,729.0,0.0,0.0113505354
1,42,730.0,0.0,0.0141103077
1,42,731.0,0.0,0.011410788500000001
1,42,732.0,0.0,0.013398984000000001
1,42,733.0,0.0,0.0152768517
1,42,734.0,0.0009973928705444286,0.017713642100000003
1,42,735.0,0.0008791707004127089,0.015372467
1,42,736.0,0.0008897992351306617,0.0173723278
1,42,737.0,0.001155158713653189,0.0171517868
1,42,738.0,0.0009080588048942256,0.017326435100000002
1,42,739.0,0.0010103883704330313,0.017233341200000002
1,42,740.0,0.0011156712321891541,0.0189454212
1,42,741.0,0.0012511273761844288,0.018171920799999998
1,42,742.0,0.001301439656893488,0.0181926384
1,42,743.0,0.0013335199321697102,0.0180488586
1,42,744.0,0.0014084589440828475,0.0186697884
1,42,745.0,0.001462305993305939,0.0183816433
1,42,746.0,0.0015281382575137914,0.0192408371
1,42,747.0,0.0015413382105985665,0.0193816185
1,42,748.0,0.001530904608789074,0.0190783825
1,42,749.0,0.0015406567429939286,0.018344223
1,42,750.0,0.001533462578331496,0.018410221100000002
1,42,751.0,0.0015292090603821946,0.019022337
1,42,752.0,0.0015927370065775442,0.0187920094
1,42,753.0,0.0015866623788832507,0.0186067505
1,42,754.0,0.0016159912142202503,0.0179607391
1,42,755.0,0.0016110940427953387,0.017888450599999998
1,42,756.0,0.0015831222856400149,0.018387451200000002
1,42,757.0,0.001622695383374309,0.0194783325
1,42,758.0,0.0016436294297099477,0.0183365154
1,42,759.0,0.0013478119922754265,0.0180330696
1,42,760.0,0.0,0.0009263896350000001
1,42,761.0,0.0,0.00029909124999999995
1,42,762.0,0.0003702384584341189,0.00465016508
1,42,763.0,0.0,0.00242388105
1,42,764.0,0.0,0.00337409735
1,42,765.0,0.0006201737898573216,0.00640164709
1,42,766.0,0.0,0.009631586070000002
1,42,767.0,0.0006530367950908122,0.0110836983
1,42,768.0,0.0012580381940473892,0.016720432299999997
1,42,769.0,0.0011703785716089615,0.01590415
1,42,770.0,0.001460648793071724,0.017878543900000002
1,42,771.0,0.0015460059631598971,0.017359621000000002
1,42,772.0,0.0017174493060602945,0.0173114796
1,42,773.0,0.0017172237476690178,0.0173041458
1,42,774.0,0.0017358321735848566,0.018326200499999997
1,42,775.0,0.0016807252473577425,0.0169883804
1,42,776.0,0.0017631228680313723,0.0190325127
1,42,777.0,0.0017698946635151347,0.017401233699999998
1,42,778.0,0.001771781949294856,0.017028564500000003
1,42,779.0,0.0017876368148040897,0.0179764404
1,42,780.0,0.001773883620435253,0.016908304199999998
1,42,781.0,0.0017880736834420283,0.017512289
1,42,782.0,0.0018119728691979925,0.0178561649
1,42,783.0,0.001786324341482787,0.0165962524
1,42,784.0,0.0017486325363718436,0.0182647419
1,42,785.0,0.0017254117535779466,0.0180736427
1,42,786.0,0.0015503924981153413,0.0161816959
1,42,787.0,0.0014241550851912563,0.0161824856
1,42,788.0,0.0014056782137699011,0.0155000916
1,42,789.0,0.0015622068802196914,0.0154338017
1,42,790.0,0.0012608669935233862,0.014096002600000001
1,42,791.0,0.0012881615432064836,0.0142298412
1,42,792.0,0.0013160980168317132,0.0153254108
1,42,793.0,0.0014900363487754223,0.015913650499999998
1,42,794.0,0.0017211009795188466,0.015992075
1,42,795.0,0.0013749636713237066,0.015507598899999999
1,42,796.0,0.0010624860776968816,0.0139080868
1,42,797.0,0.0013431082895020757,0.0161115952
1,42,798.0,0.0014061413133747143,0.015327179
1,42,799.0,0.0013546314694788165,0.014841093100000001
1,42,800.0,0.001249944459057072,0.0140159712
1,42,801.0,0.0012151127473321085,0.0157370672
1,42,802.0,0.0011987055777330383,0.014544649100000001
1,42,803.0,0.0011664111963346434,0.0137463512
1,42,804.0,0.001180323509528691,0.014121081399999999
1,42,805.0,0.0012936998392533124,0.0150325766
1,42,806.0,0.0015131301094647874,0.016231552099999998
1,42,807.0,0.0014184399665981267,0.014896796200000001
1,42,808.0,0.0015276593128691737,0.0157258501
1,42,809.0,0.0013180763797396684,0.0129631166
1,42,810.0,0.0010826516422198676,0.0124755859
1,42,811.0,0.001044069856878377,0.0137586737
1,42,812.0,0.0009829694566469026,0.0124276562
1,42,813.0,0.0008765892294597789,0.012282809300000001
1,42,814.0,0.0006518732518798418,0.010260274900000001
1,42,815.0,0.0004389882990190334,0.009083745
1,42,816.0,0.0,0.010410902
1,42,817.0,0.0,0.00695963192
1,42,818.0,0.0005267290768926354,0.00940187931
1,42,819.0,0.0007112111946686374,0.00887928677
1,42,820.0,0.0004565698951497283,0.00825021362
1,42,821.0,0.0011024566993640414,0.013332930599999999
1,42,822.0,0.0007808068451886473,0.011689377800000001
1,42,823.0,0.0,0.006620748520000001
1,42,824.0,0.0006450286763707545,0.0112195311
1,42,825.0,0.0010983101018375374,0.011925354
1,42,826.0,0.0007599275243638736,0.011097332
1,42,827.0,0.0010415368530033637,0.0134086742
1,42,828.0,0.0,0.009629683489999999
1,42,829.0,0.0008019335626008727,0.0111294823
1,42,830.0,0.000805510805036451,0.0111284819
2,21,360.0,0.0,0.019767486600000002
2,21,361.0,0.0,0.016080810499999997
2,21,362.0,0.0,0.0178464508
2,21,363.0,0.0,0.0192702122
2,21,364.0,0.0,0.0191584167
2,21,365.0,0.0,0.0180639267
2,21,366.0,0.0,0.0246587353
2,21,367.0,0.0,0.0221823215
2,21,368.0,0.0,0.020143898
2,21,369.0,0.0,0.0199232368
2,21,370.0,0.0,0.022446430200000003
2,21,371.0,0.0,0.018918499000000002
2,21,372.0,0.0,0.0194507141
2,21,373.0,0.0,0.019670866
2,21,374.0,0.0,0.0156331644
2,21,375.0,0.0,0.014457526200000001
2,21,376.0,0.0,0.0199496479
2,21,377.0,0.0,0.0210973454
2,21,378.0,0.0,0.0273209591
2,21,379.0,0.0,0.0219624405
2,21,380.0,0.0,0.0189060421
2,21,381.0,0.0,0.0217698154
2,21,382.0,0.0,0.0164197159
2,21,383.0,0.0,0.0113839235
2,21,384.0,0.0,0.0127006149
2,21,385.0,0.0,0.019386360199999998
2,21,386.0,0.0,0.014782836899999999
2,21,387.0,0.0,0.0167121296
2,21,388.0,0.0,0.0175714245
2,21,389.0,0.0,0.020014059100000002
2,21,390.0,0.0,0.0231612587
2,21,391.0,0.0,0.0260183887
2,21,392.0,0.0,0.022966491699999998
2,21,393.0,0.0,0.0127037716
2,21,394.0,0.0,0.013813413600000001
2,21,395.0,0.0,0.022845043199999998
2,21,396.0,0.0,0.0234596996
2,21,397.0,0.0,0.00891488266
2,21,398.0,0.0,0.0273866158
2,21,399.0,0.0,0.032961334200000005
2,21,400.0,0.0,0.0316727047
2,21,401.0,0.0,0.0312790718
2,21,402.0,0.0,0.0334215889
2,21,403.0,0.0,0.0316908417
2,21,404.0,0.0,0.033772213
2,21,405.0,0.0,0.0301356602
2,21,406.0,0.0,0.0314419422
2,21,407.0,0.0,0.0304618244
2,21,408.0,0.0,0.0314010372
2,21,409.0,0.0,0.0349655418
2,21,410.0,0.0,0.029108676899999998
2,21,411.0,0.0,0.0345025482
2,21,412.0,0.0,0.0372504654
2,21,413.0,0.0,0.0344391327
2,21,414.0,0.0,0.032237876900000004
2,21,415.0,0.0,0.0347981644
2,21,416.0,0.0,0.0357588959
2,21,417.0,0.0,0.0346598511
2,21,418.0,0.0,0.0341343307
2,21,419.0,0.0,0.0348070641
2,21,420.0,0.0,0.0291085224
2,21,421.0,0.0,0.035720291099999996
2,21,422.0,0.0,0.035396774299999996
2,21,423.0,0.0,0.0287406483
2,21,424.0,0.0,0.0315956421
2,21,425.0,0.0,0.0332792587
2,21,426.0,0.0,0.031671949399999996
2,21,427.0,0.001350656080189783,0.0306849766
2,21,428.0,0.0,0.0305731239
2,21,429.0,0.0,0.0284102821
2,21,430.0,0.0,0.0221454964
2,21,431.0,0.0,0.0190766411
2,21,432.0,0.0,0.0360487442
2,21,433.0,0.0,0.0316135101
2,21,434.0,0.0,0.030862093
2,21,435.0,0.0,0.0322449799
2,21,436.0,0.0,0.036231067699999994
2,21,437.0,0.0,0.037144825
2,21,438.0,0.0,0.034224987
2,21,439.0,0.0,0.032085144
2,21,440.0,0.0,0.036287784600000005
2,21,441.0,0.0,0.035158081099999995
2,21,442.0,0.0,0.0378844566
2,21,443.0,0.0,0.038412075000000004
2,21,444.0,0.0,0.037832042700000006
2,21,445.0,0.0,0.0387919846
2,21,446.0,0.0,0.0344560432
2,21,447.0,0.0,0.039260059400000005
2,21,448.0,0.0,0.0397035828
2,21,449.0,0.0,0.0403975334
2,21,450.0,0.0,0.0412455215
2,21,451.0,0.0,0.045537014
2,21,452.0,0.0,0.0419553261
2,21,453.0,0.0,0.0387134819
2,21,454.0,0.0,0.0429905167
2,21,455.0,0.0,0.0420203171
2,21,456.0,0.0,0.0426217308
2,21,457.0,0.0,0.0421975098
2,21,458.0,0.0,0.0417724571
2,21,459.0,0.0,0.0423056335
2,21,460.0,0.0,0.040105468799999995
2,21,461.0,0.0,0.0418490448
2,21,462.0,0.0011892605517695323,0.041792057
2,21,463.0,0.0,0.0407799416
2,21,464.0,0.0,0.0409477386
2,21,465.0,0.0,0.0420163231
2,21,466.0,0.001203493456461978,0.0430991096
2,21,467.0,0.0,0.0404198036
2,21,468.0,0.0,0.0441327667
2,21,469.0,0.0,0.0416360779
2,21,470.0,0.0,0.0426522026
2,21,471.0,0.0,0.042599788699999995
2,21,472.0,0.0,0.041986804999999995
2,21,473.0,0.0,0.0424601898
2,21,474.0,0.0,0.040530101799999996
2,21,475.0,0.0,0.042469844799999996
2,21,476.0,0.0,0.0402407684
2,21,477.0,0.0,0.040311698900000005
2,21,478.0,0.0,0.0410420227
2,21,479.0,0.0,0.0390647774
2,21,480.0,0.0,0.0408520546
2,21,481.0,0.0,0.0412574234
2,21,482.0,0.001222667250420181,0.042091781599999996
2,21,483.0,0.0,0.0427410431
2,21,484.0,0.0,0.0404374352
2,21,485.0,0.0,0.0415769844
2,21,486.0,0.0,0.032167217299999995
2,21,487.0,0.0,0.037629909499999996
2,21,488.0,0.0011588489034962443,0.0388485413
2,21,489.0,0.001075280034471297,0.0370929604
2,21,490.0,0.0,0.041898899100000005
2,21,491.0,0.0,0.038951599100000005
2,21,492.0,0.0,0.0371085777
2,21,493.0,0.002357157568579861,0.0405420341
2,21,494.0,0.0011371099372012633,0.038828331
2,21,495.0,0.0,0.0420197411
2,21,496.0,0.0,0.038780406999999996
2,21,497.0,0.0,0.03934322740000001
2,21,498.0,0.0,0.037874633799999995
2,21,499.0,0.0,0.037463691699999996
2,21,500.0,0.0,0.0383085403
2,21,501.0,0.0,0.036227180500000004
2,21,502.0,0.0,0.035142555199999995
2,21,503.0,0.0011381663344965987,0.0377859039
2,21,504.0,0.0015874476960474407,0.0329791412
2,21,505.0,0.0,0.0351406364
2,21,506.0,0.0,0.038683357200000004
2,21,507.0,0.0011332271727559286,0.0360249557
2,21,508.0,0.0016279305747700927,0.0359436836
2,21,509.0,0.0,0.037521671300000004
2,21,510.0,0.0,0.03669360729999999
2,21,511.0,0.0011298574937312145,0.0375422974
2,21,512.0,0.0,0.0386742744
2,21,513.0,0.0,0.035424697899999996
2,21,514.0,0.001588120938748379,0.0340076714
2,21,515.0,0.0,0.035014843
2,21,516.0,0.0,0.037252288800000005
2,21,517.0,0.0,0.026724594100000002
2,21,518.0,0.0010317980465598176,0.033586277000000005
2,21,519.0,0.0,0.0314595642
2,21,520.0,0.001612126857690866,0.0340974464
2,21,521.0,0.0021493124991842217,0.034954135899999995
2,21,522.0,0.0,0.035488445300000004
2,21,523.0,0.0,0.0328633728
2,21,524.0,0.002255247108525229,0.035320819899999994
2,21,525.0,0.0,0.035054431899999995
2,21,526.0,0.0,0.031883512499999996
2,21,527.0,0.0,0.028692709
2,21,528.0,0.001116820640160109,0.0323080406
2,21,529.0,0.0011482661860232086,0.0345852394
2,21,530.0,0.0,0.032573272699999996
2,21,531.0,0.0023609049404277383,0.034893917100000005
2,21,532.0,0.0011257591865042956,0.0329201279
2,21,533.0,0.0014819778433040208,0.028720075600000002
2,21,534.0,0.0016099617487546377,0.0311717663
2,21,535.0,0.0,0.032191124
2,21,536.0,0.001159486601059791,0.0351115723
2,21,537.0,0.0,0.030802854499999997
2,21,538.0,0.0011239636492783476,0.0315398197
2,21,539.0,0.0,0.0328439369
2,21,540.0,0.0010945690526078132,0.0309139271
2,21,541.0,0.0015044287907412797,0.0280823555
2,21,542.0,0.0011179999116034348,0.0316833401
2,21,543.0,0.0,0.0307307911
2,21,544.0,0.0011265700902699767,0.032056736
2,21,545.0,0.0,0.0302470055
2,21,546.0,0.0021683142874829764,0.0312647724
2,21,547.0,0.0022594484565161624,0.0314946365
2,21,548.0,0.0010477729701000179,0.0294241467
2,21,549.0,0.0016533821599941352,0.0300294991
2,21,550.0,0.0010778753564832765,0.0303319607
2,21,551.0,0.0010712397092681996,0.029892477
2,21,552.0,0.0,0.0315202255
2,21,553.0,0.002147807852753239,0.030276619
2,21,554.0,0.0011091650726036497,0.030316930800000003
2,21,555.0,0.0011124768394035354,0.0298463287
2,21,556.0,0.002164103621326424,0.0289526062
2,21,557.0,0.0021005106623320914,0.0286528625
2,21,558.0,0.0010904927809231122,0.029249051999999998
2,21,559.0,0.001546650229771563,0.027591373399999997
2,21,560.0,0.0,0.0270672913
2,21,561.0,0.0,0.030311883900000003
2,21,562.0,0.001046332559682666,0.0266959095
2,21,563.0,0.0021904714160574977,0.0281181908
2,21,564.0,0.001080463091344673,0.027963625
2,21,565.0,0.0010941618731998858,0.026324905399999998
2,21,566.0,0.0,0.0260641727
2,21,567.0,0.0,0.026295248
2,21,568.0,0.001085540776167655,0.0270883598
2,21,569.0,0.0010713114661233696,0.0246058884
2,21,570.0,0.0,0.024777689
2,21,571.0,0.0031011554532935923,0.0230154381
2,21,572.0,0.0010980181454372736,0.0243033485
2,21,573.0,0.0,0.0244268227
2,21,574.0,0.0011028293691129824,0.024051195100000002
2,21,575.0,0.0016147990632940812,0.0234467068
2,21,576.0,0.0010569929599454119,0.0231755638
2,21,577.0,0.0,0.023857399
2,21,578.0,0.0015974567495534798,0.0230194798
2,21,579.0,0.0,0.023480447800000002
2,21,580.0,0.0021786051823444856,0.023919044499999997
2,21,581.0,0.0010669080256168813,0.024962961199999998
2,21,582.0,0.0,0.0257735825
2,21,583.0,0.0021749262379397926,0.0258047085
2,21,584.0,0.001083036447613428,0.026090572399999998
2,21,585.0,0.0010751914351190184,0.0256985474
2,21,586.0,0.003085112898018732,0.0245664482
2,21,587.0,0.0016056657428587984,0.0250359325
2,21,588.0,0.002138377649279407,0.0264402733
2,21,589.0,0.001239170171935943,0.0212144051
2,21,590.0,0.0,0.0220797005
2,21,591.0,0.003171703442247075,0.0231771183
2,21,592.0,0.0,0.0220858746
2,21,593.0,0.0012663451396765005,0.0239896507
2,21,594.0,0.0013927403921176224,0.023627243
2,21,595.0,0.0,0.0237369747
2,21,596.0,0.0015842453601094151,0.023246990199999998
2,21,597.0,0.0015940268968165513,0.0242711143
2,21,598.0,0.0015550834139537487,0.0233163757
2,21,599.0,0.0,0.0240024014
2,21,600.0,0.0,0.024137348200000002
2,21,601.0,0.0030721179796828644,0.024250472999999998
2,21,602.0,0.0015187321226180714,0.0238696995
2,21,603.0,0.0030527112071545245,0.0236926899
2,21,604.0,0.003145228209415402,0.024778183
2,21,605.0,0.0015672599739914395,0.024539072000000002
2,21,606.0,0.0015481739138779968,0.0251014481
2,21,607.0,0.0,0.0248409481
2,21,608.0,0.001532198857719709,0.024506418199999998
2,21,609.0,0.001515747056986717,0.0253040218
2,21,610.0,0.00298140916222554,0.0252287273
2,21,611.0,0.0030279408496362665,0.0241224518
2,21,612.0,0.0,0.023970665
2,21,613.0,0.0014707290724263673,0.025008560200000002
2,21,614.0,0.0028337319872982526,0.023622329700000003
2,21,615.0,0.0029678545641510035,0.0242741966
2,21,616.0,0.001410205182151952,0.023445467
2,21,617.0,0.002835003920395273,0.0242421246
2,21,618.0,0.001483817982086754,0.0245907021
2,21,619.0,0.002939612680406804,0.0250989895
2,21,620.0,0.0029823093947429808,0.0252602367
2,21,621.0,0.0030330440285415896,0.026336038599999997
2,21,622.0,0.0028726408603301752,0.023555240600000003
2,21,623.0,0.001447496247134834,0.024398344000000002
2,21,624.0,0.0014489862462470505,0.0235442848
2,21,625.0,0.0028193730081739685,0.0227401733
2,21,626.0,0.001417486386297233,0.023522235899999997
2,21,627.0,0.0014473328930606187,0.023683214199999997
2,21,628.0,0.001979332814849,0.0205312786
2,21,629.0,0.0028975624513274444,0.0227362843
2,21,630.0,0.0014265624575981251,0.0224730282
2,21,631.0,0.0014713708951104242,0.023604240399999997
2,21,632.0,0.0027414807167851665,0.023482235
2,21,633.0,0.001462612873392831,0.0247238636
2,21,634.0,0.002829186627988423,0.0239216938
2,21,635.0,0.002877306301828258,0.0249036465
2,21,636.0,0.0013853573442610641,0.0237791367
2,21,637.0,0.0028581133375765165,0.0250363541
2,21,638.0,0.00296688270739648,0.0255119324
2,21,639.0,0.0030121954461260797,0.0271233635
2,21,640.0,0.003021270986954622,0.025579607
2,21,641.0,0.0030617100633189625,0.0261266842
2,21,642.0,0.0031744696356848594,0.026677019099999998
2,21,643.0,0.0032245466024279088,0.026384084699999998
2,21,644.0,0.0032863806337683345,0.027211607000000002
2,21,645.0,0.0032813216550755847,0.026150835
2,21,646.0,0.0028178925924635468,0.0248513031
2,21,647.0,0.0031312076507106434,0.0250272465
2,21,648.0,0.0024784628236555637,0.0237551174
2,21,649.0,0.0026393782815790742,0.0271625557
2,21,650.0,0.0030336239464983958,0.0243031979
2,21,651.0,0.0033991540507645733,0.026582517599999998
2,21,652.0,0.0029400163349655646,0.024761337300000002
2,21,653.0,0.0034257206120891664,0.0262341728
2,21,654.0,0.0033466274778781264,0.0255811653
2,21,655.0,0.0029431579597391263,0.024892786
2,21,656.0,0.0029178987475208078,0.0215356865
2,21,657.0,0.0031665536655337543,0.0230797539
2,21,658.0,0.0036362111226639995,0.027151651399999997
2,21,659.0,0.003899919188240391,0.02684095
2,21,660.0,0.003859466239326111,0.0279612923
2,21,661.0,0.004056783980239931,0.0289495525
2,21,662.0,0.0041026952802374755,0.028626480099999997
2,21,663.0,0.004057008453802722,0.026085662800000003
2,21,664.0,0.004094256651733804,0.026475463900000003
2,21,665.0,0.004135816403286507,0.0286983643
2,21,666.0,0.004255447131651129,0.028226985899999998
2,21,667.0,0.004251828123642072,0.027578289000000002
2,21,668.0,0.0043070319381291085,0.027752839999999997
2,21,669.0,0.004424913084925041,0.0287904968
2,21,670.0,0.004411829228711776,0.028677021
2,21,671.0,0.0044356631419948155,0.028531395
2,21,672.0,0.00443679182661767,0.0265712528
2,21,673.0,0.00453096176676097,0.027947154999999998
2,21,674.0,0.004563119838198497,0.0276653748
2,21,675.0,0.004556929260774917,0.0265403023
2,21,676.0,0.0046605909217348855,0.0277675953
2,21,677.0,0.004602597450878431,0.0267885132
2,21,678.0,0.004737336171365565,0.0285548267
2,21,679.0,0.004697411775328845,0.0274400425
2,21,680.0,0.00471608949737107,0.0277561474
2,21,681.0,0.004719243120591598,0.0267257996
2,21,682.0,0.004803340926388568,0.0283466988
2,21,683.0,0.004785061477402712,0.0270310993
2,21,684.0,0.004733520085898631,0.027585445400000002
2,21,685.0,0.004903132198264732,0.0261457443
2,21,686.0,0.0047064055501265635,0.0266120892
2,21,687.0,0.0013650647178079247,0.00906359005
2,21,688.0,0.0018164341057766281,0.0137066202
2,21,689.0,0.002358058600295776,0.017633199699999998
2,21,690.0,0.0025634834838237377,0.0187750416
2,21,691.0,0.0032336447755800623,0.0217247696
2,21,692.0,0.003639247832570574,0.023016324999999997
2,21,693.0,0.0032499850096019962,0.023149826000000002
2,21,694.0,0.0026108730671724556,0.021172884
2,21,695.0,0.003538546207322925,0.0234009418
2,21,696.0,0.0034049396579183665,0.022802217500000003
2,21,697.0,0.004575529785130435,0.0273496113
2,21,698.0,0.004439847172855485,0.0257497883
2,21,699.0,0.0037711322279209013,0.023676424
2,21,700.0,0.003809988908755505,0.0238193207
2,21,701.0,0.0037447379479617795,0.0221658878
2,21,702.0,0.003175711216689598,0.0223366489
2,21,703.0,0.0038714999696835973,0.0247316723
2,21,704.0,0.004164591631609163,0.0238189011
2,21,705.0,0.0038763147740476676,0.0246988049
2,21,706.0,0.003919587148602052,0.025168932
2,21,707.0,0.004090897993970149,0.0247481728
2,21,708.0,0.004476721003885439,0.0254327545
2,21,709.0,0.00444482174711546,0.0247531109
2,21,710.0,0.004394450849831283,0.0254524002
2,21,711.0,0.004821429161031991,0.025681144700000002
2,21,712.0,0.004895223693115972,0.024286563900000002
2,21,713.0,0.004802812652706982,0.025933111199999997
2,21,714.0,0.004748417983050994,0.0250046883
2,21,715.0,0.0036247051424956487,0.0217189693
2,21,716.0,0.003978386064942903,0.0239071369
2,21,717.0,0.0022653624030791295,0.0201899815
2,21,718.0,0.0017567279072200027,0.016141000699999998
2,21,719.0,0.0012824312285835472,0.0137515469
2,21,720.0,0.0015833565781168425,0.014507144
2,21,721.0,0.0037052827058592316,0.0201658173
2,21,722.0,0.0033352708675556627,0.022006465899999997
2,21,723.0,0.0032346781392075747,0.0203482342
2,21,724.0,0.001657704790716009,0.016393629099999998
2,21,725.0,0.0018352814638024747,0.016392234800000002
2,21,726.0,0.0022047272183097297,0.0178841629
2,21,727.0,0.0022199193321790944,0.0180319614
2,21,728.0,0.001527259029398652,0.0143963432
2,21,729.0,0.0013667050220725393,0.0145341587
2,21,730.0,0.0027104196516973393,0.0183183479
2,21,731.0,0.0020035955452279218,0.0164925003
2,21,732.0,0.0021012127948363997,0.0170579739
2,21,733.0,0.004044382827981161,0.019501833
2,21,734.0,0.0046915470894054725,0.0233817196
2,21,735.0,0.003994010046124163,0.020934823999999998
2,21,736.0,0.0047165911427366715,0.0219400654
2,21,737.0,0.004322460237832357,0.0224520741
2,21,738.0,0.0048326345169357465,0.0232253513
2,21,739.0,0.004617065072135948,0.0226577473
2,21,740.0,0.005176012444865985,0.0230413494
2,21,741.0,0.005744869529684696,0.0238072147
2,21,742.0,0.00585822742251201,0.024270727199999998
2,21,743.0,0.006012590688386908,0.023614677400000002
2,21,744.0,0.006257446325040583,0.0249371605
2,21,745.0,0.006347375766937548,0.0254669189
2,21,746.0,0.0065696508010337626,0.023489727
2,21,747.0,0.006649573614939711,0.0252369843
2,21,748.0,0.006579473718074139,0.0245406017
2,21,749.0,0.00660899261977203,0.0253588219
2,21,750.0,0.006559669161082383,0.024410430900000002
2,21,751.0,0.006545322955173894,0.0245413818
2,21,752.0,0.006767470152413688,0.025390285500000002
2,21,753.0,0.006731204200817298,0.0238523884
2,21,754.0,0.006853511685679504,0.0235633488
2,21,755.0,0.00683098057060837,0.023932964299999998
2,21,756.0,0.006709995916269174,0.022631944699999997
2,21,757.0,0.006839763517546507,0.0244013081
2,21,758.0,0.006905034964344798,0.0233962097
2,21,759.0,0.005908760742053841,0.021154455200000002
2,21,760.0,0.0,0.00109586453
2,21,761.0,0.0,0.000432670146
2,21,762.0,0.0010453220936149405,0.00662978363
2,21,763.0,0.0,0.0033483841399999997
2,21,764.0,0.0,0.00490076685
2,21,765.0,0.0012401586687704942,0.00810993862
2,21,766.0,0.0025156985031371793,0.0133779907
2,21,767.0,0.003255160077980577,0.0150441713
2,21,768.0,0.005590779457069985,0.020697664299999998
2,21,769.0,0.005470104186769058,0.0215757999
2,21,770.0,0.006156554846530872,0.022042532
2,21,771.0,0.00658412320352233,0.022063301100000002
2,21,772.0,0.007059537793307009,0.0223869762
2,21,773.0,0.007050834731316824,0.0208630161
2,21,774.0,0.007128004393726904,0.0223505802
2,21,775.0,0.006888053846435268,0.0222697659
2,21,776.0,0.007209624370157492,0.023014451999999998
2,21,777.0,0.007214319608845859,0.0216655846
2,21,778.0,0.00720855131533238,0.0234497089
2,21,779.0,0.007262041773928305,0.0215856361
2,21,780.0,0.007197091925992128,0.023301981000000003
2,21,781.0,0.0072368278298471575,0.0214356232
2,21,782.0,0.007336636132677712,0.021854482699999997
2,21,783.0,0.007212460582455511,0.0222674999
2,21,784.0,0.007132976036429153,0.022283697100000003
2,21,785.0,0.007081380864800654,0.023299657799999998
2,21,786.0,0.0065610238897453824,0.0209454899
2,21,787.0,0.006273533352744091,0.020475397099999997
2,21,788.0,0.0057986661964646875,0.020419301999999997
2,21,789.0,0.006194532862736997,0.0207098007
2,21,790.0,0.005385596346785329,0.0192872276
2,21,791.0,0.005489491764574211,0.0182060833
2,21,792.0,0.00586664183076497,0.0201926003
2,21,793.0,0.006199513020916444,0.0194673157
2,21,794.0,0.006985285275127801,0.0199714928
2,21,795.0,0.00603666450081028,0.018103075
2,21,796.0,0.005159424295289326,0.0173507137
2,21,797.0,0.0056248215778369965,0.0188268414
2,21,798.0,0.006143066540050323,0.018418186200000002
2,21,799.0,0.006031854756873231,0.020403133400000002
2,21,800.0,0.005349459244130765,0.018512888
2,21,801.0,0.005587293555741352,0.0169339066
2,21,802.0,0.00554582482207605,0.0181583347
2,21,803.0,0.005420812661118895,0.0182780552
2,21,804.0,0.004997577460537517,0.0192410831
2,21,805.0,0.0057178679286839585,0.0182560787
2,21,806.0,0.006470090633624763,0.0191745682
2,21,807.0,0.006141402950841508,0.0193093185
2,21,808.0,0.0064874056350192446,0.0197241745
2,21,809.0,0.00581230572246445,0.0183590832
2,21,810.0,0.005120726302466229,0.0178858795
2,21,811.0,0.004575647989725766,0.018644731499999997
2,21,812.0,0.004311169936553627,0.016945701599999998
2,21,813.0,0.004068679508590476,0.0138809767
2,21,814.0,0.0028837876513885144,0.0133914385
2,21,815.0,0.002855593433376911,0.0115801697
2,21,816.0,0.002557202893618263,0.0122412004
2,21,817.0,0.0013807757732334563,0.00931279278
2,21,818.0,0.002436310614756889,0.0108841629
2,21,819.0,0.0023693095035326782,0.0115793076
2,21,820.0,0.0020183958529176563,0.0111815996
2,21,821.0,0.004935707772381311,0.0162545662
2,21,822.0,0.003748077131806275,0.013910512
2,21,823.0,0.001141463056123456,0.00858952045
2,21,824.0,0.003215563719763112,0.013349010500000001
2,21,825.0,0.004907835987329792,0.0156336584
2,21,826.0,0.0035444455135470263,0.0148998251
2,21,827.0,0.004728544708950232,0.016451618199999997
2,21,828.0,0.0021747023122991004,0.011776050599999999
2,21,829.0,0.003981177012593699,0.014061983100000001
2,21,830.0,0.003903770382601009,0.0141012392
2,42,360.0,0.0,0.0196411114
2,42,361.0,0.0,0.0151419201
2,42,362.0,0.0,0.017208440800000002
2,42,363.0,0.0,0.0184273796
2,42,364.0,0.0,0.018662859
2,42,365.0,0.0,0.0172496166
2,42,366.0,0.0,0.023914381
2,42,367.0,0.0,0.021935276
2,42,368.0,0.0,0.0213185482
2,42,369.0,0.0,0.019978944800000002
2,42,370.0,0.0,0.023265884400000002
2,42,371.0,0.0,0.0182935982
2,42,372.0,0.0,0.0200530071
2,42,373.0,0.0,0.020413648599999997
2,42,374.0,0.0,0.0151442881
2,42,375.0,0.0,0.0139745407
2,42,376.0,0.0,0.019537237199999998
2,42,377.0,0.0,0.0202531376
2,42,378.0,0.0,0.0265764694
2,42,379.0,0.0,0.0199355049
2,42,380.0,0.0,0.0187187881
2,42,381.0,0.0,0.021894485499999998
2,42,382.0,0.0,0.0169619541
2,42,383.0,0.0,0.011430994
2,42,384.0,0.0,0.0128904972
2,42,385.0,0.0,0.019187894799999997
2,42,386.0,0.0,0.0149249973
2,42,387.0,0.0,0.017483429
2,42,388.0,0.0,0.0158496628
2,42,389.0,0.0,0.019418813700000002
2,42,390.0,0.0,0.0240099487
2,42,391.0,0.0,0.025348835
2,42,392.0,0.0,0.0231758499
2,42,393.0,0.0,0.0129382362
2,42,394.0,0.0,0.0139471931
2,42,395.0,0.0,0.023422594100000003
2,42,396.0,0.0,0.0239590092
2,42,397.0,0.0,0.0101496
2,42,398.0,0.0,0.0272674065
2,42,399.0,0.0,0.0323101082
2,42,400.0,0.0,0.0317172337
2,42,401.0,0.0,0.032544418299999996
2,42,402.0,0.0,0.0339165192
2,42,403.0,0.0,0.0307670898
2,42,404.0,0.0,0.033148498500000005
2,42,405.0,0.0,0.0305732403
2,42,406.0,0.0,0.0310897217
2,42,407.0,0.0,0.0303099937
2,42,408.0,0.0,0.0328386345
2,42,409.0,0.0,0.0357430611
2,42,410.0,0.0,0.0291053066
2,42,411.0,0.0,0.034693367
2,42,412.0,0.0,0.036577198000000005
2,42,413.0,0.0,0.0331054077
2,42,414.0,0.0,0.0337497444
2,42,415.0,0.0,0.03637323
2,42,416.0,0.0,0.0358482437
2,42,417.0,0.0,0.035273819000000005
2,42,418.0,0.0,0.032955699899999996
2,42,419.0,0.0,0.0337044334
2,42,420.0,0.0,0.0286596813
2,42,421.0,0.0,0.035871318799999996
2,42,422.0,0.0,0.0347256317
2,42,423.0,0.0,0.030101427099999998
2,42,424.0,0.0,0.0317454529
2,42,425.0,0.0,0.0335400047
2,42,426.0,0.0,0.031531135599999996
2,42,427.0,0.001350656080189783,0.0308025379
2,42,428.0,0.0,0.029468341800000002
2,42,429.0,0.0,0.027609115599999998
2,42,430.0,0.0,0.0224051704
2,42,431.0,0.0,0.0198774395
2,42,432.0,0.0,0.0361034279
2,42,433.0,0.0,0.032695030199999996
2,42,434.0,0.0,0.0310535603
2,42,435.0,0.0,0.033232570600000004
2,42,436.0,0.0,0.0360014191
2,42,437.0,0.0,0.0357287064
2,42,438.0,0.0,0.0338105545
2,42,439.0,0.0,0.031557457
2,42,440.0,0.0,0.036246582
2,42,441.0,0.0,0.036424408
2,42,442.0,0.0,0.0364879799
2,42,443.0,0.0,0.0385736084
2,42,444.0,0.0,0.037076107
2,42,445.0,0.0,0.039584449800000004
2,42,446.0,0.0,0.0357711945
2,42,447.0,0.0,0.0411799545
2,42,448.0,0.0,0.0392120247
2,42,449.0,0.0,0.0400291252
2,42,450.0,0.0,0.0423895721
2,42,451.0,0.0,0.0453430252
2,42,452.0,0.0,0.0417373238
2,42,453.0,0.0,0.0387834892
2,42,454.0,0.0,0.0400067749
2,42,455.0,0.0,0.041084446
2,42,456.0,0.0,0.041979270900000004
2,42,457.0,0.0,0.0430001564
2,42,458.0,0.0,0.0408189011
2,42,459.0,0.0,0.0418631363
2,42,460.0,0.0,0.0409635773
2,42,461.0,0.0,0.0422075233
2,42,462.0,0.0011892605517695323,0.0413326836
2,42,463.0,0.0,0.0410815201
2,42,464.0,0.0,0.043069721199999994
2,42,465.0,0.0,0.0408528442
2,42,466.0,0.001203493456461978,0.042683216100000004
2,42,467.0,0.0,0.0400671082
2,42,468.0,0.0,0.0426530228
2,42,469.0,0.0,0.044160183000000006
2,42,470.0,0.0,0.0416833954
2,42,471.0,0.0,0.0431069756
2,42,472.0,0.0,0.0418686829
2,42,473.0,0.0,0.041482223500000005
2,42,474.0,0.0,0.040003143299999995
2,42,475.0,0.0,0.0417201424
2,42,476.0,0.0,0.0400677338
2,42,477.0,0.0,0.0392435112
2,42,478.0,0.0,0.0418324432
2,42,479.0,0.0,0.0392806931
2,42,480.0,0.0,0.041024559
2,42,481.0,0.0,0.0414058495
2,42,482.0,0.001222667250420181,0.0419963264
2,42,483.0,0.0,0.042581665
2,42,484.0,0.0,0.0405069542
2,42,485.0,0.0,0.0403143959
2,42,486.0,0.0,0.0333870735
2,42,487.0,0.0,0.0357542038
2,42,488.0,0.0011588489034962443,0.0395267525
2,42,489.0,0.001075280034471297,0.036819580100000006
2,42,490.0,0.0,0.043350067099999993
2,42,491.0,0.0,0.0399370842
2,42,492.0,0.0,0.0386937828
2,42,493.0,0.002357157568579861,0.0416719894
2,42,494.0,0.0011371099372012633,0.0381599846
2,42,495.0,0.0,0.0411610641
2,42,496.0,0.0,0.0402425385
2,42,497.0,0.0,0.0392839928
2,42,498.0,0.0,0.0389640846
2,42,499.0,0.0,0.0382872238
2,42,500.0,0.0,0.0368552208
2,42,501.0,0.0,0.0360357437
2,42,502.0,0.0,0.0360259895
2,42,503.0,0.0011381663344965987,0.0381651192
2,42,504.0,0.0015874476960474407,0.0332701569
2,42,505.0,0.0,0.0368945122
2,42,506.0,0.0,0.0380856361
2,42,507.0,0.0011332271727559286,0.0366239052
2,42,508.0,0.0016279305747700927,0.034417205799999996
2,42,509.0,0.0,0.0381725693
2,42,510.0,0.0,0.035255394
2,42,511.0,0.0011298574937312145,0.0363389359
2,42,512.0,0.0,0.0380161247
2,42,513.0,0.0,0.0348410454
2,42,514.0,0.001588120938748379,0.0343687897
2,42,515.0,0.0,0.034806156199999994
2,42,516.0,0.0,0.036781131700000004
2,42,517.0,0.0,0.026995163000000003
2,42,518.0,0.0010317980465598176,0.032922412899999996
2,42,519.0,0.0,0.0317280178
2,42,520.0,0.001612126857690866,0.0340326195
2,42,521.0,0.0021493124991842217,0.034608448
2,42,522.0,0.0,0.035689586599999996
2,42,523.0,0.0,0.032023914300000005
2,42,524.0,0.002255247108525229,0.0355295219
2,42,525.0,0.0,0.034307712600000005
2,42,526.0,0.0,0.0322492485
2,42,527.0,0.0,0.0285459957
2,42,528.0,0.001116820640160109,0.0326107178
2,42,529.0,0.0011482661860232086,0.03582304
2,42,530.0,0.0,0.032499103499999994
2,42,531.0,0.0023609049404277383,0.0349925117
2,42,532.0,0.0011257591865042956,0.0336288681
2,42,533.0,0.0014819778433040208,0.0289062195
2,42,534.0,0.0016099617487546377,0.031568058
2,42,535.0,0.0,0.0325388947
2,42,536.0,0.001159486601059791,0.0347708778
2,42,537.0,0.0,0.0313145733
2,42,538.0,0.0011239636492783476,0.032238964099999996
2,42,539.0,0.0,0.0316600513
2,42,540.0,0.0010945690526078132,0.0317233372
2,42,541.0,0.0015044287907412797,0.0288581123
2,42,542.0,0.0011179999116034348,0.0322028999
2,42,543.0,0.0,0.0307061806
2,42,544.0,0.0011265700902699767,0.0328127365
2,42,545.0,0.0,0.0309464493
2,42,546.0,0.0021683142874829764,0.0299420013
2,42,547.0,0.0022594484565161624,0.032140842399999994
2,42,548.0,0.0010477729701000179,0.0289792366
2,42,549.0,0.0016533821599941352,0.0307428074
2,42,550.0,0.0010778753564832765,0.03027215
2,42,551.0,0.0010712397092681996,0.030455425300000002
2,42,552.0,0.0,0.0320968246
2,42,553.0,0.002147807852753239,0.0297662315
2,42,554.0,0.0011091650726036497,0.030278152500000002
2,42,555.0,0.0011124768394035354,0.0296758442
2,42,556.0,0.002164103621326424,0.0297686691
2,42,557.0,0.0021005106623320914,0.0284160442
2,42,558.0,0.0010904927809231122,0.0288948307
2,42,559.0,0.001546650229771563,0.0266738644
2,42,560.0,0.0,0.0273735237
2,42,561.0,0.0,0.0297969742
2,42,562.0,0.001046332559682666,0.0269101448
2,42,563.0,0.0021904714160574977,0.0284786224
2,42,564.0,0.001080463091344673,0.0272277203
2,42,565.0,0.0010941618731998858,0.0271720333
2,42,566.0,0.0,0.024944221500000002
2,42,567.0,0.0,0.026386234300000002
2,42,568.0,0.001085540776167655,0.0258847046
2,42,569.0,0.0010713114661233696,0.0253591976
2,42,570.0,0.0,0.0250508003
2,42,571.0,0.0031011554532935923,0.023436616900000002
2,42,572.0,0.0010980181454372736,0.024244155899999998
2,42,573.0,0.0,0.0240873909
2,42,574.0,0.0011028293691129824,0.0238479633
2,42,575.0,0.0016147990632940812,0.023080755199999997
2,42,576.0,0.0010569929599454119,0.0226884842
2,42,577.0,0.0,0.0233703671
2,42,578.0,0.0015974567495534798,0.023127016099999998
2,42,579.0,0.0,0.0229356289
2,42,580.0,0.0021786051823444856,0.0240848122
2,42,581.0,0.0010669080256168813,0.025082412699999997
2,42,582.0,0.0,0.025242471699999998
2,42,583.0,0.0021749262379397926,0.0255798779
2,42,584.0,0.001083036447613428,0.0254437943
2,42,585.0,0.0010751914351190184,0.025029005099999998
2,42,586.0,0.003085112898018732,0.024685775799999997
2,42,587.0,0.0016056657428587984,0.0262603359
2,42,588.0,0.002138377649279407,0.0256005116
2,42,589.0,0.001239170171935943,0.0210474758
2,42,590.0,0.0,0.021893455500000002
2,42,591.0,0.003171703442247075,0.024082565299999997
2,42,592.0,0.0,0.0224631042
2,42,593.0,0.0012663451396765005,0.023907569899999998
2,42,594.0,0.0013927403921176224,0.0234366016
2,42,595.0,0.0,0.0223370991
2,42,596.0,0.0015842453601094151,0.0244520473
2,42,597.0,0.0015940268968165513,0.023199466699999997
2,42,598.0,0.0015550834139537487,0.0231823978
2,42,599.0,0.0,0.0245901794
2,42,600.0,0.0,0.023965786000000003
2,42,601.0,0.0030721179796828644,0.0246843166
2,42,602.0,0.0015187321226180714,0.022506080600000002
2,42,603.0,0.0030527112071545245,0.0238432579
2,42,604.0,0.003145228209415402,0.0246329308
2,42,605.0,0.0015672599739914395,0.0250637569
2,42,606.0,0.0015481739138779968,0.025089592
2,42,607.0,0.0,0.0240007114
2,42,608.0,0.001532198857719709,0.0257131882
2,42,609.0,0.001515747056986717,0.0254816647
2,42,610.0,0.00298140916222554,0.024812027
2,42,611.0,0.0030279408496362665,0.024933231400000002
2,42,612.0,0.0,0.024014486300000002
2,42,613.0,0.0014707290724263673,0.0244146557
2,42,614.0,0.0028337319872982526,0.0228167229
2,42,615.0,0.0029678545641510035,0.024077257199999997
2,42,616.0,0.001410205182151952,0.023069067000000002
2,42,617.0,0.002835003920395273,0.0244718609
2,42,618.0,0.001483817982086754,0.024672567399999998
2,42,619.0,0.002939612680406804,0.0257832947
2,42,620.0,0.0029823093947429808,0.024590911899999998
2,42,621.0,0.0030330440285415896,0.0252946873
2,42,622.0,0.0028726408603301752,0.024885614400000002
2,42,623.0,0.001447496247134834,0.0238445168
2,42,624.0,0.0014489862462470505,0.0244794254
2,42,625.0,0.0028193730081739685,0.0238521137
2,42,626.0,0.001417486386297233,0.0240802708
2,42,627.0,0.0014473328930606187,0.0241367722
2,42,628.0,0.001979332814849,0.021352951000000002
2,42,629.0,0.0028975624513274444,0.0225598545
2,42,630.0,0.0014265624575981251,0.0236535549
2,42,631.0,0.0014713708951104242,0.0243140144
2,42,632.0,0.0027414807167851665,0.022591135000000002
2,42,633.0,0.001462612873392831,0.025100090000000002
2,42,634.0,0.002829186627988423,0.024234435999999998
2,42,635.0,0.002877306301828258,0.0246772137
2,42,636.0,0.0013853573442610641,0.0249079685
2,42,637.0,0.0028581133375765165,0.0249190197
2,42,638.0,0.00296688270739648,0.026934698099999998
2,42,639.0,0.0030121954461260797,0.0261324883
2,42,640.0,0.003021270986954622,0.026463468599999998
2,42,641.0,0.0030617100633189625,0.0266435337
2,42,642.0,0.0031744696356848594,0.0258130398
2,42,643.0,0.0032245466024279088,0.0261434288
2,42,644.0,0.0032863806337683345,0.0264639683
2,42,645.0,0.0032813216550755847,0.0259869881
2,42,646.0,0.0028178925924635468,0.0254311581
2,42,647.0,0.0031312076507106434,0.024462354699999998
2,42,648.0,0.0024784628236555637,0.0234141846
2,42,649.0,0.0026393782815790742,0.0246969261
2,42,650.0,0.0030336239464983958,0.0258365822
2,42,651.0,0.0033991540507645733,0.025869426700000003
2,42,652.0,0.0029400163349655646,0.0250630779
2,42,653.0,0.0034257206120891664,0.0260526333
2,42,654.0,0.0033466274778781264,0.0261872349
2,42,655.0,0.0029431579597391263,0.0251765213
2,42,656.0,0.0029178987475208078,0.0206120911
2,42,657.0,0.0031665536655337543,0.023757988
2,42,658.0,0.0036362111226639995,0.0273596039
2,42,659.0,0.003899919188240391,0.0273990631
2,42,660.0,0.003859466239326111,0.0275857239
2,42,661.0,0.004056783980239931,0.0267920551
2,42,662.0,0.0041026952802374755,0.0275919209
2,42,663.0,0.004057008453802722,0.0270913944
2,42,664.0,0.004094256651733804,0.029172287
2,42,665.0,0.004135816403286507,0.0279372158
2,42,666.0,0.004255447131651129,0.027544568999999998
2,42,667.0,0.004251828123642072,0.027335413
2,42,668.0,0.0043070319381291085,0.0277396545
2,42,669.0,0.004424913084925041,0.0285798302
2,42,670.0,0.004411829228711776,0.0278841667
2,42,671.0,0.0044356631419948155,0.0267546673
2,42,672.0,0.00443679182661767,0.026631708100000002
2,42,673.0,0.00453096176676097,0.0272377815
2,42,674.0,0.004563119838198497,0.0277587891
2,42,675.0,0.004556929260774917,0.0281083279
2,42,676.0,0.0046605909217348855,0.0292448311
2,42,677.0,0.004602597450878431,0.02716642
2,42,678.0,0.004737336171365565,0.0286602497
2,42,679.0,0.004697411775328845,0.0285476818
2,42,680.0,0.00471608949737107,0.026726034200000002
2,42,681.0,0.004719243120591598,0.026262620900000002
2,42,682.0,0.004803340926388568,0.0278275776
2,42,683.0,0.004785061477402712,0.028759647399999998
2,42,684.0,0.004733520085898631,0.0260712414
2,42,685.0,0.004903132198264732,0.0287274399
2,42,686.0,0.0047064055501265635,0.026907306699999998
2,42,687.0,0.0013650647178079247,0.00921784401
2,42,688.0,0.0018164341057766281,0.0151773748
2,42,689.0,0.002358058600295776,0.018556654000000002
2,42,690.0,0.0025634834838237377,0.0194788761
2,42,691.0,0.0032336447755800623,0.021527786299999997
2,42,692.0,0.003639247832570574,0.024508297
2,42,693.0,0.0032499850096019962,0.0222948856
2,42,694.0,0.0026108730671724556,0.0208480492
2,42,695.0,0.003538546207322925,0.0246745987
2,42,696.0,0.0034049396579183665,0.023603292499999998
2,42,697.0,0.004575529785130435,0.0258871517
2,42,698.0,0.004439847172855485,0.0257619553
2,42,699.0,0.0037711322279209013,0.0241051998
2,42,700.0,0.003809988908755505,0.0235537415
2,42,701.0,0.0037447379479617795,0.021950655
2,42,702.0,0.003175711216689598,0.0219284267
2,42,703.0,0.0038714999696835973,0.0229083805
2,42,704.0,0.004164591631609163,0.0235339813
2,42,705.0,0.0038763147740476676,0.0236166878
2,42,706.0,0.003919587148602052,0.0239494648
2,42,707.0,0.004090897993970149,0.0253755875
2,42,708.0,0.004476721003885439,0.0269573917
2,42,709.0,0.00444482174711546,0.0243332062
2,42,710.0,0.004394450849831283,0.0252472858
2,42,711.0,0.004821429161031991,0.0257267971
2,42,712.0,0.004895223693115972,0.025903657899999998
2,42,713.0,0.004802812652706982,0.026516805600000002
2,42,714.0,0.004748417983050994,0.024441555
2,42,715.0,0.0036247051424956487,0.0227851715
2,42,716.0,0.003978386064942903,0.024500122099999997
2,42,717.0,0.0022653624030791295,0.018607564899999998
2,42,718.0,0.0017567279072200027,0.0152340612
2,42,719.0,0.0012824312285835472,0.0131593609
2,42,720.0,0.0015833565781168425,0.0139489994
2,42,721.0,0.0037052827058592316,0.0207393513
2,42,722.0,0.0033352708675556627,0.0223755703
2,42,723.0,0.0032346781392075747,0.020833362600000002
2,42,724.0,0.001657704790716009,0.016449255
2,42,725.0,0.0018352814638024747,0.015829434400000002
2,42,726.0,0.0022047272183097297,0.0178953876
2,42,727.0,0.0022199193321790944,0.0167789364
2,42,728.0,0.001527259029398652,0.0147311878
2,42,729.0,0.0013667050220725393,0.0136253834
2,42,730.0,0.0027104196516973393,0.0182964649
2,42,731.0,0.0020035955452279218,0.017261606199999998
2,42,732.0,0.0021012127948363997,0.017130239499999998
2,42,733.0,0.004044382827981161,0.0203860645
2,42,734.0,0.0046915470894054725,0.023542448
2,42,735.0,0.003994010046124163,0.0214763775
2,42,736.0,0.0047165911427366715,0.021234071700000003
2,42,737.0,0.004322460237832357,0.0219062557
2,42,738.0,0.0048326345169357465,0.0228624401
2,42,739.0,0.004617065072135948,0.0213175583
2,42,740.0,0.005176012444865985,0.0225075626
2,42,741.0,0.005744869529684696,0.023102953
2,42,742.0,0.00585822742251201,0.0232646942
2,42,743.0,0.006012590688386908,0.0247996731
2,42,744.0,0.006257446325040583,0.0249684486
2,42,745.0,0.006347375766937548,0.0244641418
2,42,746.0,0.0065696508010337626,0.0240383873
2,42,747.0,0.006649573614939711,0.025775342899999998
2,42,748.0,0.006579473718074139,0.024096792199999998
2,42,749.0,0.00660899261977203,0.0253614902
2,42,750.0,0.006559669161082383,0.0236900902
2,42,751.0,0.006545322955173894,0.0234551544
2,42,752.0,0.006767470152413688,0.0248660126
2,42,753.0,0.006731204200817298,0.0237276974
2,42,754.0,0.006853511685679504,0.0245682907
2,42,755.0,0.00683098057060837,0.02503088
2,42,756.0,0.006709995916269174,0.0234173889
2,42,757.0,0.006839763517546507,0.0237147083
2,42,758.0,0.006905034964344798,0.0241755009
2,42,759.0,0.005908760742053841,0.0221725845
2,42,760.0,0.0,0.00101873422
2,42,761.0,0.0,0.000395666718
2,42,762.0,0.0010453220936149405,0.0073719244
2,42,763.0,0.0,0.00348127985
2,42,764.0,0.0,0.00496328926
2,42,765.0,0.0012401586687704942,0.00903485394
2,42,766.0,0.0025156985031371793,0.0135578146
2,42,767.0,0.003255160077980577,0.015134044599999999
2,42,768.0,0.005590779457069985,0.0214361954
2,42,769.0,0.005470104186769058,0.01984062
2,42,770.0,0.006156554846530872,0.0209932327
2,42,771.0,0.00658412320352233,0.0217816525
2,42,772.0,0.007059537793307009,0.0220726776
2,42,773.0,0.007050834731316824,0.0221506691
2,42,774.0,0.007128004393726904,0.0227425976
2,42,775.0,0.006888053846435268,0.021992551800000003
2,42,776.0,0.007209624370157492,0.0242621994
2,42,777.0,0.007214319608845859,0.0216112251
2,42,778.0,0.00720855131533238,0.0234393826
2,42,779.0,0.007262041773928305,0.0220837708
2,42,780.0,0.007197091925992128,0.0237469673
2,42,781.0,0.0072368278298471575,0.022189455
2,42,782.0,0.007336636132677712,0.0222482243
2,42,783.0,0.007212460582455511,0.0218526897
2,42,784.0,0.007132976036429153,0.0220739155
2,42,785.0,0.007081380864800654,0.0211100216
2,42,786.0,0.0065610238897453824,0.0214227676
2,42,787.0,0.006273533352744091,0.021714855199999997
2,42,788.0,0.0057986661964646875,0.019355896
2,42,789.0,0.006194532862736997,0.0205223923
2,42,790.0,0.005385596346785329,0.018986248
2,42,791.0,0.005489491764574211,0.0191033192
2,42,792.0,0.00586664183076497,0.0197695999
2,42,793.0,0.006199513020916444,0.020669355400000002
2,42,794.0,0.006985285275127801,0.020859390300000002
2,42,795.0,0.00603666450081028,0.0199271374
2,42,796.0,0.005159424295289326,0.017862218899999997
2,42,797.0,0.0056248215778369965,0.0186978283
2,42,798.0,0.006143066540050323,0.0190907516
2,42,799.0,0.006031854756873231,0.0213121605
2,42,800.0,0.005349459244130765,0.018387395900000002
2,42,801.0,0.005587293555741352,0.0180746021
2,42,802.0,0.00554582482207605,0.0193782539
2,42,803.0,0.005420812661118895,0.0180760632
2,42,804.0,0.004997577460537517,0.017886566200000002
2,42,805.0,0.0057178679286839585,0.018482860599999998
2,42,806.0,0.006470090633624763,0.0192050762
2,42,807.0,0.006141402950841508,0.0184488487
2,42,808.0,0.0064874056350192446,0.0190456982
2,42,809.0,0.00581230572246445,0.018285677
2,42,810.0,0.005120726302466229,0.0174322605
2,42,811.0,0.004575647989725766,0.017776989
2,42,812.0,0.004311169936553627,0.0164717445
2,42,813.0,0.004068679508590476,0.0149968596
2,42,814.0,0.0028837876513885144,0.013773050299999999
2,42,815.0,0.002855593433376911,0.0131440229
2,42,816.0,0.002557202893618263,0.0126269989
2,42,817.0,0.0013807757732334563,0.00883619595
2,42,818.0,0.002436310614756889,0.0124611845
2,42,819.0,0.0023693095035326782,0.0111092844
2,42,820.0,0.0020183958529176563,0.012480629
2,42,821.0,0.004935707772381311,0.0170481548
2,42,822.0,0.003748077131806275,0.0147923393
2,42,823.0,0.001141463056123456,0.00799872208
2,42,824.0,0.003215563719763112,0.0139203691
2,42,825.0,0.004907835987329792,0.016275959
2,42,826.0,0.0035444455135470263,0.0135425682
2,42,827.0,0.004728544708950232,0.0165562973
2,42,828.0,0.0021747023122991004,0.0115161219
2,42,829.0,0.003981177012593699,0.013771144899999999
2,42,830.0,0.003903770382601009,0.0136067896
3.5,21,360.0,0.0,0.0304827785
3.5,21,361.0,0.0,0.0231090336
3.5,21,362.0,0.0,0.0258989582
3.5,21,363.0,0.0,0.028469249699999997
3.5,21,364.0,0.0,0.0280632954
3.5,21,365.0,0.0,0.0268297653
3.5,21,366.0,0.0,0.036965286300000004
3.5,21,367.0,0.0,0.0334965057
3.5,21,368.0,0.0,0.0296387177
3.5,21,369.0,0.0,0.0309407043
3.5,21,370.0,0.0,0.035043731700000004
3.5,21,371.0,0.0,0.0272719936
3.5,21,372.0,0.0,0.0307688866
3.5,21,373.0,0.0,0.029027151100000002
3.5,21,374.0,0.0,0.0236326351
3.5,21,375.0,0.0,0.021964311599999998
3.5,21,376.0,0.0,0.0304534512
3.5,21,377.0,0.0,0.0319213028
3.5,21,378.0,0.0,0.0400465775
3.5,21,379.0,0.0,0.0318294888
3.5,21,380.0,0.0,0.0294287434
3.5,21,381.0,0.0,0.032614353199999994
3.5,21,382.0,0.0,0.0245430679
3.5,21,383.0,0.0,0.0176207695
3.5,21,384.0,0.0,0.0188324986
3.5,21,385.0,0.0,0.028904241599999998
3.5,21,386.0,0.0,0.021572568900000002
3.5,21,387.0,0.0,0.0260321293
3.5,21,388.0,0.0,0.0267256622
3.5,21,389.0,0.0,0.0286696396
3.5,21,390.0,0.0,0.035550933800000004
3.5,21,391.0,0.0,0.0404454002
3.5,21,392.0,0.0,0.0344841499
3.5,21,393.0,0.0,0.0183823166
3.5,21,394.0,0.0,0.0212976608
3.5,21,395.0,0.0,0.03462269589999999
3.5,21,396.0,0.0,0.0350258408
3.5,21,397.0,0.0,0.0151779251
3.5,21,398.0,0.0,0.040698532100000004
3.5,21,399.0,0.0,0.0497538338
3.5,21,400.0,0.0,0.0496713524
3.5,21,401.0,0.0,0.0474292526
3.5,21,402.0,0.0,0.052605232200000004
3.5,21,403.0,0.0,0.047303798700000003
3.5,21,404.0,0.0,0.051684211699999996
3.5,21,405.0,0.0,0.045709930399999994
3.5,21,406.0,0.0,0.0470072021
3.5,21,407.0,0.0,0.0454180641
3.5,21,408.0,0.0,0.048120285000000006
3.5,21,409.0,0.0,0.053889812499999995
3.5,21,410.0,0.0,0.0438653641
3.5,21,411.0,0.0,0.0520460243
3.5,21,412.0,0.0,0.0544824295
3.5,21,413.0,0.0,0.052352191900000004
3.5,21,414.0,0.0,0.051800281499999996
3.5,21,415.0,0.0028057686980876087,0.05300354
3.5,21,416.0,0.0,0.053788784
3.5,21,417.0,0.0,0.051735199
3.5,21,418.0,0.0,0.0506281242
3.5,21,419.0,0.0,0.053243823999999995
3.5,21,420.0,0.0,0.0433430786
3.5,21,421.0,0.0,0.0535816689
3.5,21,422.0,0.0,0.050951755499999994
3.5,21,423.0,0.00213558524236665,0.0437561722
3.5,21,424.0,0.0,0.0485969429
3.5,21,425.0,0.0,0.0492799911
3.5,21,426.0,0.0,0.0475439262
3.5,21,427.0,0.00236265817276247,0.045913826
3.5,21,428.0,0.0,0.0464434738
3.5,21,429.0,0.0,0.0431080971
3.5,21,430.0,0.0,0.0323361168
3.5,21,431.0,0.0,0.030477735500000002
3.5,21,432.0,0.0,0.0546293831
3.5,21,433.0,0.0,0.0488830528
3.5,21,434.0,0.0,0.045318260199999995
3.5,21,435.0,0.0,0.04851408
3.5,21,436.0,0.0,0.0558889122
3.5,21,437.0,0.0,0.0554718895
3.5,21,438.0,0.0,0.0503640366
3.5,21,439.0,0.0,0.0466814156
3.5,21,440.0,0.001814251700303881,0.0544290276
3.5,21,441.0,0.002706195471574427,0.0531219673
3.5,21,442.0,0.0,0.0573560143
3.5,21,443.0,0.0019041326225912054,0.0565469742
3.5,21,444.0,0.0018875970945358954,0.054499897
3.5,21,445.0,0.001981285516556345,0.0579396744
3.5,21,446.0,0.0,0.0527211914
3.5,21,447.0,0.0,0.0600503883
3.5,21,448.0,0.0,0.059687438999999995
3.5,21,449.0,0.0,0.061651065799999995
3.5,21,450.0,0.0,0.0639993744
3.5,21,451.0,0.0,0.0684805679
3.5,21,452.0,0.0,0.0614083176
3.5,21,453.0,0.0,0.0573984146
3.5,21,454.0,0.004099442591332314,0.0634760399
3.5,21,455.0,0.004119948759132949,0.0621117706
3.5,21,456.0,0.002106070281998497,0.06463127140000001
3.5,21,457.0,0.0,0.0652307816
3.5,21,458.0,0.0,0.0633441658
3.5,21,459.0,0.0,0.0623562012
3.5,21,460.0,0.0,0.0603215561
3.5,21,461.0,0.0,0.0634017601
3.5,21,462.0,0.0,0.0603988037
3.5,21,463.0,0.002077395325114928,0.0603085327
3.5,21,464.0,0.0062390604377119165,0.0614898224
3.5,21,465.0,0.002044913918533114,0.0612038803
3.5,21,466.0,0.002105231444541018,0.0637543373
3.5,21,467.0,0.0,0.061299888600000005
3.5,21,468.0,0.002141873748641618,0.0645128937
3.5,21,469.0,0.002119887385741713,0.06388351440000001
3.5,21,470.0,0.0020877972209352156,0.0637869034
3.5,21,471.0,0.0020814507307573967,0.0627085838
3.5,21,472.0,0.0021046529668949476,0.0608616066
3.5,21,473.0,0.0,0.061680473300000004
3.5,21,474.0,0.004191101570648154,0.059677784000000005
3.5,21,475.0,0.0021799485078835713,0.063563282
3.5,21,476.0,0.0,0.060745216399999996
3.5,21,477.0,0.0020942934570756595,0.0603840027
3.5,21,478.0,0.002193148710029934,0.0616711998
3.5,21,479.0,0.004173624729056901,0.0602136955
3.5,21,480.0,0.0021204649354499825,0.061137390099999994
3.5,21,481.0,0.002100950843045913,0.0613442268
3.5,21,482.0,0.0,0.061201789900000005
3.5,21,483.0,0.002135712864338547,0.0633501816
3.5,21,484.0,0.0020492450560092457,0.0609399452
3.5,21,485.0,0.0020604818272367963,0.0603397408
3.5,21,486.0,0.0016674362079881447,0.0495232582
3.5,21,487.0,0.0018704709706994173,0.055123222400000005
3.5,21,488.0,0.004054272392324675,0.060322605099999996
3.5,21,489.0,0.0018809519304832565,0.0555891571
3.5,21,490.0,0.0,0.062108558700000004
3.5,21,491.0,0.001997285887009239,0.0595616798
3.5,21,492.0,0.005750335817238472,0.0560481071
3.5,21,493.0,0.002061649032578725,0.059415596
3.5,21,494.0,0.005967326599644673,0.0578488922
3.5,21,495.0,0.0021236228115690645,0.0625321007
3.5,21,496.0,0.0020666538895274555,0.0585833092
3.5,21,497.0,0.006009744602288148,0.0562110901
3.5,21,498.0,0.003908927199139951,0.056639503499999994
3.5,21,499.0,0.001948364426183093,0.056403511
3.5,21,500.0,0.005815285126465156,0.0561463013
3.5,21,501.0,0.0,0.0540512085
3.5,21,502.0,0.0037602890599424225,0.0523197441
3.5,21,503.0,0.00597287058235089,0.054537021600000006
3.5,21,504.0,0.002776869943362959,0.049656299599999995
3.5,21,505.0,0.003991137695991978,0.0532371864
3.5,21,506.0,0.006400418076750655,0.0598470078
3.5,21,507.0,0.005946950379765292,0.0537841301
3.5,21,508.0,0.0028476853090758842,0.0514464188
3.5,21,509.0,0.004088802227706895,0.0551182747
3.5,21,510.0,0.0029674083874838522,0.0533802376
3.5,21,511.0,0.0019764224814698083,0.054184429199999995
3.5,21,512.0,0.006215629702995741,0.0552694092
3.5,21,513.0,0.005681912382143354,0.0523667068
3.5,21,514.0,0.005556095249268545,0.0510487518
3.5,21,515.0,0.005665536141937399,0.0521771393
3.5,21,516.0,0.005945595010614808,0.053956752799999994
3.5,21,517.0,0.0021882938249234247,0.0401917953
3.5,21,518.0,0.005414670849696614,0.0503945389
3.5,21,519.0,0.0017087824913103779,0.047064525600000004
3.5,21,520.0,0.005640080775141527,0.051930641199999995
3.5,21,521.0,0.005639581941420133,0.0512406158
3.5,21,522.0,0.005860205209606321,0.0527332802
3.5,21,523.0,0.0027283360003512187,0.0488048439
3.5,21,524.0,0.00591754394538587,0.053725101500000004
3.5,21,525.0,0.005867824635091689,0.0516466713
3.5,21,526.0,0.0018631124910914374,0.0492608452
3.5,21,527.0,0.004881093238426953,0.0409036331
3.5,21,528.0,0.0039072350801405385,0.0513254967
3.5,21,529.0,0.006025872124639184,0.0524721832
3.5,21,530.0,0.002846273579913703,0.04743964
3.5,21,531.0,0.006194779367948625,0.0515651093
3.5,21,532.0,0.005907760117189542,0.0498499489
3.5,21,533.0,0.005184750011036347,0.0439786377
3.5,21,534.0,0.005632506061606515,0.0480369415
3.5,21,535.0,0.0038269819520873457,0.0469904404
3.5,21,536.0,0.006086674742342233,0.0509427261
3.5,21,537.0,0.005743951599063221,0.0476423416
3.5,21,538.0,0.006074281711775892,0.0490392761
3.5,21,539.0,0.006089141426896701,0.0478416595
3.5,21,540.0,0.006023628541972447,0.047558342
3.5,21,541.0,0.005356057786702814,0.042905017899999995
3.5,21,542.0,0.006131956696806345,0.0470644302
3.5,21,543.0,0.006051000527667016,0.0449738579
3.5,21,544.0,0.006450622747353554,0.047707435599999994
3.5,21,545.0,0.006308644539850378,0.0466353111
3.5,21,546.0,0.006089670064515096,0.0445059128
3.5,21,547.0,0.006542777288189066,0.0469236298
3.5,21,548.0,0.006284103942685459,0.04394949720000001
3.5,21,549.0,0.0066560686038191945,0.0452230644
3.5,21,550.0,0.0065932711457237425,0.0458877831
3.5,21,551.0,0.006666749961538911,0.0450749931
3.5,21,552.0,0.0070098988573326386,0.047645004299999995
3.5,21,553.0,0.00683032280788321,0.0452224274
3.5,21,554.0,0.007123916772680309,0.0450106239
3.5,21,555.0,0.007210443065510485,0.0469286575
3.5,21,556.0,0.00704033601083415,0.046597782100000006
3.5,21,557.0,0.006849857424806272,0.0443285179
3.5,21,558.0,0.007133428135139839,0.045161274
3.5,21,559.0,0.006772141535104687,0.0408247833
3.5,21,560.0,0.006821367597618842,0.0412992783
3.5,21,561.0,0.0075212613873490266,0.0452313805
3.5,21,562.0,0.006936178716640689,0.0411317711
3.5,21,563.0,0.007269572177913826,0.0427754745
3.5,21,564.0,0.007180190339646907,0.0418707085
3.5,21,565.0,0.007271252661061602,0.040678863499999995
3.5,21,566.0,0.006717551259518683,0.0387568741
3.5,21,567.0,0.007148626474299739,0.040509361300000005
3.5,21,568.0,0.007088285853629329,0.0397760162
3.5,21,569.0,0.006429865022940912,0.0381171074
3.5,21,570.0,0.006480094357153783,0.0371737366
3.5,21,571.0,0.006335371895701437,0.035947296100000005
3.5,21,572.0,0.006370000031442017,0.036707782700000004
3.5,21,573.0,0.006568738912208739,0.037620647400000005
3.5,21,574.0,0.006340384896525342,0.037181785599999996
3.5,21,575.0,0.006326605325424232,0.0356613922
3.5,21,576.0,0.006152424257510578,0.0348717079
3.5,21,577.0,0.006387821504248652,0.037265491500000004
3.5,21,578.0,0.006482367743717522,0.0347246513
3.5,21,579.0,0.00660098743692679,0.036848938
3.5,21,580.0,0.007004718583510408,0.036043621100000006
3.5,21,581.0,0.007136026177836825,0.0389901543
3.5,21,582.0,0.007478656161044506,0.0375555229
3.5,21,583.0,0.00777355424474315,0.0375479317
3.5,21,584.0,0.008083718675674735,0.0389009438
3.5,21,585.0,0.008127353241404352,0.037963062299999996
3.5,21,586.0,0.007946294261881082,0.0379371567
3.5,21,587.0,0.008271537743126316,0.040231784799999996
3.5,21,588.0,0.007989274875655202,0.038420887
3.5,21,589.0,0.005912331584451261,0.032392955800000005
3.5,21,590.0,0.006771333862926641,0.0331472244
3.5,21,591.0,0.0060623977588758786,0.0365806198
3.5,21,592.0,0.006206038733240656,0.0333224373
3.5,21,593.0,0.008049908895606618,0.0366446228
3.5,21,594.0,0.007187986238145509,0.036095607800000006
3.5,21,595.0,0.007165961268149202,0.0355975685
3.5,21,596.0,0.0077968382187702835,0.0354304504
3.5,21,597.0,0.007846030277247916,0.0368193283
3.5,21,598.0,0.007773304617264991,0.0349303932
3.5,21,599.0,0.0083682032215966,0.0357795143
3.5,21,600.0,0.008791536504788004,0.0353778992
3.5,21,601.0,0.009085439741486387,0.035451747900000004
3.5,21,602.0,0.009148757455235752,0.0357383194
3.5,21,603.0,0.009258763321613732,0.0353647423
3.5,21,604.0,0.00971807775932743,0.0364361992
3.5,21,605.0,0.009783660007602302,0.038030330700000003
3.5,21,606.0,0.009815937408279553,0.0359725418
3.5,21,607.0,0.009899869870761972,0.037316406200000006
3.5,21,608.0,0.010016952544891372,0.0369154778
3.5,21,609.0,0.009973799530041605,0.0372620735
3.5,21,610.0,0.009935424357041454,0.0349996872
3.5,21,611.0,0.010196128909552463,0.0361468658
3.5,21,612.0,0.010216377489145386,0.036582168600000006
3.5,21,613.0,0.010183270133573159,0.0369021187
3.5,21,614.0,0.009896328200789397,0.0341535721
3.5,21,615.0,0.010467037420204028,0.0359529152
3.5,21,616.0,0.010080307559298394,0.033880394
3.5,21,617.0,0.010223014625315077,0.034443691299999996
3.5,21,618.0,0.01076127972049099,0.037370491
3.5,21,619.0,0.010736877398268115,0.0355854454
3.5,21,620.0,0.010946631144926031,0.0367212982
3.5,21,621.0,0.011154814356855875,0.0382010803
3.5,21,622.0,0.010569352574717026,0.036273376499999996
3.5,21,623.0,0.010633652132127733,0.0359240608
3.5,21,624.0,0.010620910752489951,0.0359185791
3.5,21,625.0,0.010279515475994363,0.0353650551
3.5,21,626.0,0.010306025804287376,0.0347706108
3.5,21,627.0,0.010360235075938142,0.034453537
3.5,21,628.0,0.00860747894309986,0.0314752464
3.5,21,629.0,0.00961596754476165,0.0327386475
3.5,21,630.0,0.00922010494443868,0.0317937889
3.5,21,631.0,0.01054311611017237,0.0344756012
3.5,21,632.0,0.010068843254059143,0.032332496599999996
3.5,21,633.0,0.01111781131083031,0.0340759468
3.5,21,634.0,0.011050990143494118,0.0349042892
3.5,21,635.0,0.011482874800860866,0.0371820869
3.5,21,636.0,0.011243353175840359,0.0343997917
3.5,21,637.0,0.011959068488222015,0.0362833252
3.5,21,638.0,0.012619704526215995,0.0369138756
3.5,21,639.0,0.012734300937524298,0.0372236404
3.5,21,640.0,0.012645600950395443,0.0369889565
3.5,21,641.0,0.012831487160036813,0.0377182083
3.5,21,642.0,0.013081167078890302,0.036495262099999995
3.5,21,643.0,0.013313975134969623,0.0360128517
3.5,21,644.0,0.013435267411142648,0.0375797768
3.5,21,645.0,0.013497505481470343,0.036378169999999994
3.5,21,646.0,0.0121220055750756,0.0342212982
3.5,21,647.0,0.01140440300814276,0.033333984399999995
3.5,21,648.0,0.010661369756338584,0.034863681800000004
3.5,21,649.0,0.011910372021788325,0.0348376312
3.5,21,650.0,0.01255783531116417,0.037022953000000004
3.5,21,651.0,0.013880607044525803,0.039624157
3.5,21,652.0,0.012632859509709124,0.0363915443
3.5,21,653.0,0.013976596227275118,0.0381346054
3.5,21,654.0,0.013743536651212914,0.036337017099999994
3.5,21,655.0,0.012564672686543535,0.0341307373
3.5,21,656.0,0.011097345703679342,0.0305616665
3.5,21,657.0,0.012222062727256821,0.031882869700000004
3.5,21,658.0,0.01443468383353832,0.037381328600000006
3.5,21,659.0,0.015120105944874689,0.0388031006
3.5,21,660.0,0.015068289775973688,0.036723377200000004
3.5,21,661.0,0.015586485041680436,0.038379070300000005
3.5,21,662.0,0.015780134549900297,0.0383405952
3.5,21,663.0,0.015628886304814377,0.0370680504
3.5,21,664.0,0.015635649200975505,0.0386523781
3.5,21,665.0,0.015777587787976523,0.0373866806
3.5,21,666.0,0.016148100714840116,0.0379612312
3.5,21,667.0,0.016044516788529965,0.0373192024
3.5,21,668.0,0.016218682472211657,0.0387253685
3.5,21,669.0,0.016606078372683616,0.0378064575
3.5,21,670.0,0.0165112862296975,0.035911377
3.5,21,671.0,0.01652913987508447,0.0368813171
3.5,21,672.0,0.016515561947309448,0.0378562698
3.5,21,673.0,0.016802472195901186,0.0378695984
3.5,21,674.0,0.0168967166113906,0.039344142900000004
3.5,21,675.0,0.016809978419079698,0.0375374947
3.5,21,676.0,0.017174199805555908,0.0380376358
3.5,21,677.0,0.016924448154668467,0.0384894524
3.5,21,678.0,0.017361038006122785,0.0382132225
3.5,21,679.0,0.01718875768448755,0.0382752342
3.5,21,680.0,0.01720854894947081,0.0369027939
3.5,21,681.0,0.017236354971966912,0.0357964211
3.5,21,682.0,0.017445262952158116,0.0364053383
3.5,21,683.0,0.017455792909499786,0.038218631700000005
3.5,21,684.0,0.017255794108974144,0.0379536018
3.5,21,685.0,0.01772080852672713,0.0374223595
3.5,21,686.0,0.01702798922490386,0.036404583000000004
3.5,21,687.0,0.0033560353134409705,0.0133245697
3.5,21,688.0,0.0068156177409227515,0.021093385699999998
3.5,21,689.0,0.009924013164031598,0.0253698406
3.5,21,690.0,0.009830285768623508,0.0259157219
3.5,21,691.0,0.012686180158818422,0.0287155399
3.5,21,692.0,0.013669987934819978,0.0318754158
3.5,21,693.0,0.012613086925578956,0.0298056774
3.5,21,694.0,0.010761343027826486,0.0279978619
3.5,21,695.0,0.013609729302338162,0.0299313583
3.5,21,696.0,0.013399714756319353,0.0298958435
3.5,21,697.0,0.016973593633110434,0.035305152900000004
3.5,21,698.0,0.016540368471912578,0.0326892548
3.5,21,699.0,0.014834720566703449,0.0326327438
3.5,21,700.0,0.014162068833061139,0.0315859451
3.5,21,701.0,0.012270815114152723,0.0306405849
3.5,21,702.0,0.013018888899672136,0.029100492500000002
3.5,21,703.0,0.014196615407952902,0.0313920059
3.5,21,704.0,0.01564508742728467,0.0313639793
3.5,21,705.0,0.015057600481943835,0.032148838
3.5,21,706.0,0.01563224165464429,0.032886859899999996
3.5,21,707.0,0.015688604596672765,0.0321496658
3.5,21,708.0,0.016813825636992644,0.032693912500000005
3.5,21,709.0,0.016511778097780535,0.0316539822
3.5,21,710.0,0.01653599776277312,0.0322361107
3.5,21,711.0,0.0174953306298383,0.033453266100000004
3.5,21,712.0,0.017216034660340038,0.0314315166
3.5,21,713.0,0.017360430634202954,0.0343026276
3.5,21,714.0,0.01731796044726788,0.0341011696
3.5,21,715.0,0.014755212902366515,0.030335886
3.5,21,716.0,0.015865924475246602,0.0325224915
3.5,21,717.0,0.01062730283982195,0.0253350735
3.5,21,718.0,0.008004540734499828,0.021901865
3.5,21,719.0,0.005891106747138368,0.0176940536
3.5,21,720.0,0.0060441612597829245,0.019904155700000002
3.5,21,721.0,0.013265528296014092,0.027802970899999998
3.5,21,722.0,0.012998471704013019,0.027135810899999998
3.5,21,723.0,0.012598352982659296,0.0266742992
3.5,21,724.0,0.008369592136919558,0.0216559639
3.5,21,725.0,0.008048696959999773,0.020419035000000002
3.5,21,726.0,0.01054345334230476,0.0241444454
3.5,21,727.0,0.00923262190964513,0.023623027799999998
3.5,21,728.0,0.007117887924158544,0.0200580559
3.5,21,729.0,0.006440864077260368,0.018280542400000002
3.5,21,730.0,0.010616523255002123,0.0239241238
3.5,21,731.0,0.008484800559836697,0.0212204685
3.5,21,732.0,0.008908726319104287,0.0233861408
3.5,21,733.0,0.01293083352407223,0.025869691799999997
3.5,21,734.0,0.0170219883366132,0.030133277899999998
3.5,21,735.0,0.014953358879717276,0.028121172
3.5,21,736.0,0.015770521236379745,0.0293352909
3.5,21,737.0,0.015976863712745534,0.0284388275
3.5,21,738.0,0.016709013963503907,0.030191276599999997
3.5,21,739.0,0.0166498750222857,0.0302430248
3.5,21,740.0,0.01802375598246052,0.0299593849
3.5,21,741.0,0.019211836384094936,0.0301666431
3.5,21,742.0,0.019339082968522957,0.0304951611
3.5,21,743.0,0.01987150083458222,0.0314368305
3.5,21,744.0,0.02046070458695186,0.032036705
3.5,21,745.0,0.02044423704865503,0.0325862427
3.5,21,746.0,0.021013489344673664,0.031721866599999995
3.5,21,747.0,0.021308436816640786,0.0324996376
3.5,21,748.0,0.02102566254555399,0.0315311069
3.5,21,749.0,0.02109115444199035,0.031788826
3.5,21,750.0,0.0208876083550265,0.030810194
3.5,21,751.0,0.020845402752461772,0.0311055222
3.5,21,752.0,0.021430090439119323,0.0320534363
3.5,21,753.0,0.021288425715866657,0.0293828907
3.5,21,754.0,0.021664125387697672,0.033173255900000004
3.5,21,755.0,0.021582559044510546,0.0312621212
3.5,21,756.0,0.021191014102146178,0.030459343
3.5,21,757.0,0.02151403034952356,0.030438491800000002
3.5,21,758.0,0.021657623351945977,0.0296975861
3.5,21,759.0,0.019138132116023266,0.0279644241
3.5,21,760.0,0.0,0.00152436495
3.5,21,761.0,0.0,0.000492932588
3.5,21,762.0,0.0042512525806596225,0.00920534611
3.5,21,763.0,0.0,0.00458898211
3.5,21,764.0,0.0018560165873568507,0.006294297700000001
3.5,21,765.0,0.0051081766508570105,0.0116913099
3.5,21,766.0,0.010089123517844084,0.0182050495
3.5,21,767.0,0.011848812994365878,0.0200712147
3.5,21,768.0,0.01824854268778474,0.027071859400000002
3.5,21,769.0,0.018485718705819238,0.027289497399999998
3.5,21,770.0,0.019623252687126443,0.026899538
3.5,21,771.0,0.02079864012061493,0.0294523373
3.5,21,772.0,0.021735029481357956,0.0284641533
3.5,21,773.0,0.021687907273613253,0.029458072699999997
3.5,21,774.0,0.02192316996937019,0.0276228065
3.5,21,775.0,0.021154358544407646,0.0292952766
3.5,21,776.0,0.02210332347695508,0.0293416271
3.5,21,777.0,0.022063187725123282,0.0288829346
3.5,21,778.0,0.02201350752252353,0.0287169704
3.5,21,779.0,0.02214906702553147,0.0286564846
3.5,21,780.0,0.021928084682045445,0.026849998500000003
3.5,21,781.0,0.022002854613423235,0.0284395714
3.5,21,782.0,0.022304257541106397,0.0287898388
3.5,21,783.0,0.02188066065032128,0.0278714199
3.5,21,784.0,0.0217817641529737,0.0270968723
3.5,21,785.0,0.02171285915478902,0.026911726
3.5,21,786.0,0.02055637979706235,0.0257017956
3.5,21,787.0,0.020140507133790418,0.0270071621
3.5,21,788.0,0.01910068848268788,0.0261405849
3.5,21,789.0,0.019394283363213072,0.025946849799999998
3.5,21,790.0,0.017567162539202433,0.0259227657
3.5,21,791.0,0.017853649843512277,0.0238862114
3.5,21,792.0,0.018094872463989845,0.024582096100000003
3.5,21,793.0,0.019140988210896864,0.023742748299999998
3.5,21,794.0,0.0211991482095538,0.0255886917
3.5,21,795.0,0.019308834455008608,0.0257309914
3.5,21,796.0,0.015867984985552985,0.0225503979
3.5,21,797.0,0.018608942985122924,0.025675865200000002
3.5,21,798.0,0.019200672987107054,0.0248883648
3.5,21,799.0,0.019480363879607564,0.024181940099999997
3.5,21,800.0,0.017528548849558317,0.0222041683
3.5,21,801.0,0.01702642613809761,0.0232542133
3.5,21,802.0,0.017654226730714453,0.0245133438
3.5,21,803.0,0.017236841284632844,0.0223675556
3.5,21,804.0,0.017378369991739428,0.0225672855
3.5,21,805.0,0.017808480151207517,0.024308473599999998
3.5,21,806.0,0.020273883113684815,0.0243216057
3.5,21,807.0,0.019180701079495304,0.024735814999999998
3.5,21,808.0,0.02022914564503996,0.023815629999999997
3.5,21,809.0,0.018156019719013133,0.0210741653
3.5,21,810.0,0.016693355013113215,0.0224433079
3.5,21,811.0,0.01654230792296506,0.0213969078
3.5,21,812.0,0.015069949746812184,0.0207498055
3.5,21,813.0,0.013418416060677764,0.0202689228
3.5,21,814.0,0.010498336701180852,0.016163850799999997
3.5,21,815.0,0.00895009354207558,0.0151642742
3.5,21,816.0,0.010209840045240755,0.018629390699999998
3.5,21,817.0,0.005522383293380179,0.0126571627
3.5,21,818.0,0.009774221781293134,0.0160506306
3.5,21,819.0,0.009571364138709614,0.0149847517
3.5,21,820.0,0.008536855184333121,0.015034042400000001
3.5,21,821.0,0.01636609473231591,0.020769807799999998
3.5,21,822.0,0.013415403498397338,0.0184849453
3.5,21,823.0,0.005780431587306905,0.00954172325
3.5,21,824.0,0.011134590929261242,0.016543092699999998
3.5,21,825.0,0.015775106164844427,0.0200649719
3.5,21,826.0,0.012653111874311495,0.0173538551
3.5,21,827.0,0.015895248958066554,0.0192336712
3.5,21,828.0,0.00906338864271516,0.0159375992
3.5,21,829.0,0.013740029412616636,0.0182858028
3.5,21,830.0,0.013256677906092106,0.0170415421
3.5,42,360.0,0.0,0.0302346001
3.5,42,361.0,0.0,0.0232249756
3.5,42,362.0,0.0,0.0260193176
3.5,42,363.0,0.0,0.0279090748
3.5,42,364.0,0.0,0.0295961704
3.5,42,365.0,0.0,0.0264651165
3.5,42,366.0,0.0,0.037025142700000006
3.5,42,367.0,0.0,0.0329720573
3.5,42,368.0,0.0,0.032923152899999995
3.5,42,369.0,0.0,0.0297888737
3.5,42,370.0,0.0,0.035294040699999994
3.5,42,371.0,0.0,0.0286329441
3.5,42,372.0,0.0,0.030464025500000002
3.5,42,373.0,0.0,0.030549926800000002
3.5,42,374.0,0.0,0.023198108699999997
3.5,42,375.0,0.0,0.021297847699999997
3.5,42,376.0,0.0,0.0292945766
3.5,42,377.0,0.0,0.0310189648
3.5,42,378.0,0.0,0.041359607699999995
3.5,42,379.0,0.0,0.0303911057
3.5,42,380.0,0.0,0.0292869987
3.5,42,381.0,0.0,0.0333174591
3.5,42,382.0,0.0,0.025448349000000002
3.5,42,383.0,0.0,0.0177325287
3.5,42,384.0,0.0,0.019856323199999998
3.5,42,385.0,0.0,0.0296049652
3.5,42,386.0,0.0,0.0232014942
3.5,42,387.0,0.0,0.0259445972
3.5,42,388.0,0.0,0.0260686512
3.5,42,389.0,0.0,0.0289378643
3.5,42,390.0,0.0,0.0361981049
3.5,42,391.0,0.0,0.0396421318
3.5,42,392.0,0.0,0.035843955999999996
3.5,42,393.0,0.0,0.0184002342
3.5,42,394.0,0.0,0.0206262856
3.5,42,395.0,0.0,0.035106884
3.5,42,396.0,0.0,0.035700676
3.5,42,397.0,0.0,0.0139985943
3.5,42,398.0,0.0,0.0411987267
3.5,42,399.0,0.0,0.048903106700000004
3.5,42,400.0,0.0,0.0483739281
3.5,42,401.0,0.0,0.0494543686
3.5,42,402.0,0.0,0.050632976499999996
3.5,42,403.0,0.0,0.047301341999999996
3.5,42,404.0,0.0,0.050733722700000004
3.5,42,405.0,0.0,0.0467552299
3.5,42,406.0,0.0,0.047100166299999996
3.5,42,407.0,0.0,0.0448041534
3.5,42,408.0,0.0,0.050559803
3.5,42,409.0,0.0,0.053579761499999996
3.5,42,410.0,0.0,0.043486774400000004
3.5,42,411.0,0.0,0.0519810295
3.5,42,412.0,0.0,0.054648860900000006
3.5,42,413.0,0.0,0.0505434914
3.5,42,414.0,0.0,0.0505354614
3.5,42,415.0,0.0028057686980876087,0.054101829500000004
3.5,42,416.0,0.0,0.0533127937
3.5,42,417.0,0.0,0.0523630714
3.5,42,418.0,0.0,0.0531378021
3.5,42,419.0,0.0,0.0510241013
3.5,42,420.0,0.0,0.0437814598
3.5,42,421.0,0.0,0.052484417
3.5,42,422.0,0.0,0.0511301003
3.5,42,423.0,0.00213558524236665,0.0454026337
3.5,42,424.0,0.0,0.0480834427
3.5,42,425.0,0.0,0.0486789055
3.5,42,426.0,0.0,0.0478018112
3.5,42,427.0,0.00236265817276247,0.0454563408
3.5,42,428.0,0.0,0.0468352928
3.5,42,429.0,0.0,0.0424086609
3.5,42,430.0,0.0,0.034472545599999994
3.5,42,431.0,0.0,0.029480876899999998
3.5,42,432.0,0.0,0.0539073334
3.5,42,433.0,0.0,0.0495703201
3.5,42,434.0,0.0,0.0469163094
3.5,42,435.0,0.0,0.0508365288
3.5,42,436.0,0.0,0.057282196
3.5,42,437.0,0.0,0.0561196213
3.5,42,438.0,0.0,0.0501950417
3.5,42,439.0,0.0,0.0482946892
3.5,42,440.0,0.001814251700303881,0.0542646675
3.5,42,441.0,0.002706195471574427,0.0541036491
3.5,42,442.0,0.0,0.0568909035
3.5,42,443.0,0.0019041326225912054,0.056286712600000004
3.5,42,444.0,0.0018875970945358954,0.05560952
3.5,42,445.0,0.001981285516556345,0.057757053399999994
3.5,42,446.0,0.0,0.052275272399999996
3.5,42,447.0,0.0,0.058920185099999994
3.5,42,448.0,0.0,0.060480026199999995
3.5,42,449.0,0.0,0.0612137985
3.5,42,450.0,0.0,0.062431919100000004
3.5,42,451.0,0.0,0.067165947
3.5,42,452.0,0.0,0.0625240288
3.5,42,453.0,0.0,0.0567359314
3.5,42,454.0,0.004099442591332314,0.062074710799999995
3.5,42,455.0,0.004119948759132949,0.0615978622
3.5,42,456.0,0.002106070281998497,0.0634965286
3.5,42,457.0,0.0,0.0650287628
3.5,42,458.0,0.0,0.0620649872
3.5,42,459.0,0.0,0.0624411888
3.5,42,460.0,0.0,0.0614151344
3.5,42,461.0,0.0,0.06310992430000001
3.5,42,462.0,0.0,0.06411421199999999
3.5,42,463.0,0.002077395325114928,0.0633782234
3.5,42,464.0,0.0062390604377119165,0.0637419472
3.5,42,465.0,0.002044913918533114,0.062605751
3.5,42,466.0,0.002105231444541018,0.0634845924
3.5,42,467.0,0.0,0.0613771286
3.5,42,468.0,0.002141873748641618,0.0645405197
3.5,42,469.0,0.002119887385741713,0.0640892105
3.5,42,470.0,0.0020877972209352156,0.0622862206
3.5,42,471.0,0.0020814507307573967,0.062402977
3.5,42,472.0,0.0021046529668949476,0.0632192688
3.5,42,473.0,0.0,0.0630068054
3.5,42,474.0,0.004191101570648154,0.0607732468
3.5,42,475.0,0.0021799485078835713,0.0637908859
3.5,42,476.0,0.0,0.058622776
3.5,42,477.0,0.0020942934570756595,0.060577240000000004
3.5,42,478.0,0.002193148710029934,0.0617213326
3.5,42,479.0,0.004173624729056901,0.0583095093
3.5,42,480.0,0.0021204649354499825,0.0602234154
3.5,42,481.0,0.002100950843045913,0.0620651665
3.5,42,482.0,0.0,0.0623083725
3.5,42,483.0,0.002135712864338547,0.060789989499999995
3.5,42,484.0,0.0020492450560092457,0.0608780594
3.5,42,485.0,0.0020604818272367963,0.0596100616
3.5,42,486.0,0.0016674362079881447,0.049412262
3.5,42,487.0,0.0018704709706994173,0.057342502600000005
3.5,42,488.0,0.004054272392324675,0.0598960419
3.5,42,489.0,0.0018809519304832565,0.0545360641
3.5,42,490.0,0.0,0.06395479970000001
3.5,42,491.0,0.001997285887009239,0.0583659134
3.5,42,492.0,0.005750335817238472,0.0579373512
3.5,42,493.0,0.002061649032578725,0.0611647148
3.5,42,494.0,0.005967326599644673,0.0583405647
3.5,42,495.0,0.0021236228115690645,0.064539917
3.5,42,496.0,0.0020666538895274555,0.0604184074
3.5,42,497.0,0.006009744602288148,0.059378517199999994
3.5,42,498.0,0.003908927199139951,0.056038509400000006
3.5,42,499.0,0.001948364426183093,0.0564144211
3.5,42,500.0,0.005815285126465156,0.0559143677
3.5,42,501.0,0.0,0.054401687600000005
3.5,42,502.0,0.0037602890599424225,0.051787200900000004
3.5,42,503.0,0.00597287058235089,0.0556660538
3.5,42,504.0,0.002776869943362959,0.0511516991
3.5,42,505.0,0.003991137695991978,0.0556154594
3.5,42,506.0,0.006400418076750655,0.0572502098
3.5,42,507.0,0.005946950379765292,0.0533760338
3.5,42,508.0,0.0028476853090758842,0.0524090118
3.5,42,509.0,0.004088802227706895,0.0576636963
3.5,42,510.0,0.0029674083874838522,0.0557520714
3.5,42,511.0,0.0019764224814698083,0.0554285583
3.5,42,512.0,0.006215629702995741,0.0570899048
3.5,42,513.0,0.005681912382143354,0.052877288800000005
3.5,42,514.0,0.005556095249268545,0.051991863299999996
3.5,42,515.0,0.005665536141937399,0.0518303413
3.5,42,516.0,0.005945595010614808,0.0557737694
3.5,42,517.0,0.0021882938249234247,0.0399629135
3.5,42,518.0,0.005414670849696614,0.0495239868
3.5,42,519.0,0.0017087824913103779,0.0470291367
3.5,42,520.0,0.005640080775141527,0.0522102089
3.5,42,521.0,0.005639581941420133,0.0511307373
3.5,42,522.0,0.005860205209606321,0.0530261765
3.5,42,523.0,0.0027283360003512187,0.0490567093
3.5,42,524.0,0.00591754394538587,0.053114238700000004
3.5,42,525.0,0.005867824635091689,0.0514770699
3.5,42,526.0,0.0018631124910914374,0.0497937279
3.5,42,527.0,0.004881093238426953,0.0426362
3.5,42,528.0,0.0039072350801405385,0.048642055499999996
3.5,42,529.0,0.006025872124639184,0.0512557716
3.5,42,530.0,0.002846273579913703,0.0484929466
3.5,42,531.0,0.006194779367948625,0.052082466099999995
3.5,42,532.0,0.005907760117189542,0.0491762276
3.5,42,533.0,0.005184750011036347,0.0432746201
3.5,42,534.0,0.005632506061606515,0.045356765699999996
3.5,42,535.0,0.0038269819520873457,0.0481543694
3.5,42,536.0,0.006086674742342233,0.052834426899999995
3.5,42,537.0,0.005743951599063221,0.046323791499999996
3.5,42,538.0,0.006074281711775892,0.0492713585
3.5,42,539.0,0.006089141426896701,0.0483648109
3.5,42,540.0,0.006023628541972447,0.0490432587
3.5,42,541.0,0.005356057786702814,0.0417194901
3.5,42,542.0,0.006131956696806345,0.0482075729
3.5,42,543.0,0.006051000527667016,0.046891128500000004
3.5,42,544.0,0.006450622747353554,0.0484880638
3.5,42,545.0,0.006308644539850378,0.0471210594
3.5,42,546.0,0.006089670064515096,0.0456224937
3.5,42,547.0,0.006542777288189066,0.0477557144
3.5,42,548.0,0.006284103942685459,0.0444253426
3.5,42,549.0,0.0066560686038191945,0.0455989876
3.5,42,550.0,0.0065932711457237425,0.0450282898
3.5,42,551.0,0.006666749961538911,0.0467827415
3.5,42,552.0,0.0070098988573326386,0.047838726
3.5,42,553.0,0.00683032280788321,0.04533041
3.5,42,554.0,0.007123916772680309,0.0469957237
3.5,42,555.0,0.007210443065510485,0.0460329361
3.5,42,556.0,0.00704033601083415,0.0458758316
3.5,42,557.0,0.006849857424806272,0.0428466949
3.5,42,558.0,0.007133428135139839,0.045814773600000004
3.5,42,559.0,0.006772141535104687,0.040577758799999995
3.5,42,560.0,0.006821367597618842,0.040164943700000004
3.5,42,561.0,0.0075212613873490266,0.0453553963
3.5,42,562.0,0.006936178716640689,0.0407508659
3.5,42,563.0,0.007269572177913826,0.0437084465
3.5,42,564.0,0.007180190339646907,0.0405379219
3.5,42,565.0,0.007271252661061602,0.0415716553
3.5,42,566.0,0.006717551259518683,0.0389433861
3.5,42,567.0,0.007148626474299739,0.039889961200000004
3.5,42,568.0,0.007088285853629329,0.0383651733
3.5,42,569.0,0.006429865022940912,0.0388081856
3.5,42,570.0,0.006480094357153783,0.0381008492
3.5,42,571.0,0.006335371895701437,0.0368760681
3.5,42,572.0,0.006370000031442017,0.0380701828
3.5,42,573.0,0.006568738912208739,0.037353042600000004
3.5,42,574.0,0.006340384896525342,0.0371130867
3.5,42,575.0,0.006326605325424232,0.035257503499999995
3.5,42,576.0,0.006152424257510578,0.0359833221
3.5,42,577.0,0.006387821504248652,0.035387363399999996
3.5,42,578.0,0.006482367743717522,0.0354189606
3.5,42,579.0,0.00660098743692679,0.0351644554
3.5,42,580.0,0.007004718583510408,0.03713834
3.5,42,581.0,0.007136026177836825,0.0378093948
3.5,42,582.0,0.007478656161044506,0.0385162773
3.5,42,583.0,0.00777355424474315,0.0388987083
3.5,42,584.0,0.008083718675674735,0.0384977036
3.5,42,585.0,0.008127353241404352,0.0405184288
3.5,42,586.0,0.007946294261881082,0.0364256554
3.5,42,587.0,0.008271537743126316,0.0383231697
3.5,42,588.0,0.007989274875655202,0.038332084700000005
3.5,42,589.0,0.005912331584451261,0.0309177265
3.5,42,590.0,0.006771333862926641,0.032925602
3.5,42,591.0,0.0060623977588758786,0.0352892952
3.5,42,592.0,0.006206038733240656,0.0331513023
3.5,42,593.0,0.008049908895606618,0.035575763700000006
3.5,42,594.0,0.007187986238145509,0.035269336699999994
3.5,42,595.0,0.007165961268149202,0.0355746346
3.5,42,596.0,0.0077968382187702835,0.0353465462
3.5,42,597.0,0.007846030277247916,0.0350712204
3.5,42,598.0,0.007773304617264991,0.0353920593
3.5,42,599.0,0.0083682032215966,0.0354559669
3.5,42,600.0,0.008791536504788004,0.0349872856
3.5,42,601.0,0.009085439741486387,0.035896225000000004
3.5,42,602.0,0.009148757455235752,0.0351229439
3.5,42,603.0,0.009258763321613732,0.037432281500000004
3.5,42,604.0,0.00971807775932743,0.0372859573
3.5,42,605.0,0.009783660007602302,0.037768329600000004
3.5,42,606.0,0.009815937408279553,0.0364427261
3.5,42,607.0,0.009899869870761972,0.037109065999999996
3.5,42,608.0,0.010016952544891372,0.0364999809
3.5,42,609.0,0.009973799530041605,0.0374785118
3.5,42,610.0,0.009935424357041454,0.036399520899999996
3.5,42,611.0,0.010196128909552463,0.0363626022
3.5,42,612.0,0.010216377489145386,0.036287365
3.5,42,613.0,0.010183270133573159,0.0352941513
3.5,42,614.0,0.009896328200789397,0.0352543526
3.5,42,615.0,0.010467037420204028,0.036123573299999996
3.5,42,616.0,0.010080307559298394,0.033969005600000005
3.5,42,617.0,0.010223014625315077,0.0342117958
3.5,42,618.0,0.01076127972049099,0.0365970917
3.5,42,619.0,0.010736877398268115,0.036778247800000004
3.5,42,620.0,0.010946631144926031,0.038805473300000004
3.5,42,621.0,0.011154814356855875,0.0369014511
3.5,42,622.0,0.010569352574717026,0.0357256584
3.5,42,623.0,0.010633652132127733,0.036730487799999996
3.5,42,624.0,0.010620910752489951,0.0369436798
3.5,42,625.0,0.010279515475994363,0.0350779572
3.5,42,626.0,0.010306025804287376,0.032262317699999994
3.5,42,627.0,0.010360235075938142,0.0338706703
3.5,42,628.0,0.00860747894309986,0.0312035809
3.5,42,629.0,0.00961596754476165,0.0317525005
3.5,42,630.0,0.00922010494443868,0.031076143299999998
3.5,42,631.0,0.01054311611017237,0.0357226601
3.5,42,632.0,0.010068843254059143,0.0330931931
3.5,42,633.0,0.01111781131083031,0.0356084099
3.5,42,634.0,0.011050990143494118,0.037163307199999995
3.5,42,635.0,0.011482874800860866,0.0358134804
3.5,42,636.0,0.011243353175840359,0.0346377563
3.5,42,637.0,0.011959068488222015,0.037102420799999994
3.5,42,638.0,0.012619704526215995,0.0369574051
3.5,42,639.0,0.012734300937524298,0.0378904381
3.5,42,640.0,0.012645600950395443,0.0371716232
3.5,42,641.0,0.012831487160036813,0.039270004299999994
3.5,42,642.0,0.013081167078890302,0.0374576492
3.5,42,643.0,0.013313975134969623,0.036822052
3.5,42,644.0,0.013435267411142648,0.0366574631
3.5,42,645.0,0.013497505481470343,0.0372166138
3.5,42,646.0,0.0121220055750756,0.0363536072
3.5,42,647.0,0.01140440300814276,0.0342886314
3.5,42,648.0,0.010661369756338584,0.0334930077
3.5,42,649.0,0.011910372021788325,0.0355825005
3.5,42,650.0,0.01255783531116417,0.033589035
3.5,42,651.0,0.013880607044525803,0.0379533043
3.5,42,652.0,0.012632859509709124,0.035956836699999994
3.5,42,653.0,0.013976596227275118,0.0366010323
3.5,42,654.0,0.013743536651212914,0.037952896099999994
3.5,42,655.0,0.012564672686543535,0.035245422400000004
3.5,42,656.0,0.011097345703679342,0.0298688087
3.5,42,657.0,0.012222062727256821,0.0345098457
3.5,42,658.0,0.01443468383353832,0.0366126137
3.5,42,659.0,0.015120105944874689,0.035773304000000006
3.5,42,660.0,0.015068289775973688,0.0387846336
3.5,42,661.0,0.015586485041680436,0.0364812508
3.5,42,662.0,0.015780134549900297,0.0389900932
3.5,42,663.0,0.015628886304814377,0.039340396900000005
3.5,42,664.0,0.015635649200975505,0.0368278503
3.5,42,665.0,0.015777587787976523,0.037360878
3.5,42,666.0,0.016148100714840116,0.0377360878
3.5,42,667.0,0.016044516788529965,0.0383012047
3.5,42,668.0,0.016218682472211657,0.0384447289
3.5,42,669.0,0.016606078372683616,0.0379979515
3.5,42,670.0,0.0165112862296975,0.036767498
3.5,42,671.0,0.01652913987508447,0.0374677505
3.5,42,672.0,0.016515561947309448,0.0376156578
3.5,42,673.0,0.016802472195901186,0.0379872513
3.5,42,674.0,0.0168967166113906,0.0376720009
3.5,42,675.0,0.016809978419079698,0.0378879471
3.5,42,676.0,0.017174199805555908,0.0390089684
3.5,42,677.0,0.016924448154668467,0.0369349174
3.5,42,678.0,0.017361038006122785,0.0368795815
3.5,42,679.0,0.01718875768448755,0.0368302002
3.5,42,680.0,0.01720854894947081,0.036514255499999995
3.5,42,681.0,0.017236354971966912,0.0382683334
3.5,42,682.0,0.017445262952158116,0.0387076035
3.5,42,683.0,0.017455792909499786,0.037806987800000004
3.5,42,684.0,0.017255794108974144,0.0362373352
3.5,42,685.0,0.01772080852672713,0.0374788246
3.5,42,686.0,0.01702798922490386,0.03540382
3.5,42,687.0,0.0033560353134409705,0.013126571699999999
3.5,42,688.0,0.0068156177409227515,0.019577989599999998
3.5,42,689.0,0.009924013164031598,0.0243625965
3.5,42,690.0,0.009830285768623508,0.0261487026
3.5,42,691.0,0.012686180158818422,0.0284503365
3.5,42,692.0,0.013669987934819978,0.0318308716
3.5,42,693.0,0.012613086925578956,0.031414844500000004
3.5,42,694.0,0.010761343027826486,0.0282573509
3.5,42,695.0,0.013609729302338162,0.030613510099999998
3.5,42,696.0,0.013399714756319353,0.0305268002
3.5,42,697.0,0.016973593633110434,0.036659008
3.5,42,698.0,0.016540368471912578,0.033474277499999996
3.5,42,699.0,0.014834720566703449,0.0318639431
3.5,42,700.0,0.014162068833061139,0.032106388099999994
3.5,42,701.0,0.012270815114152723,0.0290979195
3.5,42,702.0,0.013018888899672136,0.0295988922
3.5,42,703.0,0.014196615407952902,0.030181243899999998
3.5,42,704.0,0.01564508742728467,0.0322092476
3.5,42,705.0,0.015057600481943835,0.0327003708
3.5,42,706.0,0.01563224165464429,0.032320667299999994
3.5,42,707.0,0.015688604596672765,0.032200367
3.5,42,708.0,0.016813825636992644,0.0352132301
3.5,42,709.0,0.016511778097780535,0.032555488599999995
3.5,42,710.0,0.01653599776277312,0.032972332
3.5,42,711.0,0.0174953306298383,0.0337450142
3.5,42,712.0,0.017216034660340038,0.0328626022
3.5,42,713.0,0.017360430634202954,0.0333123741
3.5,42,714.0,0.01731796044726788,0.033125888799999996
3.5,42,715.0,0.014755212902366515,0.0316416931
3.5,42,716.0,0.015865924475246602,0.0325807381
3.5,42,717.0,0.01062730283982195,0.025750200299999998
3.5,42,718.0,0.008004540734499828,0.020303701400000002
3.5,42,719.0,0.005891106747138368,0.0172397099
3.5,42,720.0,0.0060441612597829245,0.0191535091
3.5,42,721.0,0.013265528296014092,0.026476997399999997
3.5,42,722.0,0.012998471704013019,0.0287742825
3.5,42,723.0,0.012598352982659296,0.0255889759
3.5,42,724.0,0.008369592136919558,0.0199027252
3.5,42,725.0,0.008048696959999773,0.0199237843
3.5,42,726.0,0.01054345334230476,0.023650003399999998
3.5,42,727.0,0.00923262190964513,0.022804824799999998
3.5,42,728.0,0.007117887924158544,0.020026411100000002
3.5,42,729.0,0.006440864077260368,0.019813171400000003
3.5,42,730.0,0.010616523255002123,0.024291441
3.5,42,731.0,0.008484800559836697,0.0213543758
3.5,42,732.0,0.008908726319104287,0.023330389
3.5,42,733.0,0.01293083352407223,0.026998951
3.5,42,734.0,0.0170219883366132,0.0310366135
3.5,42,735.0,0.014953358879717276,0.0274312401
3.5,42,736.0,0.015770521236379745,0.0287548141
3.5,42,737.0,0.015976863712745534,0.0301879597
3.5,42,738.0,0.016709013963503907,0.0312992516
3.5,42,739.0,0.0166498750222857,0.028102067900000003
3.5,42,740.0,0.01802375598246052,0.0300943661
3.5,42,741.0,0.019211836384094936,0.0305837326
3.5,42,742.0,0.019339082968522957,0.0288425541
3.5,42,743.0,0.01987150083458222,0.0305541267
3.5,42,744.0,0.02046070458695186,0.0325862808
3.5,42,745.0,0.02044423704865503,0.0311157398
3.5,42,746.0,0.021013489344673664,0.0313603821
3.5,42,747.0,0.021308436816640786,0.031772296900000004
3.5,42,748.0,0.02102566254555399,0.031757898300000004
3.5,42,749.0,0.02109115444199035,0.0308372898
3.5,42,750.0,0.0208876083550265,0.0298765659
3.5,42,751.0,0.020845402752461772,0.0307495079
3.5,42,752.0,0.021430090439119323,0.0299502335
3.5,42,753.0,0.021288425715866657,0.0321235924
3.5,42,754.0,0.021664125387697672,0.0335904503
3.5,42,755.0,0.021582559044510546,0.0307946548
3.5,42,756.0,0.021191014102146178,0.030622356400000002
3.5,42,757.0,0.02151403034952356,0.032685905499999994
3.5,42,758.0,0.021657623351945977,0.030598768199999998
3.5,42,759.0,0.019138132116023266,0.027563749300000003
3.5,42,760.0,0.0,0.00160997486
3.5,42,761.0,0.0,0.00049296546
3.5,42,762.0,0.0042512525806596225,0.00889597797
3.5,42,763.0,0.0,0.00394793415
3.5,42,764.0,0.0018560165873568507,0.0066709523199999995
3.5,42,765.0,0.0051081766508570105,0.0119421711
3.5,42,766.0,0.010089123517844084,0.0180377846
3.5,42,767.0,0.011848812994365878,0.019810296999999998
3.5,42,768.0,0.01824854268778474,0.0274968472
3.5,42,769.0,0.018485718705819238,0.028107748000000002
3.5,42,770.0,0.019623252687126443,0.0273161221
3.5,42,771.0,0.02079864012061493,0.0292185421
3.5,42,772.0,0.021735029481357956,0.0286362877
3.5,42,773.0,0.021687907273613253,0.030082386
3.5,42,774.0,0.02192316996937019,0.0293306675
3.5,42,775.0,0.021154358544407646,0.0273174591
3.5,42,776.0,0.02210332347695508,0.0304464684
3.5,42,777.0,0.022063187725123282,0.0279690094
3.5,42,778.0,0.02201350752252353,0.0298931522
3.5,42,779.0,0.02214906702553147,0.029107604999999998
3.5,42,780.0,0.021928084682045445,0.028800470399999997
3.5,42,781.0,0.022002854613423235,0.0285540123
3.5,42,782.0,0.022304257541106397,0.0283130932
3.5,42,783.0,0.02188066065032128,0.0282977486
3.5,42,784.0,0.0217817641529737,0.0278816051
3.5,42,785.0,0.02171285915478902,0.0265688343
3.5,42,786.0,0.02055637979706235,0.0276625538
3.5,42,787.0,0.020140507133790418,0.0267270641
3.5,42,788.0,0.01910068848268788,0.0263835545
3.5,42,789.0,0.019394283363213072,0.0259210663
3.5,42,790.0,0.017567162539202433,0.025393779800000002
3.5,42,791.0,0.017853649843512277,0.024240470899999998
3.5,42,792.0,0.018094872463989845,0.0246100559
3.5,42,793.0,0.019140988210896864,0.0248970623
3.5,42,794.0,0.0211991482095538,0.025985542299999997
3.5,42,795.0,0.019308834455008608,0.0245984173
3.5,42,796.0,0.015867984985552985,0.021686933499999998
3.5,42,797.0,0.018608942985122924,0.024053827299999997
3.5,42,798.0,0.019200672987107054,0.023999175999999997
3.5,42,799.0,0.019480363879607564,0.0250726299
3.5,42,800.0,0.017528548849558317,0.023849756200000002
3.5,42,801.0,0.01702642613809761,0.0220236797
3.5,42,802.0,0.017654226730714453,0.0251956692
3.5,42,803.0,0.017236841284632844,0.0226794548
3.5,42,804.0,0.017378369991739428,0.0239947834
3.5,42,805.0,0.017808480151207517,0.024423891099999998
3.5,42,806.0,0.020273883113684815,0.0261155834
3.5,42,807.0,0.019180701079495304,0.0235739422
3.5,42,808.0,0.02022914564503996,0.0247479496
3.5,42,809.0,0.018156019719013133,0.0228279762
3.5,42,810.0,0.016693355013113215,0.0211537552
3.5,42,811.0,0.01654230792296506,0.0231952553
3.5,42,812.0,0.015069949746812184,0.020812042200000002
3.5,42,813.0,0.013418416060677764,0.0186671162
3.5,42,814.0,0.010498336701180852,0.0184633045
3.5,42,815.0,0.00895009354207558,0.0150737362
3.5,42,816.0,0.010209840045240755,0.0166290817
3.5,42,817.0,0.005522383293380179,0.0117979736
3.5,42,818.0,0.009774221781293134,0.0157118902
3.5,42,819.0,0.009571364138709614,0.0162049026
3.5,42,820.0,0.008536855184333121,0.0144376631
3.5,42,821.0,0.01636609473231591,0.0219007874
3.5,42,822.0,0.013415403498397338,0.0185223637
3.5,42,823.0,0.005780431587306905,0.010942503000000001
3.5,42,824.0,0.011134590929261242,0.017729393000000003
3.5,42,825.0,0.015775106164844427,0.0194398346
3.5,42,826.0,0.012653111874311495,0.018570526099999998
3.5,42,827.0,0.015895248958066554,0.020633316000000002
3.5,42,828.0,0.00906338864271516,0.015626936
3.5,42,829.0,0.013740029412616636,0.017331499099999998
3.5,42,830.0,0.013256677906092106,0.0185762215
5,21,360.0,0.0,0.0406689415
5,21,361.0,0.0,0.0314115582
5,21,362.0,0.0,0.037136665299999996
5,21,363.0,0.0,0.0400389442
5,21,364.0,0.0,0.0404514885
5,21,365.0,0.0,0.0371396713
5,21,366.0,0.0,0.0516936874
5,21,367.0,0.0,0.0466452103
5,21,368.0,0.0,0.0428430595
5,21,369.0,0.0,0.041818882
5,21,370.0,0.0,0.049349914599999996
5,21,371.0,0.0,0.0405355606
5,21,372.0,0.0,0.0428185997
5,21,373.0,0.0,0.0420947342
5,21,374.0,0.0,0.032457260099999996
5,21,375.0,0.0,0.0295064697
5,21,376.0,0.0,0.042400142700000004
5,21,377.0,0.0,0.0437144241
5,21,378.0,0.0,0.05565306850000001
5,21,379.0,0.0,0.0431375084
5,21,380.0,0.0,0.0413495903
5,21,381.0,0.0,0.045318038899999996
5,21,382.0,0.0,0.0335994606
5,21,383.0,0.0,0.0242738228
5,21,384.0,0.0,0.0267701569
5,21,385.0,0.0,0.0398339462
5,21,386.0,0.0,0.0311667519
5,21,387.0,0.0,0.035638546
5,21,388.0,0.0,0.0354417191
5,21,389.0,0.0,0.040712142900000005
5,21,390.0,0.002788479406357355,0.0492881546
5,21,391.0,0.0,0.0552278214
5,21,392.0,0.0,0.0488235168
5,21,393.0,0.0,0.026371095700000003
5,21,394.0,0.0,0.029684988
5,21,395.0,0.0,0.0491585312
5,21,396.0,0.002797871762405705,0.0490108223
5,21,397.0,0.0,0.0205586834
5,21,398.0,0.0,0.055657348599999996
5,21,399.0,0.0,0.06955536650000001
5,21,400.0,0.0,0.0671809006
5,21,401.0,0.0,0.0672171478
5,21,402.0,0.0,0.0709516144
5,21,403.0,0.0,0.0662398453
5,21,404.0,0.0,0.07149430080000001
5,21,405.0,0.0035494414256317234,0.0647554855
5,21,406.0,0.0,0.0640784683
5,21,407.0,0.0,0.0619024315
5,21,408.0,0.0,0.0699207535
5,21,409.0,0.0,0.07349872589999999
5,21,410.0,0.0,0.06255698009999999
5,21,411.0,0.003959639353645674,0.0741271439
5,21,412.0,0.0027263896203616263,0.0756739273
5,21,413.0,0.0038507595103681315,0.06797233579999999
5,21,414.0,0.002512054727433384,0.07018351749999999
5,21,415.0,0.0,0.074618576
5,21,416.0,0.002645596072523062,0.07341084290000001
5,21,417.0,0.003835437835838193,0.0717873306
5,21,418.0,0.007480648039760997,0.0696882095
5,21,419.0,0.007640591386845481,0.071400322
5,21,420.0,0.003223758412644602,0.0599808807
5,21,421.0,0.0026845391060844616,0.0770151215
5,21,422.0,0.0,0.0700023651
5,21,423.0,0.006478430147977816,0.0604659004
5,21,424.0,0.0,0.0662456055
5,21,425.0,0.0036686571904597505,0.0675097733
5,21,426.0,0.00703315697997373,0.0661223068
5,21,427.0,0.0,0.0625708656
5,21,428.0,0.0034060582187504748,0.0633818092
5,21,429.0,0.0030902882127877293,0.0584910278
5,21,430.0,0.0,0.047009376500000005
5,21,431.0,0.0,0.0402570457
5,21,432.0,0.0026393836547578798,0.0759513626
5,21,433.0,0.0023433036824540513,0.06666361999999999
5,21,434.0,0.0,0.060451351199999996
5,21,435.0,0.0,0.0672066727
5,21,436.0,0.007999177897760133,0.07492298889999999
5,21,437.0,0.0,0.07551942440000001
5,21,438.0,0.0023996804269438197,0.06794322200000001
5,21,439.0,0.0,0.0639568596
5,21,440.0,0.0025901103560536996,0.07227989959999999
5,21,441.0,0.0,0.0742065125
5,21,442.0,0.0027064608671233236,0.0777217026
5,21,443.0,0.0,0.0780760727
5,21,444.0,0.005389643324347323,0.0764956665
5,21,445.0,0.008485726539901494,0.0796055222
5,21,446.0,0.003768980518693042,0.07161036679999999
5,21,447.0,0.004289154116569251,0.0808373184
5,21,448.0,0.005800079300841441,0.08252622220000001
5,21,449.0,0.005825218224381199,0.08130059049999999
5,21,450.0,0.005937942455177895,0.0851341553
5,21,451.0,0.009603785247255135,0.0917752304
5,21,452.0,0.008908241544085475,0.08706277470000001
5,21,453.0,0.0,0.0767410278
5,21,454.0,0.005852555468504706,0.082806015
5,21,455.0,0.00882274550814696,0.0815066681
5,21,456.0,0.009020171829643611,0.08631797790000001
5,21,457.0,0.009054234995737421,0.086665863
5,21,458.0,0.005919402441544533,0.0844558945
5,21,459.0,0.0029541801833675796,0.0836616821
5,21,460.0,0.008770210815402439,0.082304718
5,21,461.0,0.006048428482922961,0.0867950668
5,21,462.0,0.008909946484725104,0.0839807663
5,21,463.0,0.008897359103734516,0.0825695648
5,21,464.0,0.005938116008408429,0.083811348
5,21,465.0,0.0029194144984093524,0.08234066009999999
5,21,466.0,0.00901657918277181,0.08289888000000001
5,21,467.0,0.0028934659938907857,0.0810207062
5,21,468.0,0.009173516258106123,0.0860629501
5,21,469.0,0.006052900234909559,0.0859441147
5,21,470.0,0.008941909807508894,0.0831933975
5,21,471.0,0.005943152303003102,0.083646286
5,21,472.0,0.009014101606472723,0.0856217575
5,21,473.0,0.008909144564736082,0.0818010025
5,21,474.0,0.008975117191364665,0.08232100680000001
5,21,475.0,0.006224392354145029,0.0858472748
5,21,476.0,0.009052920425669558,0.08124427029999999
5,21,477.0,0.008969732448110487,0.08052520749999999
5,21,478.0,0.009393123890443538,0.0826586456
5,21,479.0,0.008963615596617229,0.0802423248
5,21,480.0,0.009413607494571322,0.0810737839
5,21,481.0,0.009731867757993723,0.0840249786
5,21,482.0,0.010250112974052622,0.08448771669999999
5,21,483.0,0.010547903578266082,0.0840947266
5,21,484.0,0.010303186289287322,0.0810711288
5,21,485.0,0.010491626505083718,0.0820726547
5,21,486.0,0.008585005568025182,0.0670289688
5,21,487.0,0.009863103389193438,0.073712532
5,21,488.0,0.010849924460765284,0.0796461716
5,21,489.0,0.0101989999657838,0.07341956329999999
5,21,490.0,0.011846171164448058,0.08397435
5,21,491.0,0.01121583337883803,0.0782497482
5,21,492.0,0.010932932287404095,0.073996933
5,21,493.0,0.011943448739379718,0.0804984741
5,21,494.0,0.011670388838638133,0.078620018
5,21,495.0,0.012604695786220747,0.0832976532
5,21,496.0,0.012401374075973158,0.0788993301
5,21,497.0,0.012192892397131937,0.0795523453
5,21,498.0,0.012020711346612345,0.0764060364
5,21,499.0,0.012155166075170445,0.0747054214
5,21,500.0,0.01223069986108993,0.074431015
5,21,501.0,0.011988296644236864,0.0726239243
5,21,502.0,0.01180713750634535,0.06935568240000001
5,21,503.0,0.012399977666662855,0.0724765701
5,21,504.0,0.011086310619450536,0.06731673429999999
5,21,505.0,0.012769869602179169,0.074565506
5,21,506.0,0.01369197091092443,0.07855422969999999
5,21,507.0,0.01270291629913319,0.07282046510000001
5,21,508.0,0.012721541394202621,0.06946157839999999
5,21,509.0,0.01395241414634586,0.07371023560000001
5,21,510.0,0.013847021587362713,0.0720627975
5,21,511.0,0.014013339060977471,0.072110878
5,21,512.0,0.01484844952564035,0.0758313675
5,21,513.0,0.013897701082967107,0.0706456833
5,21,514.0,0.013707989439195507,0.0690235825
5,21,515.0,0.01421165506829609,0.0702595291
5,21,516.0,0.015045722888808481,0.07241088100000001
5,21,517.0,0.011237933460526551,0.0539538841
5,21,518.0,0.013970084363097752,0.06579028320000001
5,21,519.0,0.013385494801167455,0.0595091324
5,21,520.0,0.014810453195187825,0.06734239959999999
5,21,521.0,0.014997094080675198,0.0675003128
5,21,522.0,0.01565864042033682,0.0696357574
5,21,523.0,0.014687720216783346,0.063675499
5,21,524.0,0.016014496707885312,0.0692929993
5,21,525.0,0.01587165707394043,0.068030777
5,21,526.0,0.015263075017679331,0.06584318539999999
5,21,527.0,0.013362792298985056,0.055289504999999996
5,21,528.0,0.01612269664049811,0.0681478043
5,21,529.0,0.01660505347489857,0.06911409
5,21,530.0,0.01575265314114515,0.0646625519
5,21,531.0,0.017290113562396087,0.06931372829999999
5,21,532.0,0.016600462633305082,0.06685982509999999
5,21,533.0,0.01470025173094283,0.0587679749
5,21,534.0,0.01615822071115185,0.0614705276
5,21,535.0,0.016583432052549217,0.0647928467
5,21,536.0,0.017789179198550192,0.0669338989
5,21,537.0,0.016710070915564933,0.0642065811
5,21,538.0,0.01761911672982531,0.06420860290000001
5,21,539.0,0.01763249940696847,0.0646637573
5,21,540.0,0.01739496357688063,0.0624430885
5,21,541.0,0.015598672998695039,0.0587463951
5,21,542.0,0.017723177984837985,0.0648366776
5,21,543.0,0.01733741647021495,0.0620673065
5,21,544.0,0.018430238535010066,0.0628282852
5,21,545.0,0.018055955344551154,0.0632006721
5,21,546.0,0.017496141632767474,0.0591310959
5,21,547.0,0.018648121268042765,0.0634953041
5,21,548.0,0.017743250039548516,0.058707908600000004
5,21,549.0,0.018759883953107594,0.0610861511
5,21,550.0,0.01852391875665981,0.0603025703
5,21,551.0,0.0186441688422649,0.059244335200000005
5,21,552.0,0.019562704609574353,0.061903430899999994
5,21,553.0,0.01898781800932841,0.0597326508
5,21,554.0,0.01975436322548319,0.060801548
5,21,555.0,0.019946443413719702,0.061775600400000005
5,21,556.0,0.01944696422356626,0.059629157999999995
5,21,557.0,0.018896088768980066,0.056391674
5,21,558.0,0.019651651751458447,0.0589118767
5,21,559.0,0.018622593961082172,0.0556473465
5,21,560.0,0.0187333712633195,0.055561584500000004
5,21,561.0,0.02062873604491775,0.0594126549
5,21,562.0,0.01899539437088972,0.053411907200000004
5,21,563.0,0.019889397714042047,0.0573085632
5,21,564.0,0.019626331962321338,0.0567258453
5,21,565.0,0.01986583332871962,0.0555782623
5,21,566.0,0.018342631935605175,0.052077083600000004
5,21,567.0,0.0195637712215541,0.0528360748
5,21,568.0,0.019438676322521154,0.0529016762
5,21,569.0,0.018031351016906262,0.0513847923
5,21,570.0,0.018135401726074068,0.0498211212
5,21,571.0,0.017644029501643784,0.0485056534
5,21,572.0,0.018006887620097393,0.0509143791
5,21,573.0,0.01846077546690805,0.0493865051
5,21,574.0,0.017964251379368208,0.050454856900000004
5,21,575.0,0.017814994991019278,0.048758419000000004
5,21,576.0,0.017381102066086816,0.047064903299999995
5,21,577.0,0.01806528850441903,0.049355110199999996
5,21,578.0,0.01811649860418527,0.047739158600000005
5,21,579.0,0.018324389890025116,0.0471980705
5,21,580.0,0.019314162665136598,0.0502554245
5,21,581.0,0.01949030267811476,0.0504615822
5,21,582.0,0.020263150300339112,0.0506264114
5,21,583.0,0.020894700945265222,0.051270546
5,21,584.0,0.02150538694115625,0.0521422653
5,21,585.0,0.021558808705050454,0.0512326927
5,21,586.0,0.020964976363757513,0.0492066002
5,21,587.0,0.021827545070861556,0.0514351845
5,21,588.0,0.021292884942213566,0.0498393707
5,21,589.0,0.016967748002023043,0.041137309999999996
5,21,590.0,0.016826141186059327,0.043008491499999996
5,21,591.0,0.019148222837355167,0.046489700300000006
5,21,592.0,0.016661353034262562,0.043406101200000005
5,21,593.0,0.021066884610457092,0.0491828384
5,21,594.0,0.019914571255842825,0.0445424576
5,21,595.0,0.01954657304030493,0.046757782
5,21,596.0,0.020850843826891625,0.048811752300000004
5,21,597.0,0.020980058665039995,0.0480630608
5,21,598.0,0.020692171829342177,0.047191959400000004
5,21,599.0,0.021817392734167593,0.0477547226
5,21,600.0,0.022574034268962477,0.047949005100000004
5,21,601.0,0.023077451242729,0.0488461456
5,21,602.0,0.02313823784119687,0.0472239037
5,21,603.0,0.023381748894696,0.047097911799999996
5,21,604.0,0.024422955236898126,0.0491841507
5,21,605.0,0.024528708184877533,0.049940918
5,21,606.0,0.024529093849039195,0.0489698181
5,21,607.0,0.024657864541522516,0.048561199199999995
5,21,608.0,0.02486668403602263,0.047441852599999994
5,21,609.0,0.024726284762874685,0.0478171577
5,21,610.0,0.02456608344350724,0.0475008507
5,21,611.0,0.025155980528703645,0.0466698875
5,21,612.0,0.025122722681672826,0.0478261871
5,21,613.0,0.02498073551804776,0.0470022697
5,21,614.0,0.024234166572442227,0.0447648201
5,21,615.0,0.02558206970274196,0.0485532303
5,21,616.0,0.024573868630228177,0.0426919861
5,21,617.0,0.024881448480311312,0.045424984
5,21,618.0,0.026166522255844666,0.0481352043
5,21,619.0,0.02607879468426884,0.046300712599999995
5,21,620.0,0.026574950451639826,0.046906723
5,21,621.0,0.02708501156914323,0.046936485300000004
5,21,622.0,0.025669180211659138,0.0466176033
5,21,623.0,0.025859687151583308,0.046319862399999995
5,21,624.0,0.02585487292982115,0.0465504074
5,21,625.0,0.025078889443972744,0.0431223564
5,21,626.0,0.02516876610185324,0.044909652700000004
5,21,627.0,0.025423022674031476,0.0451002655
5,21,628.0,0.020932625459385717,0.0398005638
5,21,629.0,0.024085056518585363,0.0446220245
5,21,630.0,0.02323817915709412,0.040694046
5,21,631.0,0.025901887177820042,0.044455246000000004
5,21,632.0,0.02460004620618541,0.042781517
5,21,633.0,0.026932292134511964,0.047636734
5,21,634.0,0.02660952757514862,0.044745655100000004
5,21,635.0,0.027493293430446323,0.0470373688
5,21,636.0,0.02684157764847643,0.0450546684
5,21,637.0,0.028360206851326338,0.0460461693
5,21,638.0,0.02961505754279134,0.0489913521
5,21,639.0,0.029769082831916194,0.0476227036
5,21,640.0,0.029386148649587898,0.0452667351
5,21,641.0,0.029823866404290834,0.0472984505
5,21,642.0,0.03014552713617228,0.045900600400000005
5,21,643.0,0.030699948086373448,0.045747360200000003
5,21,644.0,0.030816502419863064,0.0457302094
5,21,645.0,0.031029146656977907,0.0480226746
5,21,646.0,0.028467470556950532,0.0458514595
5,21,647.0,0.027140159452522558,0.0424385071
5,21,648.0,0.026031745748284343,0.0429046021
5,21,649.0,0.02802369390932326,0.0437963142
5,21,650.0,0.028885846273444198,0.04186903
5,21,651.0,0.03171051901068829,0.0463039284
5,21,652.0,0.0295546112874989,0.046619812000000004
5,21,653.0,0.03189122999375059,0.0461352196
5,21,654.0,0.03143247336568282,0.045678409600000004
5,21,655.0,0.02830409607130114,0.041285285899999996
5,21,656.0,0.025433560762042833,0.0377584152
5,21,657.0,0.027834708360044494,0.0397305946
5,21,658.0,0.03243739232723623,0.0442865372
5,21,659.0,0.03357233196893543,0.0453204155
5,21,660.0,0.03356075132392932,0.046003334
5,21,661.0,0.03443163050541584,0.0474920578
5,21,662.0,0.03487129775977256,0.0503087502
5,21,663.0,0.03454649053126644,0.0489518661
5,21,664.0,0.03440877495774918,0.046700878099999996
5,21,665.0,0.034687977595239616,0.0457326012
5,21,666.0,0.03540101999265944,0.0478654175
5,21,667.0,0.0350605546248785,0.045615451800000005
5,21,668.0,0.03539590264322401,0.047103500400000005
5,21,669.0,0.036165273884337386,0.046481639899999996
5,21,670.0,0.0359027666266162,0.0475149536
5,21,671.0,0.035847046914408716,0.047127166699999994
5,21,672.0,0.03579458534533236,0.044785144799999996
5,21,673.0,0.03633302899192877,0.0478217621
5,21,674.0,0.036504159379969536,0.0460622177
5,21,675.0,0.036232991891870237,0.0455463066
5,21,676.0,0.03699333850444506,0.0457927666
5,21,677.0,0.036409053551835664,0.0452096672
5,21,678.0,0.037271735299938054,0.0459836006
5,21,679.0,0.03686673293492307,0.0469481201
5,21,680.0,0.03684172028262341,0.0455656319
5,21,681.0,0.03690915372665619,0.0450846863
5,21,682.0,0.037236155362453206,0.0447518806
5,21,683.0,0.03733124524108616,0.0428332596
5,21,684.0,0.03686896176873236,0.0452769279
5,21,685.0,0.03770074750327665,0.045506290399999996
5,21,686.0,0.0362310369885604,0.043120224
5,21,687.0,0.009317094624126531,0.0170671825
5,21,688.0,0.016911098599507658,0.0250792484
5,21,689.0,0.022935972109928413,0.0310698299
5,21,690.0,0.023979327451279467,0.0330577164
5,21,691.0,0.02812419642104807,0.035373729699999995
5,21,692.0,0.031026058641856622,0.0391392136
5,21,693.0,0.028906754848973624,0.0363563843
5,21,694.0,0.024297051794039713,0.0335992508
5,21,695.0,0.02973289385010103,0.0365625191
5,21,696.0,0.029586709527372464,0.0378941231
5,21,697.0,0.03643177339801087,0.0422311058
5,21,698.0,0.0355789115745996,0.0430893936
5,21,699.0,0.0320459282123652,0.0392302628
5,21,700.0,0.032059349499502406,0.0388765907
5,21,701.0,0.02777233648577179,0.034862018599999996
5,21,702.0,0.028815085484620546,0.0366581535
5,21,703.0,0.03161715804052423,0.038575340300000004
5,21,704.0,0.032909514288454345,0.0376507378
5,21,705.0,0.03253657556248306,0.0386383553
5,21,706.0,0.0338724911176138,0.0376131859
5,21,707.0,0.03413229332254732,0.0390116844
5,21,708.0,0.03618895654000272,0.0406813049
5,21,709.0,0.035356168078638124,0.038794029199999996
5,21,710.0,0.03562885965921086,0.038443004600000004
5,21,711.0,0.03702163326770511,0.040200790400000005
5,21,712.0,0.03630067808755698,0.037247673
5,21,713.0,0.036647981782069634,0.0407459488
5,21,714.0,0.03674113793623825,0.0389025917
5,21,715.0,0.03204640695886012,0.0363041878
5,21,716.0,0.034113810465650055,0.0371890488
5,21,717.0,0.02298763568102417,0.0299628391
5,21,718.0,0.019273220557734942,0.0259493713
5,21,719.0,0.013933074809964615,0.0213299751
5,21,720.0,0.015279479210112065,0.0242627544
5,21,721.0,0.02846701037462883,0.0337071075
5,21,722.0,0.02926122936937659,0.0322020683
5,21,723.0,0.027523793146842154,0.0324975357
5,21,724.0,0.018367488927748293,0.024430397
5,21,725.0,0.018580267559018458,0.024555204400000002
5,21,726.0,0.023004450812783964,0.027905201
5,21,727.0,0.020780577646908063,0.0257831821
5,21,728.0,0.017068391531739613,0.024349441500000003
5,21,729.0,0.015401043168539073,0.0232287197
5,21,730.0,0.023194635886550165,0.0288145294
5,21,731.0,0.019250012639400356,0.026771400499999997
5,21,732.0,0.020220257298791792,0.0273301544
5,21,733.0,0.02874407194414293,0.033314846
5,21,734.0,0.035603267159754697,0.0362598724
5,21,735.0,0.03110533881737811,0.0325820503
5,21,736.0,0.033347130855339954,0.0333831329
5,21,737.0,0.03373806035688495,0.036345848099999994
5,21,738.0,0.035114814129772,0.0332051163
5,21,739.0,0.034579184567797426,0.036862811999999995
5,21,740.0,0.03718982990628926,0.0347618141
5,21,741.0,0.0388676923896719,0.0368320656
5,21,742.0,0.03888186365197544,0.0376730804
5,21,743.0,0.03997208446647251,0.0362969971
5,21,744.0,0.04093768381193125,0.0376723976
5,21,745.0,0.04061510811906244,0.036013267499999994
5,21,746.0,0.041598022608777104,0.0371914253
5,21,747.0,0.04220954111632286,0.037090286300000004
5,21,748.0,0.04159064705404709,0.0386027718
5,21,749.0,0.041689723959287765,0.0371554298
5,21,750.0,0.04123748117712148,0.0357031708
5,21,751.0,0.041152660685345,0.0374136505
5,21,752.0,0.0421761714484741,0.0371127701
5,21,753.0,0.041867801618738695,0.0348440857
5,21,754.0,0.042589839447523245,0.0382415466
5,21,755.0,0.04241320857340193,0.0377192764
5,21,756.0,0.04163083099364258,0.036055954
5,21,757.0,0.04217880729960201,0.034617321
5,21,758.0,0.04239039564489347,0.0365402336
5,21,759.0,0.03808326673711372,0.0336997375
5,21,760.0,0.0,0.0021601491
5,21,761.0,0.0,0.000689524472
5,21,762.0,0.009561971495270261,0.0116474686
5,21,763.0,0.0028564813934467965,0.00635740089
5,21,764.0,0.007006633631038298,0.00870093346
5,21,765.0,0.012555211893095367,0.0141921444
5,21,766.0,0.02243504465279773,0.0221868439
5,21,767.0,0.025100699645660886,0.0243451786
5,21,768.0,0.03641863144502918,0.0308532314
5,21,769.0,0.03751635279559136,0.0334814796
5,21,770.0,0.03872465194889573,0.0319715805
5,21,771.0,0.040803904714690926,0.033935436199999995
5,21,772.0,0.04209419702747704,0.033058567
5,21,773.0,0.041980850373943515,0.034954009999999994
5,21,774.0,0.042431478683131144,0.032849033400000005
5,21,775.0,0.0409130169936188,0.0318860855
5,21,776.0,0.04270845239965656,0.0340513229
5,21,777.0,0.04257497120074495,0.0334844017
5,21,778.0,0.04244611544425671,0.0338135605
5,21,779.0,0.042677803734096374,0.0344128494
5,21,780.0,0.0422275478413975,0.0334579391
5,21,781.0,0.04232018803356904,0.032153476699999996
5,21,782.0,0.04289036552187859,0.0322579041
5,21,783.0,0.04202937015024261,0.0336441612
5,21,784.0,0.0419647241211744,0.033665336600000005
5,21,785.0,0.04191146725594547,0.0333026466
5,21,786.0,0.04009928321797964,0.0311351795
5,21,787.0,0.03971644743448491,0.0321254997
5,21,788.0,0.03770408818289616,0.029103584300000002
5,21,789.0,0.03828695816202205,0.030502512
5,21,790.0,0.034995820829977334,0.0287086754
5,21,791.0,0.03552853799565225,0.0287655487
5,21,792.0,0.035874796344186395,0.028239378
5,21,793.0,0.03763835967950301,0.0305880527
5,21,794.0,0.04066554549601348,0.0308040257
5,21,795.0,0.03797593653165781,0.028842144
5,21,796.0,0.03183677892053454,0.026982469600000003
5,21,797.0,0.036846489270555075,0.0284393311
5,21,798.0,0.037779857376476815,0.0287821655
5,21,799.0,0.03848549493483704,0.0296601791
5,21,800.0,0.034869215173299606,0.025846717800000002
5,21,801.0,0.03407118477076575,0.0273032703
5,21,802.0,0.03536011527507142,0.026705587399999998
5,21,803.0,0.03456749218912912,0.0260505924
5,21,804.0,0.03483165906650369,0.0278022232
5,21,805.0,0.03521019397556107,0.026516372700000002
5,21,806.0,0.03944122650710189,0.0298261852
5,21,807.0,0.037569694724825214,0.0288925686
5,21,808.0,0.039257416963073416,0.0286114807
5,21,809.0,0.03579080043289206,0.0294506168
5,21,810.0,0.033575816281218994,0.0253781948
5,21,811.0,0.033527549256573856,0.0277770824
5,21,812.0,0.03082828788086463,0.0232866936
5,21,813.0,0.028013956433964784,0.0216809673
5,21,814.0,0.021904262518923294,0.0203560963
5,21,815.0,0.019763097974021364,0.018039512599999998
5,21,816.0,0.022264064521257457,0.0190779762
5,21,817.0,0.013920931574639066,0.014585395800000001
5,21,818.0,0.020748913006854674,0.017635461800000002
5,21,819.0,0.020990493037717484,0.016614898700000002
5,21,820.0,0.018668245180420227,0.0167951279
5,21,821.0,0.03278042172981305,0.0250707207
5,21,822.0,0.027092884521697117,0.021912035
5,21,823.0,0.011507020976825183,0.0122395658
5,21,824.0,0.024189913069750615,0.0192728577
5,21,825.0,0.03171659664209731,0.0246204643
5,21,826.0,0.026166985052838654,0.019480791100000002
5,21,827.0,0.031105096785880505,0.024312732700000003
5,21,828.0,0.020157079495365902,0.01680369
5,21,829.0,0.02794013151069335,0.0212555695
5,21,830.0,0.026748088907993503,0.021188285799999998
5,42,360.0,0.0,0.0413328743
5,42,361.0,0.0,0.0320861015
5,42,362.0,0.0,0.0361162643
5,42,363.0,0.0,0.0392176781
5,42,364.0,0.0,0.0403695641
5,42,365.0,0.0,0.0363871994
5,42,366.0,0.0,0.0520428085
5,42,367.0,0.0,0.0451366234
5,42,368.0,0.0,0.0436824837
5,42,369.0,0.0,0.042091419199999994
5,42,370.0,0.0,0.048789779699999994
5,42,371.0,0.0,0.0404460373
5,42,372.0,0.0,0.041715110799999996
5,42,373.0,0.0,0.0427326012
5,42,374.0,0.0,0.030306833300000002
5,42,375.0,0.0,0.030756813
5,42,376.0,0.0,0.0430123596
5,42,377.0,0.0,0.0444223328
5,42,378.0,0.0,0.057197105399999996
5,42,379.0,0.0,0.0445429573
5,42,380.0,0.0,0.0400375595
5,42,381.0,0.0,0.0441807709
5,42,382.0,0.0,0.0341714249
5,42,383.0,0.0,0.024258443799999998
5,42,384.0,0.0,0.0274673939
5,42,385.0,0.0,0.039836570700000004
5,42,386.0,0.0,0.031089817
5,42,387.0,0.0,0.0365098267
5,42,388.0,0.0,0.0359218636
5,42,389.0,0.0,0.04082313160000001
5,42,390.0,0.002788479406357355,0.0496563492
5,42,391.0,0.0,0.054866779299999995
5,42,392.0,0.0,0.0487763634
5,42,393.0,0.0,0.025991855600000002
5,42,394.0,0.0,0.0296561584
5,42,395.0,0.0,0.047954601300000003
5,42,396.0,0.002797871762405705,0.0484556732
5,42,397.0,0.0,0.0199366264
5,42,398.0,0.0,0.057971305800000004
5,42,399.0,0.0,0.067010704
5,42,400.0,0.0,0.06808979030000001
5,42,401.0,0.0,0.06446510309999999
5,42,402.0,0.0,0.0724642639
5,42,403.0,0.0,0.0658079987
5,42,404.0,0.0,0.0710790939
5,42,405.0,0.0035494414256317234,0.065854805
5,42,406.0,0.0,0.0629783401
5,42,407.0,0.0,0.062342021899999996
5,42,408.0,0.0,0.0687699203
5,42,409.0,0.0,0.0750001373
5,42,410.0,0.0,0.061737571699999994
5,42,411.0,0.003959639353645674,0.07282382200000001
5,42,412.0,0.0027263896203616263,0.07593878170000001
5,42,413.0,0.0038507595103681315,0.0713027267
5,42,414.0,0.002512054727433384,0.06943305970000001
5,42,415.0,0.0,0.0731830444
5,42,416.0,0.002645596072523062,0.0737148514
5,42,417.0,0.003835437835838193,0.0683977661
5,42,418.0,0.007480648039760997,0.0694825821
5,42,419.0,0.007640591386845481,0.0706465378
5,42,420.0,0.003223758412644602,0.0604612579
5,42,421.0,0.0026845391060844616,0.0744150085
5,42,422.0,0.0,0.0713199005
5,42,423.0,0.006478430147977816,0.0617191696
5,42,424.0,0.0,0.0650074997
5,42,425.0,0.0036686571904597505,0.0685595016
5,42,426.0,0.00703315697997373,0.0667754364
5,42,427.0,0.0,0.06387308500000001
5,42,428.0,0.0034060582187504748,0.065831665
5,42,429.0,0.0030902882127877293,0.058510467499999996
5,42,430.0,0.0,0.046124702499999996
5,42,431.0,0.0,0.041833492300000004
5,42,432.0,0.0026393836547578798,0.07596600340000001
5,42,433.0,0.0023433036824540513,0.06614456939999999
5,42,434.0,0.0,0.0625307884
5,42,435.0,0.0,0.06760370639999999
5,42,436.0,0.007999177897760133,0.07718566889999999
5,42,437.0,0.0,0.07647006229999999
5,42,438.0,0.0023996804269438197,0.0685004501
5,42,439.0,0.0,0.0660107269
5,42,440.0,0.0025901103560536996,0.07393070980000001
5,42,441.0,0.0,0.0735788956
5,42,442.0,0.0027064608671233236,0.0759656601
5,42,443.0,0.0,0.07667803960000001
5,42,444.0,0.005389643324347323,0.075845314
5,42,445.0,0.008485726539901494,0.08082443240000001
5,42,446.0,0.003768980518693042,0.0712031784
5,42,447.0,0.004289154116569251,0.0821967621
5,42,448.0,0.005800079300841441,0.0818086929
5,42,449.0,0.005825218224381199,0.0816667328
5,42,450.0,0.005937942455177895,0.0855271835
5,42,451.0,0.009603785247255135,0.0919223022
5,42,452.0,0.008908241544085475,0.0846400452
5,42,453.0,0.0,0.07864571379999999
5,42,454.0,0.005852555468504706,0.0844972076
5,42,455.0,0.00882274550814696,0.0842781601
5,42,456.0,0.009020171829643611,0.08684263610000001
5,42,457.0,0.009054234995737421,0.0832080612
5,42,458.0,0.005919402441544533,0.0842516708
5,42,459.0,0.0029541801833675796,0.0828432312
5,42,460.0,0.008770210815402439,0.08446518709999999
5,42,461.0,0.006048428482922961,0.08600285340000001
5,42,462.0,0.008909946484725104,0.0844243393
5,42,463.0,0.008897359103734516,0.0833822021
5,42,464.0,0.005938116008408429,0.0846050339
5,42,465.0,0.0029194144984093524,0.0825235748
5,42,466.0,0.00901657918277181,0.0851384048
5,42,467.0,0.0028934659938907857,0.082155777
5,42,468.0,0.009173516258106123,0.0856511307
5,42,469.0,0.006052900234909559,0.0852624893
5,42,470.0,0.008941909807508894,0.0852027588
5,42,471.0,0.005943152303003102,0.0851642914
5,42,472.0,0.009014101606472723,0.08421446229999999
5,42,473.0,0.008909144564736082,0.0812161255
5,42,474.0,0.008975117191364665,0.0819032364
5,42,475.0,0.006224392354145029,0.0857811966
5,42,476.0,0.009052920425669558,0.0813921051
5,42,477.0,0.008969732448110487,0.0814240494
5,42,478.0,0.009393123890443538,0.0847858658
5,42,479.0,0.008963615596617229,0.08141690830000001
5,42,480.0,0.009413607494571322,0.08179673
5,42,481.0,0.009731867757993723,0.08168458560000001
5,42,482.0,0.010250112974052622,0.08230190279999999
5,42,483.0,0.010547903578266082,0.0838203049
5,42,484.0,0.010303186289287322,0.0799249344
5,42,485.0,0.010491626505083718,0.0788224792
5,42,486.0,0.008585005568025182,0.0654006195
5,42,487.0,0.009863103389193438,0.0743840637
5,42,488.0,0.010849924460765284,0.0794598236
5,42,489.0,0.0101989999657838,0.0741104965
5,42,490.0,0.011846171164448058,0.0835061264
5,42,491.0,0.01121583337883803,0.0779824524
5,42,492.0,0.010932932287404095,0.0745707397
5,42,493.0,0.011943448739379718,0.08171919250000001
5,42,494.0,0.011670388838638133,0.07858013920000001
5,42,495.0,0.012604695786220747,0.0838594971
5,42,496.0,0.012401374075973158,0.0825993652
5,42,497.0,0.012192892397131937,0.0761042557
5,42,498.0,0.012020711346612345,0.0744325027
5,42,499.0,0.012155166075170445,0.0768112183
5,42,500.0,0.01223069986108993,0.07532392880000001
5,42,501.0,0.011988296644236864,0.0719238205
5,42,502.0,0.01180713750634535,0.07203369139999999
5,42,503.0,0.012399977666662855,0.0735055618
5,42,504.0,0.011086310619450536,0.0662139282
5,42,505.0,0.012769869602179169,0.0745606689
5,42,506.0,0.01369197091092443,0.0780685577
5,42,507.0,0.01270291629913319,0.0734101257
5,42,508.0,0.012721541394202621,0.0680972824
5,42,509.0,0.01395241414634586,0.0750098267
5,42,510.0,0.013847021587362713,0.0738548279
5,42,511.0,0.014013339060977471,0.0745635147
5,42,512.0,0.01484844952564035,0.0761813507
5,42,513.0,0.013897701082967107,0.068992012
5,42,514.0,0.013707989439195507,0.06842382050000001
5,42,515.0,0.01421165506829609,0.06982712549999999
5,42,516.0,0.015045722888808481,0.0742448273
5,42,517.0,0.011237933460526551,0.0531455956
5,42,518.0,0.013970084363097752,0.0666139984
5,42,519.0,0.013385494801167455,0.06271521
5,42,520.0,0.014810453195187825,0.06778150940000001
5,42,521.0,0.014997094080675198,0.0696148376
5,42,522.0,0.01565864042033682,0.0696624451
5,42,523.0,0.014687720216783346,0.0654419556
5,42,524.0,0.016014496707885312,0.0702125549
5,42,525.0,0.01587165707394043,0.06863909150000001
5,42,526.0,0.015263075017679331,0.06474494930000001
5,42,527.0,0.013362792298985056,0.056951198599999996
5,42,528.0,0.01612269664049811,0.06691702270000001
5,42,529.0,0.01660505347489857,0.06868553919999999
5,42,530.0,0.01575265314114515,0.0632232704
5,42,531.0,0.017290113562396087,0.07040166469999999
5,42,532.0,0.016600462633305082,0.0654394836
5,42,533.0,0.01470025173094283,0.0568832932
5,42,534.0,0.01615822071115185,0.0641228561
5,42,535.0,0.016583432052549217,0.06562478640000001
5,42,536.0,0.017789179198550192,0.0670770645
5,42,537.0,0.016710070915564933,0.0629450874
5,42,538.0,0.01761911672982531,0.0653502121
5,42,539.0,0.01763249940696847,0.0649584732
5,42,540.0,0.01739496357688063,0.063496582
5,42,541.0,0.015598672998695039,0.0570713196
5,42,542.0,0.017723177984837985,0.0637580643
5,42,543.0,0.01733741647021495,0.0617841339
5,42,544.0,0.018430238535010066,0.0666322021
5,42,545.0,0.018055955344551154,0.0607640533
5,42,546.0,0.017496141632767474,0.0602483559
5,42,547.0,0.018648121268042765,0.0645361328
5,42,548.0,0.017743250039548516,0.0602950668
5,42,549.0,0.018759883953107594,0.060227356
5,42,550.0,0.01852391875665981,0.061203395800000004
5,42,551.0,0.0186441688422649,0.0610199127
5,42,552.0,0.019562704609574353,0.0633161812
5,42,553.0,0.01898781800932841,0.0597007904
5,42,554.0,0.01975436322548319,0.062786705
5,42,555.0,0.019946443413719702,0.0608017883
5,42,556.0,0.01944696422356626,0.0606636162
5,42,557.0,0.018896088768980066,0.0564659691
5,42,558.0,0.019651651751458447,0.0574928131
5,42,559.0,0.018622593961082172,0.056989418
5,42,560.0,0.0187333712633195,0.0558666992
5,42,561.0,0.02062873604491775,0.0607135277
5,42,562.0,0.01899539437088972,0.055875309
5,42,563.0,0.019889397714042047,0.0554968529
5,42,564.0,0.019626331962321338,0.0564142723
5,42,565.0,0.01986583332871962,0.056743034399999996
5,42,566.0,0.018342631935605175,0.0515601578
5,42,567.0,0.0195637712215541,0.0546558075
5,42,568.0,0.019438676322521154,0.053659446699999995
5,42,569.0,0.018031351016906262,0.0505499306
5,42,570.0,0.018135401726074068,0.0500839691
5,42,571.0,0.017644029501643784,0.049320140799999995
5,42,572.0,0.018006887620097393,0.0506342773
5,42,573.0,0.01846077546690805,0.0499730377
5,42,574.0,0.017964251379368208,0.0495742874
5,42,575.0,0.017814994991019278,0.0489338646
5,42,576.0,0.017381102066086816,0.046336444899999996
5,42,577.0,0.01806528850441903,0.0481728973
5,42,578.0,0.01811649860418527,0.048622921
5,42,579.0,0.018324389890025116,0.048752262100000006
5,42,580.0,0.019314162665136598,0.0500438423
5,42,581.0,0.01949030267811476,0.0496974487
5,42,582.0,0.020263150300339112,0.0503601418
5,42,583.0,0.020894700945265222,0.051241340600000004
5,42,584.0,0.02150538694115625,0.0517421417
5,42,585.0,0.021558808705050454,0.053374012
5,42,586.0,0.020964976363757513,0.0488661842
5,42,587.0,0.021827545070861556,0.0515779991
5,42,588.0,0.021292884942213566,0.0499998207
5,42,589.0,0.016967748002023043,0.0419146767
5,42,590.0,0.016826141186059327,0.043118770599999995
5,42,591.0,0.019148222837355167,0.0493346977
5,42,592.0,0.016661353034262562,0.0435849075
5,42,593.0,0.021066884610457092,0.047902523
5,42,594.0,0.019914571255842825,0.0470439224
5,42,595.0,0.01954657304030493,0.0456898689
5,42,596.0,0.020850843826891625,0.0467251854
5,42,597.0,0.020980058665039995,0.0479674454
5,42,598.0,0.020692171829342177,0.0463489189
5,42,599.0,0.021817392734167593,0.045483638800000004
5,42,600.0,0.022574034268962477,0.0460211029
5,42,601.0,0.023077451242729,0.047500774399999994
5,42,602.0,0.02313823784119687,0.045493476899999996
5,42,603.0,0.023381748894696,0.046594425200000004
5,42,604.0,0.024422955236898126,0.048550060299999996
5,42,605.0,0.024528708184877533,0.0490033875
5,42,606.0,0.024529093849039195,0.046846824599999996
5,42,607.0,0.024657864541522516,0.0483472557
5,42,608.0,0.02486668403602263,0.0477510033
5,42,609.0,0.024726284762874685,0.0477960548
5,42,610.0,0.02456608344350724,0.047061718
5,42,611.0,0.025155980528703645,0.0473578415
5,42,612.0,0.025122722681672826,0.0482388611
5,42,613.0,0.02498073551804776,0.047255764
5,42,614.0,0.024234166572442227,0.0448272057
5,42,615.0,0.02558206970274196,0.047414043399999994
5,42,616.0,0.024573868630228177,0.044609817499999996
5,42,617.0,0.024881448480311312,0.0446508598
5,42,618.0,0.026166522255844666,0.0485838242
5,42,619.0,0.02607879468426884,0.0462459221
5,42,620.0,0.026574950451639826,0.0490071259
5,42,621.0,0.02708501156914323,0.0486110268
5,42,622.0,0.025669180211659138,0.0446581154
5,42,623.0,0.025859687151583308,0.0473163109
5,42,624.0,0.02585487292982115,0.0458569031
5,42,625.0,0.025078889443972744,0.043464748399999996
5,42,626.0,0.02516876610185324,0.0438013878
5,42,627.0,0.025423022674031476,0.0433665619
5,42,628.0,0.020932625459385717,0.040064357800000006
5,42,629.0,0.024085056518585363,0.0433225098
5,42,630.0,0.02323817915709412,0.0431429138
5,42,631.0,0.025901887177820042,0.0466336594
5,42,632.0,0.02460004620618541,0.0419852676
5,42,633.0,0.026932292134511964,0.046455375699999996
5,42,634.0,0.02660952757514862,0.045897678399999996
5,42,635.0,0.027493293430446323,0.047460369100000004
5,42,636.0,0.02684157764847643,0.0448571854
5,42,637.0,0.028360206851326338,0.044255630500000004
5,42,638.0,0.02961505754279134,0.0470065422
5,42,639.0,0.029769082831916194,0.047633441900000004
5,42,640.0,0.029386148649587898,0.0445498924
5,42,641.0,0.029823866404290834,0.044596778899999995
5,42,642.0,0.03014552713617228,0.0473648415
5,42,643.0,0.030699948086373448,0.0478383484
5,42,644.0,0.030816502419863064,0.0475766945
5,42,645.0,0.031029146656977907,0.048707313499999995
5,42,646.0,0.028467470556950532,0.0465377312
5,42,647.0,0.027140159452522558,0.0430938873
5,42,648.0,0.026031745748284343,0.0419853897
5,42,649.0,0.02802369390932326,0.0457991982
5,42,650.0,0.028885846273444198,0.0429671936
5,42,651.0,0.03171051901068829,0.0471027412
5,42,652.0,0.0295546112874989,0.045893554700000005
5,42,653.0,0.03189122999375059,0.0484688644
5,42,654.0,0.03143247336568282,0.0449273758
5,42,655.0,0.02830409607130114,0.043097377799999996
5,42,656.0,0.025433560762042833,0.0366309013
5,42,657.0,0.027834708360044494,0.0397287407
5,42,658.0,0.03243739232723623,0.0479363213
5,42,659.0,0.03357233196893543,0.048107009900000004
5,42,660.0,0.03356075132392932,0.0458527298
5,42,661.0,0.03443163050541584,0.046899486500000004
5,42,662.0,0.03487129775977256,0.047059642799999996
5,42,663.0,0.03454649053126644,0.0456049309
5,42,664.0,0.03440877495774918,0.0464815826
5,42,665.0,0.034687977595239616,0.0460835915
5,42,666.0,0.03540101999265944,0.047369365700000006
5,42,667.0,0.0350605546248785,0.0463845978
5,42,668.0,0.03539590264322401,0.046966709100000004
5,42,669.0,0.036165273884337386,0.0493882866
5,42,670.0,0.0359027666266162,0.047897728
5,42,671.0,0.035847046914408716,0.0446114349
5,42,672.0,0.03579458534533236,0.0447892647
5,42,673.0,0.03633302899192877,0.047279399900000005
5,42,674.0,0.036504159379969536,0.0438005905
5,42,675.0,0.036232991891870237,0.0460992889
5,42,676.0,0.03699333850444506,0.0475039711
5,42,677.0,0.036409053551835664,0.0441560898
5,42,678.0,0.037271735299938054,0.0446161766
5,42,679.0,0.03686673293492307,0.0446526833
5,42,680.0,0.03684172028262341,0.0464187851
5,42,681.0,0.03690915372665619,0.044714443199999995
5,42,682.0,0.037236155362453206,0.0461151924
5,42,683.0,0.03733124524108616,0.0438531647
5,42,684.0,0.03686896176873236,0.044597293899999994
5,42,685.0,0.03770074750327665,0.0457787323
5,42,686.0,0.0362310369885604,0.0435131454
5,42,687.0,0.009317094624126531,0.0167761974
5,42,688.0,0.016911098599507658,0.0273549347
5,42,689.0,0.022935972109928413,0.0315094204
5,42,690.0,0.023979327451279467,0.0317234497
5,42,691.0,0.02812419642104807,0.0359596405
5,42,692.0,0.031026058641856622,0.038039970400000005
5,42,693.0,0.028906754848973624,0.0366950111
5,42,694.0,0.024297051794039713,0.034442356099999995
5,42,695.0,0.02973289385010103,0.0388097343
5,42,696.0,0.029586709527372464,0.038135273
5,42,697.0,0.03643177339801087,0.0416883621
5,42,698.0,0.0355789115745996,0.0410046654
5,42,699.0,0.0320459282123652,0.0389113007
5,42,700.0,0.032059349499502406,0.038448204
5,42,701.0,0.02777233648577179,0.0363580208
5,42,702.0,0.028815085484620546,0.0361941566
5,42,703.0,0.03161715804052423,0.037541538199999995
5,42,704.0,0.032909514288454345,0.0387840958
5,42,705.0,0.03253657556248306,0.037908470199999995
5,42,706.0,0.0338724911176138,0.0383993568
5,42,707.0,0.03413229332254732,0.0400612183
5,42,708.0,0.03618895654000272,0.0413378334
5,42,709.0,0.035356168078638124,0.0405231628
5,42,710.0,0.03562885965921086,0.039063076
5,42,711.0,0.03702163326770511,0.0403695602
5,42,712.0,0.03630067808755698,0.040432086900000004
5,42,713.0,0.036647981782069634,0.0380284081
5,42,714.0,0.03674113793623825,0.038915905
5,42,715.0,0.03204640695886012,0.0367238884
5,42,716.0,0.034113810465650055,0.0373729706
5,42,717.0,0.02298763568102417,0.0297749386
5,42,718.0,0.019273220557734942,0.024836030999999998
5,42,719.0,0.013933074809964615,0.022928627
5,42,720.0,0.015279479210112065,0.0232929153
5,42,721.0,0.02846701037462883,0.0312679348
5,42,722.0,0.02926122936937659,0.033549877199999995
5,42,723.0,0.027523793146842154,0.0324006348
5,42,724.0,0.018367488927748293,0.0260524387
5,42,725.0,0.018580267559018458,0.024600256
5,42,726.0,0.023004450812783964,0.0285047321
5,42,727.0,0.020780577646908063,0.0280623245
5,42,728.0,0.017068391531739613,0.0239980793
5,42,729.0,0.015401043168539073,0.022578113599999998
5,42,730.0,0.023194635886550165,0.0298552246
5,42,731.0,0.019250012639400356,0.026723978
5,42,732.0,0.020220257298791792,0.0265239201
5,42,733.0,0.02874407194414293,0.030542289700000003
5,42,734.0,0.035603267159754697,0.0351450806
5,42,735.0,0.03110533881737811,0.0319964809
5,42,736.0,0.033347130855339954,0.034537483199999996
5,42,737.0,0.03373806035688495,0.0346724052
5,42,738.0,0.035114814129772,0.0361722069
5,42,739.0,0.034579184567797426,0.032671978000000004
5,42,740.0,0.03718982990628926,0.0356958542
5,42,741.0,0.0388676923896719,0.0342369843
5,42,742.0,0.03888186365197544,0.0346711807
5,42,743.0,0.03997208446647251,0.036519138300000004
5,42,744.0,0.04093768381193125,0.0379775925
5,42,745.0,0.04061510811906244,0.038208888999999996
5,42,746.0,0.041598022608777104,0.0363918915
5,42,747.0,0.04220954111632286,0.038056221
5,42,748.0,0.04159064705404709,0.0382338448
5,42,749.0,0.041689723959287765,0.0388070641
5,42,750.0,0.04123748117712148,0.0366137161
5,42,751.0,0.041152660685345,0.035865360299999996
5,42,752.0,0.0421761714484741,0.0367715111
5,42,753.0,0.041867801618738695,0.0375519676
5,42,754.0,0.042589839447523245,0.0371234398
5,42,755.0,0.04241320857340193,0.0363075638
5,42,756.0,0.04163083099364258,0.034761608099999994
5,42,757.0,0.04217880729960201,0.0364587097
5,42,758.0,0.04239039564489347,0.035854568499999996
5,42,759.0,0.03808326673711372,0.0319546776
5,42,760.0,0.0,0.0017889967
5,42,761.0,0.0,0.000741153955
5,42,762.0,0.009561971495270261,0.012027629900000001
5,42,763.0,0.0028564813934467965,0.00625417089
5,42,764.0,0.007006633631038298,0.008181385990000001
5,42,765.0,0.012555211893095367,0.0148431864
5,42,766.0,0.02243504465279773,0.0224462185
5,42,767.0,0.025100699645660886,0.0227330894
5,42,768.0,0.03641863144502918,0.0310366058
5,42,769.0,0.03751635279559136,0.0310305824
5,42,770.0,0.03872465194889573,0.03217659
5,42,771.0,0.040803904714690926,0.0342194939
5,42,772.0,0.04209419702747704,0.0365721626
5,42,773.0,0.041980850373943515,0.0328990173
5,42,774.0,0.042431478683131144,0.032580143
5,42,775.0,0.0409130169936188,0.0343322029
5,42,776.0,0.04270845239965656,0.0343826942
5,42,777.0,0.04257497120074495,0.033590843200000005
5,42,778.0,0.04244611544425671,0.0324665871
5,42,779.0,0.042677803734096374,0.0331958122
5,42,780.0,0.0422275478413975,0.0318351974
5,42,781.0,0.04232018803356904,0.0316315041
5,42,782.0,0.04289036552187859,0.033844005600000004
5,42,783.0,0.04202937015024261,0.0315215302
5,42,784.0,0.0419647241211744,0.031064886099999998
5,42,785.0,0.04191146725594547,0.0324416542
5,42,786.0,0.04009928321797964,0.0328821907
5,42,787.0,0.03971644743448491,0.0334968109
5,42,788.0,0.03770408818289616,0.030251894
5,42,789.0,0.03828695816202205,0.0303164959
5,42,790.0,0.034995820829977334,0.0283287983
5,42,791.0,0.03552853799565225,0.029405038799999998
5,42,792.0,0.035874796344186395,0.0297031593
5,42,793.0,0.03763835967950301,0.0286797237
5,42,794.0,0.04066554549601348,0.029297151599999998
5,42,795.0,0.03797593653165781,0.029459247600000002
5,42,796.0,0.03183677892053454,0.026050174699999998
5,42,797.0,0.036846489270555075,0.0304030437
5,42,798.0,0.037779857376476815,0.0299373016
5,42,799.0,0.03848549493483704,0.030417680699999998
5,42,800.0,0.034869215173299606,0.027292631100000003
5,42,801.0,0.03407118477076575,0.0268039227
5,42,802.0,0.03536011527507142,0.0283277817
5,42,803.0,0.03456749218912912,0.026175518000000002
5,42,804.0,0.03483165906650369,0.0273866196
5,42,805.0,0.03521019397556107,0.027465875600000002
5,42,806.0,0.03944122650710189,0.0286830368
5,42,807.0,0.037569694724825214,0.0284954319
5,42,808.0,0.039257416963073416,0.0282506199
5,42,809.0,0.03579080043289206,0.0273791771
5,42,810.0,0.033575816281218994,0.0246948814
5,42,811.0,0.033527549256573856,0.027246006
5,42,812.0,0.03082828788086463,0.025044353499999998
5,42,813.0,0.028013956433964784,0.023649190900000002
5,42,814.0,0.021904262518923294,0.0205320225
5,42,815.0,0.019763097974021364,0.017958309199999998
5,42,816.0,0.022264064521257457,0.0194888992
5,42,817.0,0.013920931574639066,0.0138782511
5,42,818.0,0.020748913006854674,0.0188023396
5,42,819.0,0.020990493037717484,0.0184814796
5,42,820.0,0.018668245180420227,0.0181466866
5,42,821.0,0.03278042172981305,0.0233736687
5,42,822.0,0.027092884521697117,0.0233244553
5,42,823.0,0.011507020976825183,0.0123133392
5,42,824.0,0.024189913069750615,0.0202061539
5,42,825.0,0.03171659664209731,0.026528307
5,42,826.0,0.026166985052838654,0.0212241306
5,42,827.0,0.031105096785880505,0.0240779972
5,42,828.0,0.020157079495365902,0.0178610859
5,42,829.0,0.02794013151069335,0.021408933600000003
5,42,830.0,0.026748088907993503,0.020758728
7.5,21,360.0,0.0038762254444744404,0.0609436798
7.5,21,361.0,0.0,0.0504776497
7.5,21,362.0,0.0,0.0547658539
7.5,21,363.0,0.0,0.0590397034
7.5,21,364.0,0.0071805105019850015,0.0593839111
7.5,21,365.0,0.0,0.0565028267
7.5,21,366.0,0.0,0.07998164370000001
7.5,21,367.0,0.0,0.0714870987
7.5,21,368.0,0.0,0.0666834793
7.5,21,369.0,0.0,0.0632318954
7.5,21,370.0,0.0,0.0754763641
7.5,21,371.0,0.0,0.0590319748
7.5,21,372.0,0.0,0.0612983818
7.5,21,373.0,0.0,0.0632900543
7.5,21,374.0,0.0,0.0489166374
7.5,21,375.0,0.005226713491438236,0.046262352
7.5,21,376.0,0.0,0.06713678740000001
7.5,21,377.0,0.0,0.0651088943
7.5,21,378.0,0.0,0.086345047
7.5,21,379.0,0.0,0.0674041519
7.5,21,380.0,0.0,0.0608299828
7.5,21,381.0,0.0,0.0705328293
7.5,21,382.0,0.0,0.0522118912
7.5,21,383.0,0.0,0.0349653854
7.5,21,384.0,0.004602620202689724,0.0407827568
7.5,21,385.0,0.0,0.0612690468
7.5,21,386.0,0.005361232492930918,0.0453523827
7.5,21,387.0,0.0,0.0537437401
7.5,21,388.0,0.0060734627315031505,0.0528161011
7.5,21,389.0,0.006905135021630919,0.0595459404
7.5,21,390.0,0.004176082809019892,0.07372666169999999
7.5,21,391.0,0.004660281087891517,0.0840093079
7.5,21,392.0,0.004131015756527071,0.0746405029
7.5,21,393.0,0.0,0.0388064957
7.5,21,394.0,0.0,0.0447476044
7.5,21,395.0,0.0,0.0750099869
7.5,21,396.0,0.004190148990229724,0.0752384262
7.5,21,397.0,0.0034016646192158613,0.029443441400000003
7.5,21,398.0,0.009491960452256764,0.0868626022
7.5,21,399.0,0.007567210479474263,0.103444168
7.5,21,400.0,0.005561014590533626,0.09851960750000001
7.5,21,401.0,0.007344632217347468,0.0993327255
7.5,21,402.0,0.011635931240239296,0.10601095599999999
7.5,21,403.0,0.010861119187650242,0.0964911194
7.5,21,404.0,0.0038773397857352803,0.105457413
7.5,21,405.0,0.0,0.0975926666
7.5,21,406.0,0.010515846983572797,0.0952096939
7.5,21,407.0,0.005103830338719344,0.0936414185
7.5,21,408.0,0.011021782363550071,0.0985580444
7.5,21,409.0,0.008106405290701606,0.10779533399999999
7.5,21,410.0,0.010132720056174608,0.09084149929999999
7.5,21,411.0,0.011860070974151002,0.10677767199999999
7.5,21,412.0,0.012249287431363167,0.10931353
7.5,21,413.0,0.011533949690469655,0.105593651
7.5,21,414.0,0.011286311208699005,0.101273308
7.5,21,415.0,0.011997872748535874,0.108099289
7.5,21,416.0,0.01188629332069467,0.107740143
7.5,21,417.0,0.005744028797484216,0.105205612
7.5,21,418.0,0.01120316886972582,0.102042946
7.5,21,419.0,0.011442703241273916,0.104292206
7.5,21,420.0,0.009655930796394112,0.08676106260000001
7.5,21,421.0,0.012061258695265106,0.109670135
7.5,21,422.0,0.01152235516628832,0.102218948
7.5,21,423.0,0.00990639246833415,0.089219223
7.5,21,424.0,0.011096934110930072,0.0967528229
7.5,21,425.0,0.011783845714103087,0.101256546
7.5,21,426.0,0.011522998477679297,0.09732316590000001
7.5,21,427.0,0.011300178219992126,0.0938105927
7.5,21,428.0,0.011642245836366517,0.092595726
7.5,21,429.0,0.010816070565455761,0.08371431730000001
7.5,21,430.0,0.008797849951056853,0.067228447
7.5,21,431.0,0.007980933960222421,0.0602403679
7.5,21,432.0,0.014729286114701066,0.10941450500000001
7.5,21,433.0,0.013362668659007015,0.0965233078
7.5,21,434.0,0.012863292911977617,0.08937740329999999
7.5,21,435.0,0.014207773804207346,0.0986865463
7.5,21,436.0,0.01605240428104967,0.108491989
7.5,21,437.0,0.016629674378757373,0.111557617
7.5,21,438.0,0.015090223798263757,0.0968062973
7.5,21,439.0,0.014733761335727522,0.0932065353
7.5,21,440.0,0.016823684203508917,0.104540497
7.5,21,441.0,0.017019009340699456,0.104592079
7.5,21,442.0,0.01828453739314769,0.10744804399999999
7.5,21,443.0,0.018606883572192406,0.110202835
7.5,21,444.0,0.01881878148948294,0.10860360699999999
7.5,21,445.0,0.01988504277478797,0.11545348400000001
7.5,21,446.0,0.018014757505390982,0.101732262
7.5,21,447.0,0.0209821372182716,0.11599818399999999
7.5,21,448.0,0.02146930599917315,0.115343208
7.5,21,449.0,0.022094860215380704,0.11910283699999999
7.5,21,450.0,0.02304502106322984,0.120391853
7.5,21,451.0,0.02522920968598017,0.131445877
7.5,21,452.0,0.02369562651887923,0.122439438
7.5,21,453.0,0.022344928559693104,0.111045166
7.5,21,454.0,0.024334481093021623,0.11737558699999999
7.5,21,455.0,0.02470800306782863,0.117180542
7.5,21,456.0,0.02563303096683961,0.123638039
7.5,21,457.0,0.026135973968597143,0.12471360799999999
7.5,21,458.0,0.02601744952922553,0.12008287799999999
7.5,21,459.0,0.026307379136853822,0.11830558000000001
7.5,21,460.0,0.026331173670116958,0.11653331
7.5,21,461.0,0.027645212956639503,0.120586182
7.5,21,462.0,0.02767127995090919,0.11887821999999999
7.5,21,463.0,0.027785946427617357,0.116921227
7.5,21,464.0,0.028324882810036724,0.11724169899999999
7.5,21,465.0,0.028211586597294485,0.116779274
7.5,21,466.0,0.029731988837926472,0.12171292099999999
7.5,21,467.0,0.028932627510473003,0.114530891
7.5,21,468.0,0.031004322395510868,0.120346176
7.5,21,469.0,0.03098508883898247,0.122284737
7.5,21,470.0,0.030902432475128166,0.116502388
7.5,21,471.0,0.03128865752001441,0.116660309
7.5,21,472.0,0.03183835291540609,0.117005928
7.5,21,473.0,0.031576019807967926,0.11607102999999999
7.5,21,474.0,0.03165848703936971,0.115854271
7.5,21,475.0,0.03287830821298347,0.11760929899999999
7.5,21,476.0,0.032002197745557,0.114514351
7.5,21,477.0,0.03189034541355311,0.113173759
7.5,21,478.0,0.033674152251135195,0.118366112
7.5,21,479.0,0.03256670525324182,0.110470261
7.5,21,480.0,0.03384704933376895,0.11612719
7.5,21,481.0,0.03454954378029492,0.114681175
7.5,21,482.0,0.03602178342231201,0.11715757
7.5,21,483.0,0.0367400917696564,0.114207138
7.5,21,484.0,0.03569213795754596,0.112276764
7.5,21,485.0,0.03620622815717147,0.111468704
7.5,21,486.0,0.029529409968655683,0.0919440002
7.5,21,487.0,0.033689444308237115,0.103069382
7.5,21,488.0,0.03689011648657505,0.109373474
7.5,21,489.0,0.034535522395674256,0.10340387
7.5,21,490.0,0.03986890431918189,0.116148277
7.5,21,491.0,0.037608416741295524,0.105715446
7.5,21,492.0,0.03648806957877265,0.106212296
7.5,21,493.0,0.039674202575085395,0.112219963
7.5,21,494.0,0.03861343422352756,0.105029465
7.5,21,495.0,0.041560450936738505,0.116855682
7.5,21,496.0,0.04074855805062237,0.108224876
7.5,21,497.0,0.03989224670971518,0.106705032
7.5,21,498.0,0.03920521961696729,0.101963768
7.5,21,499.0,0.03947053420368814,0.101662582
7.5,21,500.0,0.03957484199125553,0.101060097
7.5,21,501.0,0.03874182539882147,0.0990452652
7.5,21,502.0,0.0382406211364705,0.09704322809999999
7.5,21,503.0,0.040253910379959,0.10068322
7.5,21,504.0,0.03644955873944148,0.0958207245
7.5,21,505.0,0.041076817327227046,0.10260292800000001
7.5,21,506.0,0.04403937709940754,0.108424675
7.5,21,507.0,0.040896606862043196,0.0999499512
7.5,21,508.0,0.04039106090696041,0.0940616608
7.5,21,509.0,0.04404847503605767,0.103357819
7.5,21,510.0,0.043378891072059486,0.0981804886
7.5,21,511.0,0.04373996515549305,0.100269096
7.5,21,512.0,0.04620059976916295,0.10618364
7.5,21,513.0,0.04294144428619129,0.0965705414
7.5,21,514.0,0.0422499995344677,0.0933819122
7.5,21,515.0,0.04359102798280797,0.0957263412
7.5,21,516.0,0.04602381901020588,0.0972913589
7.5,21,517.0,0.03422337566381581,0.0736665649
7.5,21,518.0,0.042477496245411875,0.08896481319999999
7.5,21,519.0,0.040544092947347815,0.0847621078
7.5,21,520.0,0.044780008166671596,0.0927255859
7.5,21,521.0,0.045167169214882265,0.0929056549
7.5,21,522.0,0.047085248476927306,0.0965623322
7.5,21,523.0,0.04405879195681693,0.0886903534
7.5,21,524.0,0.04795224312561532,0.0956986084
7.5,21,525.0,0.04751623826259258,0.09335982509999999
7.5,21,526.0,0.04553829329301199,0.08924944309999999
7.5,21,527.0,0.03983100290664219,0.07432384489999999
7.5,21,528.0,0.04796427672685467,0.091282402
7.5,21,529.0,0.04936155791772982,0.09316450500000001
7.5,21,530.0,0.046752961945187875,0.0877772369
7.5,21,531.0,0.051173803802072815,0.09579953000000001
7.5,21,532.0,0.049026937186094924,0.0891300812
7.5,21,533.0,0.04329512928188327,0.0785454941
7.5,21,534.0,0.047418391391013885,0.0868809891
7.5,21,535.0,0.048562754198169515,0.0865940323
7.5,21,536.0,0.05190520144649922,0.0939579086
7.5,21,537.0,0.04855563595227679,0.08656908420000001
7.5,21,538.0,0.05106537726050992,0.08991259770000001
7.5,21,539.0,0.05102567523914854,0.0879899368
7.5,21,540.0,0.050208340977131144,0.0875612488
7.5,21,541.0,0.04533750485151989,0.0782851257
7.5,21,542.0,0.05118901623819748,0.0875662308
7.5,21,543.0,0.04970619679566999,0.0834175873
7.5,21,544.0,0.05270427600790838,0.086368248
7.5,21,545.0,0.05171092978620609,0.0873269348
7.5,21,546.0,0.05025573882278581,0.0822672729
7.5,21,547.0,0.053191534460303974,0.0852787323
7.5,21,548.0,0.05020347731015663,0.0819576035
7.5,21,549.0,0.05299657375224212,0.0846576233
7.5,21,550.0,0.052178522509850854,0.08367844390000001
7.5,21,551.0,0.052308510934158954,0.08277737430000001
7.5,21,552.0,0.05478446553753592,0.0839514389
7.5,21,553.0,0.05300001938266435,0.0831052856
7.5,21,554.0,0.05501620043394148,0.0831113129
7.5,21,555.0,0.05543422453082876,0.08088958739999999
7.5,21,556.0,0.053988597482564835,0.08276273349999999
7.5,21,557.0,0.052417136658691174,0.0779668655
7.5,21,558.0,0.054464081167160276,0.0800850754
7.5,21,559.0,0.051549807601898694,0.07637551120000001
7.5,21,560.0,0.05181403869069793,0.07484693149999999
7.5,21,561.0,0.05700752551296035,0.0818925858
7.5,21,562.0,0.05243661925919433,0.0733841705
7.5,21,563.0,0.05487568807433325,0.078875061
7.5,21,564.0,0.05412206338568607,0.076878479
7.5,21,565.0,0.05477276242861528,0.07752233889999999
7.5,21,566.0,0.05055270901322246,0.068593895
7.5,21,567.0,0.05402865792885006,0.0755287399
7.5,21,568.0,0.05379146181656201,0.0742726593
7.5,21,569.0,0.050864110832101905,0.0724931107
7.5,21,570.0,0.05110493583358605,0.0708502426
7.5,21,571.0,0.04951566954025308,0.0654258804
7.5,21,572.0,0.05117696266645072,0.0698836441
7.5,21,573.0,0.052213536160913884,0.0718666458
7.5,21,574.0,0.051162252103535144,0.06980429839999999
7.5,21,575.0,0.050479483166756045,0.0664061279
7.5,21,576.0,0.04936958031855605,0.0649933548
7.5,21,577.0,0.05134122779094058,0.0682233582
7.5,21,578.0,0.05094936231770993,0.0673828812
7.5,21,579.0,0.051216696536203005,0.0647083817
7.5,21,580.0,0.05365399672143736,0.07082444
7.5,21,581.0,0.0536709258380421,0.0666110535
7.5,21,582.0,0.05538261630179165,0.06828553770000001
7.5,21,583.0,0.05669162654465414,0.0682321777
7.5,21,584.0,0.057790009542707375,0.07154421229999999
7.5,21,585.0,0.05777202877657191,0.0716883011
7.5,21,586.0,0.05590223937617917,0.06677426909999999
7.5,21,587.0,0.05820364391322411,0.0708169556
7.5,21,588.0,0.057226127516535684,0.0680148621
7.5,21,589.0,0.04624239699696185,0.0570267372
7.5,21,590.0,0.0473758692207434,0.058160617799999995
7.5,21,591.0,0.05273247814963041,0.0641819077
7.5,21,592.0,0.048717407504390485,0.0596056328
7.5,21,593.0,0.05621169335269212,0.0652162323
7.5,21,594.0,0.05310082188933966,0.0642391052
7.5,21,595.0,0.053538551394940216,0.06323586269999999
7.5,21,596.0,0.05617829705167689,0.0639477692
7.5,21,597.0,0.056522645117260795,0.0650944366
7.5,21,598.0,0.05554169105224788,0.0640856323
7.5,21,599.0,0.05755298872709548,0.0615899849
7.5,21,600.0,0.058816764073834585,0.0654806671
7.5,21,601.0,0.05956952037172492,0.0646425476
7.5,21,602.0,0.05948485442661519,0.0641433792
7.5,21,603.0,0.06002098854221379,0.06530357360000001
7.5,21,604.0,0.062429839630170424,0.0634450073
7.5,21,605.0,0.0625594894695359,0.06450846860000001
7.5,21,606.0,0.0623539330367682,0.06608447270000001
7.5,21,607.0,0.062482579129715506,0.0649488144
7.5,21,608.0,0.06279919520892176,0.0643855133
7.5,21,609.0,0.06235910344029441,0.0651845779
7.5,21,610.0,0.06178770480229135,0.06417480469999999
7.5,21,611.0,0.06313189994658107,0.0644870834
7.5,21,612.0,0.06283823585406717,0.0657041016
7.5,21,613.0,0.06232593412432746,0.0617128754
7.5,21,614.0,0.0603528089649208,0.0614830971
7.5,21,615.0,0.06357957593960736,0.0643942642
7.5,21,616.0,0.06090623075257417,0.061095661200000005
7.5,21,617.0,0.0615573320772278,0.060655559500000004
7.5,21,618.0,0.06466459879872972,0.0631551247
7.5,21,619.0,0.06435843108015829,0.0628350868
7.5,21,620.0,0.0655258932380773,0.062878273
7.5,21,621.0,0.06676862058368996,0.06556353
7.5,21,622.0,0.06327930356703375,0.0591073074
7.5,21,623.0,0.06379237801183141,0.0609688568
7.5,21,624.0,0.06382206984898524,0.0603526802
7.5,21,625.0,0.061997240587081275,0.0593891754
7.5,21,626.0,0.06226583738543169,0.0596889839
7.5,21,627.0,0.06313224649362141,0.0589613228
7.5,21,628.0,0.054790221481560444,0.0527219315
7.5,21,629.0,0.060865118656758234,0.058863960300000004
7.5,21,630.0,0.059078645038542904,0.0539979362
7.5,21,631.0,0.06433845065275802,0.0589569397
7.5,21,632.0,0.060773569543427976,0.0529779587
7.5,21,633.0,0.06602692207322591,0.0594335594
7.5,21,634.0,0.064849019647296,0.0597283897
7.5,21,635.0,0.06667634248157614,0.060216865499999994
7.5,21,636.0,0.06487436561487987,0.057698867800000005
7.5,21,637.0,0.06809364391034019,0.0584888344
7.5,21,638.0,0.07045097852917286,0.0622386208
7.5,21,639.0,0.07054187840522301,0.0622233849
7.5,21,640.0,0.06923190814221672,0.0599442863
7.5,21,641.0,0.07025397025673362,0.0619426231
7.5,21,642.0,0.07048560960796647,0.059471961999999996
7.5,21,643.0,0.07179812121593528,0.0613255539
7.5,21,644.0,0.07172880319313775,0.0612145844
7.5,21,645.0,0.0723275156115986,0.0627229881
7.5,21,646.0,0.06753887574501409,0.057874279
7.5,21,647.0,0.06541640708488597,0.0585251617
7.5,21,648.0,0.06291169664767958,0.055011413599999996
7.5,21,649.0,0.06716166901580069,0.0563035889
7.5,21,650.0,0.06724194928085184,0.0540231209
7.5,21,651.0,0.07338006616462044,0.0610162201
7.5,21,652.0,0.06973590462087166,0.055298786200000005
7.5,21,653.0,0.07367881699337134,0.058945125599999995
7.5,21,654.0,0.07271633760560525,0.0606936951
7.5,21,655.0,0.06625846587928606,0.051759552
7.5,21,656.0,0.05909155903894877,0.0487840843
7.5,21,657.0,0.06423050992968257,0.0491306877
7.5,21,658.0,0.0738643929987388,0.0588919411
7.5,21,659.0,0.07565008593979845,0.0606704407
7.5,21,660.0,0.07580593825962115,0.057447567
7.5,21,661.0,0.07721054471092989,0.059885150899999996
7.5,21,662.0,0.07820886606897484,0.0591948395
7.5,21,663.0,0.07746778103161424,0.057215515099999996
7.5,21,664.0,0.07685933331710666,0.0566455269
7.5,21,665.0,0.07739761850435305,0.0585974236
7.5,21,666.0,0.0787792650068717,0.0591656189
7.5,21,667.0,0.07777947770916191,0.0564814682
7.5,21,668.0,0.07842344877951316,0.0559715462
7.5,21,669.0,0.07995895590268741,0.0593353386
7.5,21,670.0,0.07926093080350925,0.059472084
7.5,21,671.0,0.07893053637945224,0.054725956
7.5,21,672.0,0.0787655781608817,0.0555510597
7.5,21,673.0,0.0797694284779029,0.0568786163
7.5,21,674.0,0.08007447288806409,0.0586810379
7.5,21,675.0,0.07929752186360527,0.0562701836
7.5,21,676.0,0.08090705535038281,0.058350853
7.5,21,677.0,0.07952971882273127,0.0581571426
7.5,21,678.0,0.08124910511077411,0.057519104
7.5,21,679.0,0.08028852983910012,0.0576440582
7.5,21,680.0,0.08008380185607443,0.0547068367
7.5,21,681.0,0.08023080319480269,0.055863475800000006
7.5,21,682.0,0.08069007474316724,0.0559738464
7.5,21,683.0,0.08101587242631282,0.0561342278
7.5,21,684.0,0.0799153303945141,0.0551190147
7.5,21,685.0,0.0814169232887424,0.058177978500000005
7.5,21,686.0,0.07822746840083765,0.051240127600000004
7.5,21,687.0,0.025417723313829712,0.021696207000000002
7.5,21,688.0,0.04187090879019581,0.033144813499999995
7.5,21,689.0,0.05549609773120064,0.0406751099
7.5,21,690.0,0.05575873953308341,0.0403959007
7.5,21,691.0,0.06441151308043176,0.0445866432
7.5,21,692.0,0.06960615923633348,0.047902313200000005
7.5,21,693.0,0.06447291638651166,0.0471155319
7.5,21,694.0,0.058007217265497416,0.0413960266
7.5,21,695.0,0.06719889743529332,0.0473764915
7.5,21,696.0,0.06693794855812364,0.046636638599999995
7.5,21,697.0,0.07905065010574032,0.0503351288
7.5,21,698.0,0.07733998740522834,0.0489084549
7.5,21,699.0,0.07150909785165958,0.049323597
7.5,21,700.0,0.0712895518826621,0.0490969696
7.5,21,701.0,0.06388838459462598,0.0453856888
7.5,21,702.0,0.06546782800883724,0.0449128685
7.5,21,703.0,0.06992361564316525,0.0454449615
7.5,21,704.0,0.0720506254400469,0.0475298729
7.5,21,705.0,0.07209499194541345,0.0486274529
7.5,21,706.0,0.0743199121801294,0.0473064919
7.5,21,707.0,0.07477741509858936,0.0488299675
7.5,21,708.0,0.0785425746835785,0.0488574104
7.5,21,709.0,0.07640270675150126,0.047166683200000004
7.5,21,710.0,0.07739227280415067,0.0467431908
7.5,21,711.0,0.07918269797230928,0.0501757469
7.5,21,712.0,0.07756768329914182,0.048201519
7.5,21,713.0,0.07819893968258271,0.0480196075
7.5,21,714.0,0.07874746987065644,0.0490605469
7.5,21,715.0,0.07045682597205812,0.043955093400000006
7.5,21,716.0,0.07426642385181953,0.0454972725
7.5,21,717.0,0.05465330590170503,0.037640838600000004
7.5,21,718.0,0.045848464249898815,0.0317242336
7.5,21,719.0,0.036754276442543525,0.0274026585
7.5,21,720.0,0.03786624264879014,0.028687908199999997
7.5,21,721.0,0.06395273557370477,0.041447086300000005
7.5,21,722.0,0.06541890065726212,0.0400427742
7.5,21,723.0,0.06295985533050871,0.0393781891
7.5,21,724.0,0.044855854979077785,0.0322608948
7.5,21,725.0,0.04264053050790911,0.030108550999999997
7.5,21,726.0,0.0525437273556896,0.035633461
7.5,21,727.0,0.04969054618311804,0.0345928192
7.5,21,728.0,0.0404157019025801,0.028443763700000003
7.5,21,729.0,0.03961581860088394,0.0281648769
7.5,21,730.0,0.055501977153003,0.034746025099999994
7.5,21,731.0,0.04722168998565258,0.0310911312
7.5,21,732.0,0.05004494032761236,0.0328369751
7.5,21,733.0,0.06351330505076722,0.0371650658
7.5,21,734.0,0.07563980882952782,0.0433108139
7.5,21,735.0,0.06771454115765863,0.0402158165
7.5,21,736.0,0.0716012565223075,0.0412533035
7.5,21,737.0,0.07239747099379275,0.0426401482
7.5,21,738.0,0.07477100991728473,0.0433670349
7.5,21,739.0,0.07301277015865615,0.040106098199999995
7.5,21,740.0,0.07758910577991374,0.0439184875
7.5,21,741.0,0.07975092182173898,0.0421652908
7.5,21,742.0,0.07935598937456972,0.043602897599999996
7.5,21,743.0,0.0816103146803952,0.0439602776
7.5,21,744.0,0.08319857722730999,0.0427164268
7.5,21,745.0,0.0820549354468402,0.044963192
7.5,21,746.0,0.08377884668638874,0.045409462
7.5,21,747.0,0.08504425126105912,0.044483902
7.5,21,748.0,0.08369326066215005,0.046390781400000004
7.5,21,749.0,0.08383622273733386,0.0449618454
7.5,21,750.0,0.08283412512602178,0.04687257
7.5,21,751.0,0.08265451625605788,0.043937240600000003
7.5,21,752.0,0.08447043475587136,0.0421930695
7.5,21,753.0,0.08379736130465038,0.043884880099999996
7.5,21,754.0,0.08520545724318192,0.0451773834
7.5,21,755.0,0.0848156313722309,0.042838642100000004
7.5,21,756.0,0.08322365626883077,0.042149749800000004
7.5,21,757.0,0.08416794761486816,0.0449378738
7.5,21,758.0,0.08445741724819507,0.0418372231
7.5,21,759.0,0.07755647423185873,0.039371994
7.5,21,760.0,0.000820146229544778,0.0029746666
7.5,21,761.0,0.0,0.00105112135
7.5,21,762.0,0.021564133538873403,0.015191081
7.5,21,763.0,0.0095583239494303,0.00809940338
7.5,21,764.0,0.015546615286196969,0.0110344105
7.5,21,765.0,0.03056080105118293,0.0189677696
7.5,21,766.0,0.04997843840741197,0.028524536099999998
7.5,21,767.0,0.05365647436961807,0.030471944799999998
7.5,21,768.0,0.07439491057228614,0.0371279526
7.5,21,769.0,0.07704900419017643,0.0394281158
7.5,21,770.0,0.07796667093405096,0.0399574509
7.5,21,771.0,0.08139460069934892,0.0387608032
7.5,21,772.0,0.08304112361216115,0.0393181992
7.5,21,773.0,0.08277756969324715,0.0422722816
7.5,21,774.0,0.08365525156550176,0.041677047700000004
7.5,21,775.0,0.08060924470179448,0.0380408592
7.5,21,776.0,0.0840764103794214,0.0388102913
7.5,21,777.0,0.08371543980325825,0.038631019600000004
7.5,21,778.0,0.08340399817389019,0.040484535200000005
7.5,21,779.0,0.08380592551970051,0.041261489900000003
7.5,21,780.0,0.08287784630989402,0.041187175799999996
7.5,21,781.0,0.08296409371034867,0.0396551247
7.5,21,782.0,0.08405613522387909,0.0403643723
7.5,21,783.0,0.08228736356785264,0.039365089400000004
7.5,21,784.0,0.08235940619438656,0.0366074753
7.5,21,785.0,0.08238113932749598,0.0383606987
7.5,21,786.0,0.07952107498670388,0.037547878300000004
7.5,21,787.0,0.07944893668447106,0.0379017334
7.5,21,788.0,0.07586309920340151,0.034727962499999994
7.5,21,789.0,0.07697398987382421,0.037342376700000006
7.5,21,790.0,0.07139460066742273,0.031625246
7.5,21,791.0,0.07220597575613431,0.0341245384
7.5,21,792.0,0.07255318782742791,0.0331817665
7.5,21,793.0,0.07490649923743778,0.034733017
7.5,21,794.0,0.0794455269487517,0.034742263800000006
7.5,21,795.0,0.07574923128593733,0.0327949524
7.5,21,796.0,0.06605519978961323,0.03188661
7.5,21,797.0,0.07431068671938948,0.033597942400000004
7.5,21,798.0,0.0756832034368671,0.0358959427
7.5,21,799.0,0.07704314069256951,0.036022693599999996
7.5,21,800.0,0.07071383139190844,0.0327978325
7.5,21,801.0,0.06968330856961183,0.0323101425
7.5,21,802.0,0.07201661566592824,0.0318014259
7.5,21,803.0,0.07052544306920344,0.033182045
7.5,21,804.0,0.07105024855552686,0.033097656200000006
7.5,21,805.0,0.07096249553544492,0.033652008100000005
7.5,21,806.0,0.07791015518123875,0.03424123380000001
7.5,21,807.0,0.07490093059849907,0.0356079865
7.5,21,808.0,0.07738193995919596,0.034216835
7.5,21,809.0,0.07183266484218012,0.0298323383
7.5,21,810.0,0.06862540435428988,0.0301374378
7.5,21,811.0,0.06894470914252968,0.0307874393
7.5,21,812.0,0.06436383251504475,0.030067251200000002
7.5,21,813.0,0.05807188281269946,0.0269047394
7.5,21,814.0,0.048764809265830926,0.0253011265
7.5,21,815.0,0.04554383412987174,0.0229405117
7.5,21,816.0,0.0483429253789135,0.0237918854
7.5,21,817.0,0.032337577356473475,0.0173898506
7.5,21,818.0,0.046194166655253194,0.0227138824
7.5,21,819.0,0.045791478602794616,0.0211285191
7.5,21,820.0,0.04244065039818865,0.0202907276
7.5,21,821.0,0.06679119822126302,0.0284932346
7.5,21,822.0,0.05721465543897527,0.0252993202
7.5,21,823.0,0.028105731160665944,0.0154910021
7.5,21,824.0,0.05160557831120571,0.0231798649
7.5,21,825.0,0.0638398156679747,0.0273093052
7.5,21,826.0,0.0543503846305865,0.0256484432
7.5,21,827.0,0.06324717780797359,0.0261558285
7.5,21,828.0,0.04446714040812733,0.020570404100000002
7.5,21,829.0,0.058382480068130065,0.028069952000000002
7.5,21,830.0,0.05582663951932866,0.0238010349
7.5,42,360.0,0.0038762254444744404,0.0634722252
7.5,42,361.0,0.0,0.050008029899999994
7.5,42,362.0,0.0,0.0557552834
7.5,42,363.0,0.0,0.0606970215
7.5,42,364.0,0.0071805105019850015,0.0605040321
7.5,42,365.0,0.0,0.0573770485
7.5,42,366.0,0.0,0.0804141006
7.5,42,367.0,0.0,0.06968386839999999
7.5,42,368.0,0.0,0.06544938659999999
7.5,42,369.0,0.0,0.0655364685
7.5,42,370.0,0.0,0.0781586075
7.5,42,371.0,0.0,0.060727424599999996
7.5,42,372.0,0.0,0.0627385445
7.5,42,373.0,0.0,0.0644563599
7.5,42,374.0,0.0,0.0484879494
7.5,42,375.0,0.005226713491438236,0.0438293076
7.5,42,376.0,0.0,0.0632904739
7.5,42,377.0,0.0,0.0665728607
7.5,42,378.0,0.0,0.0868412857
7.5,42,379.0,0.0,0.06638231659999999
7.5,42,380.0,0.0,0.0619366989
7.5,42,381.0,0.0,0.07018662260000001
7.5,42,382.0,0.0,0.051739948300000005
7.5,42,383.0,0.0,0.0367333336
7.5,42,384.0,0.004602620202689724,0.0409606895
7.5,42,385.0,0.0,0.0587817345
7.5,42,386.0,0.005361232492930918,0.0462921219
7.5,42,387.0,0.0,0.0549306831
7.5,42,388.0,0.0060734627315031505,0.054476192500000006
7.5,42,389.0,0.006905135021630919,0.0607924767
7.5,42,390.0,0.004176082809019892,0.07341817469999999
7.5,42,391.0,0.004660281087891517,0.0820924911
7.5,42,392.0,0.004131015756527071,0.0731423492
7.5,42,393.0,0.0,0.0391380577
7.5,42,394.0,0.0,0.0439536552
7.5,42,395.0,0.0,0.0722219925
7.5,42,396.0,0.004190148990229724,0.07498526
7.5,42,397.0,0.0034016646192158613,0.0290942459
7.5,42,398.0,0.009491960452256764,0.08474893950000001
7.5,42,399.0,0.007567210479474263,0.102556442
7.5,42,400.0,0.005561014590533626,0.0998606873
7.5,42,401.0,0.007344632217347468,0.09774510189999999
7.5,42,402.0,0.011635931240239296,0.102762016
7.5,42,403.0,0.010861119187650242,0.0997881165
7.5,42,404.0,0.0038773397857352803,0.105277534
7.5,42,405.0,0.0,0.09710771939999999
7.5,42,406.0,0.010515846983572797,0.09679494479999999
7.5,42,407.0,0.005103830338719344,0.091229744
7.5,42,408.0,0.011021782363550071,0.0978217697
7.5,42,409.0,0.008106405290701606,0.11091935
7.5,42,410.0,0.010132720056174608,0.0912605667
7.5,42,411.0,0.011860070974151002,0.10861361700000001
7.5,42,412.0,0.012249287431363167,0.11102813
7.5,42,413.0,0.011533949690469655,0.103121971
7.5,42,414.0,0.011286311208699005,0.102868973
7.5,42,415.0,0.011997872748535874,0.111657036
7.5,42,416.0,0.01188629332069467,0.109246872
7.5,42,417.0,0.005744028797484216,0.10486619600000001
7.5,42,418.0,0.01120316886972582,0.10140535
7.5,42,419.0,0.011442703241273916,0.104575874
7.5,42,420.0,0.009655930796394112,0.0871064224
7.5,42,421.0,0.012061258695265106,0.109638374
7.5,42,422.0,0.01152235516628832,0.105052422
7.5,42,423.0,0.00990639246833415,0.0893949966
7.5,42,424.0,0.011096934110930072,0.0949553299
7.5,42,425.0,0.011783845714103087,0.0985965958
7.5,42,426.0,0.011522998477679297,0.09559745789999999
7.5,42,427.0,0.011300178219992126,0.0927113342
7.5,42,428.0,0.011642245836366517,0.0935470428
7.5,42,429.0,0.010816070565455761,0.0844910049
7.5,42,430.0,0.008797849951056853,0.0679311371
7.5,42,431.0,0.007980933960222421,0.0598821182
7.5,42,432.0,0.014729286114701066,0.108019852
7.5,42,433.0,0.013362668659007015,0.0955497208
7.5,42,434.0,0.012863292911977617,0.0912504578
7.5,42,435.0,0.014207773804207346,0.0975417938
7.5,42,436.0,0.01605240428104967,0.107575836
7.5,42,437.0,0.016629674378757373,0.108881332
7.5,42,438.0,0.015090223798263757,0.09957588199999999
7.5,42,439.0,0.014733761335727522,0.0926671066
7.5,42,440.0,0.016823684203508917,0.10865797399999999
7.5,42,441.0,0.017019009340699456,0.105928009
7.5,42,442.0,0.01828453739314769,0.112640968
7.5,42,443.0,0.018606883572192406,0.109755409
7.5,42,444.0,0.01881878148948294,0.109489532
7.5,42,445.0,0.01988504277478797,0.113858498
7.5,42,446.0,0.018014757505390982,0.100807549
7.5,42,447.0,0.0209821372182716,0.115557991
7.5,42,448.0,0.02146930599917315,0.11609259
7.5,42,449.0,0.022094860215380704,0.118330727
7.5,42,450.0,0.02304502106322984,0.119630119
7.5,42,451.0,0.02522920968598017,0.131289627
7.5,42,452.0,0.02369562651887923,0.120326302
7.5,42,453.0,0.022344928559693104,0.110987961
7.5,42,454.0,0.024334481093021623,0.121326546
7.5,42,455.0,0.02470800306782863,0.119778351
7.5,42,456.0,0.02563303096683961,0.12151342
7.5,42,457.0,0.026135973968597143,0.12084969300000001
7.5,42,458.0,0.02601744952922553,0.11812732699999999
7.5,42,459.0,0.026307379136853822,0.119763489
7.5,42,460.0,0.026331173670116958,0.115686615
7.5,42,461.0,0.027645212956639503,0.121631012
7.5,42,462.0,0.02767127995090919,0.117582397
7.5,42,463.0,0.027785946427617357,0.11887985999999999
7.5,42,464.0,0.028324882810036724,0.117679817
7.5,42,465.0,0.028211586597294485,0.114912727
7.5,42,466.0,0.029731988837926472,0.123179939
7.5,42,467.0,0.028932627510473003,0.11350993300000001
7.5,42,468.0,0.031004322395510868,0.123447418
7.5,42,469.0,0.03098508883898247,0.117515358
7.5,42,470.0,0.030902432475128166,0.118207817
7.5,42,471.0,0.03128865752001441,0.116881859
7.5,42,472.0,0.03183835291540609,0.118149757
7.5,42,473.0,0.031576019807967926,0.113791145
7.5,42,474.0,0.03165848703936971,0.11452622999999999
7.5,42,475.0,0.03287830821298347,0.11794458799999999
7.5,42,476.0,0.032002197745557,0.114301643
7.5,42,477.0,0.03189034541355311,0.112811249
7.5,42,478.0,0.033674152251135195,0.119007408
7.5,42,479.0,0.03256670525324182,0.113580872
7.5,42,480.0,0.03384704933376895,0.11381317099999999
7.5,42,481.0,0.03454954378029492,0.114447678
7.5,42,482.0,0.03602178342231201,0.118078041
7.5,42,483.0,0.0367400917696564,0.117550507
7.5,42,484.0,0.03569213795754596,0.109283157
7.5,42,485.0,0.03620622815717147,0.11454335
7.5,42,486.0,0.029529409968655683,0.0916311188
7.5,42,487.0,0.033689444308237115,0.10220417000000001
7.5,42,488.0,0.03689011648657505,0.108578987
7.5,42,489.0,0.034535522395674256,0.10025511899999999
7.5,42,490.0,0.03986890431918189,0.116608536
7.5,42,491.0,0.037608416741295524,0.106213181
7.5,42,492.0,0.03648806957877265,0.10397242
7.5,42,493.0,0.039674202575085395,0.112083908
7.5,42,494.0,0.03861343422352756,0.10587988300000001
7.5,42,495.0,0.041560450936738505,0.11285774999999999
7.5,42,496.0,0.04074855805062237,0.110440125
7.5,42,497.0,0.03989224670971518,0.105025307
7.5,42,498.0,0.03920521961696729,0.102732101
7.5,42,499.0,0.03947053420368814,0.10436432600000001
7.5,42,500.0,0.03957484199125553,0.101561569
7.5,42,501.0,0.03874182539882147,0.10031999999999999
7.5,42,502.0,0.0382406211364705,0.0987388153
7.5,42,503.0,0.040253910379959,0.10206349199999999
7.5,42,504.0,0.03644955873944148,0.0910973969
7.5,42,505.0,0.041076817327227046,0.100111641
7.5,42,506.0,0.04403937709940754,0.10821244000000001
7.5,42,507.0,0.040896606862043196,0.100200424
7.5,42,508.0,0.04039106090696041,0.09614559939999999
7.5,42,509.0,0.04404847503605767,0.10510994
7.5,42,510.0,0.043378891072059486,0.10115329699999999
7.5,42,511.0,0.04373996515549305,0.101267601
7.5,42,512.0,0.04620059976916295,0.10551598400000001
7.5,42,513.0,0.04294144428619129,0.0947017975
7.5,42,514.0,0.0422499995344677,0.09603813929999999
7.5,42,515.0,0.04359102798280797,0.0946421356
7.5,42,516.0,0.04602381901020588,0.09751203160000001
7.5,42,517.0,0.03422337566381581,0.0736008377
7.5,42,518.0,0.042477496245411875,0.0905848846
7.5,42,519.0,0.040544092947347815,0.0838999786
7.5,42,520.0,0.044780008166671596,0.0924931488
7.5,42,521.0,0.045167169214882265,0.0892110214
7.5,42,522.0,0.047085248476927306,0.0959017792
7.5,42,523.0,0.04405879195681693,0.0893680038
7.5,42,524.0,0.04795224312561532,0.0974703522
7.5,42,525.0,0.04751623826259258,0.0943181152
7.5,42,526.0,0.04553829329301199,0.09193542480000001
7.5,42,527.0,0.03983100290664219,0.0774015045
7.5,42,528.0,0.04796427672685467,0.0936019821
7.5,42,529.0,0.04936155791772982,0.0949444351
7.5,42,530.0,0.046752961945187875,0.0870125351
7.5,42,531.0,0.051173803802072815,0.09621132660000001
7.5,42,532.0,0.049026937186094924,0.0895167694
7.5,42,533.0,0.04329512928188327,0.0808198395
7.5,42,534.0,0.047418391391013885,0.0862331772
7.5,42,535.0,0.048562754198169515,0.08940543370000001
7.5,42,536.0,0.05190520144649922,0.0904990311
7.5,42,537.0,0.04855563595227679,0.0845834045
7.5,42,538.0,0.05106537726050992,0.0896192856
7.5,42,539.0,0.05102567523914854,0.089001152
7.5,42,540.0,0.050208340977131144,0.0864640427
7.5,42,541.0,0.04533750485151989,0.0758806381
7.5,42,542.0,0.05118901623819748,0.086712883
7.5,42,543.0,0.04970619679566999,0.0846994629
7.5,42,544.0,0.05270427600790838,0.0864147797
7.5,42,545.0,0.05171092978620609,0.0851324539
7.5,42,546.0,0.05025573882278581,0.08223538209999999
7.5,42,547.0,0.053191534460303974,0.08651828
7.5,42,548.0,0.05020347731015663,0.0790080795
7.5,42,549.0,0.05299657375224212,0.08502178960000001
7.5,42,550.0,0.052178522509850854,0.0801529083
7.5,42,551.0,0.052308510934158954,0.0855774841
7.5,42,552.0,0.05478446553753592,0.08597285460000001
7.5,42,553.0,0.05300001938266435,0.0833928223
7.5,42,554.0,0.05501620043394148,0.08150016019999999
7.5,42,555.0,0.05543422453082876,0.0844839096
7.5,42,556.0,0.053988597482564835,0.0819531174
7.5,42,557.0,0.052417136658691174,0.0780621185
7.5,42,558.0,0.054464081167160276,0.07826474
7.5,42,559.0,0.051549807601898694,0.0768377914
7.5,42,560.0,0.05181403869069793,0.0763049927
7.5,42,561.0,0.05700752551296035,0.0826384964
7.5,42,562.0,0.05243661925919433,0.0743556595
7.5,42,563.0,0.05487568807433325,0.0783688278
7.5,42,564.0,0.05412206338568607,0.07753306580000001
7.5,42,565.0,0.05477276242861528,0.0772400436
7.5,42,566.0,0.05055270901322246,0.0683792038
7.5,42,567.0,0.05402865792885006,0.0755401077
7.5,42,568.0,0.05379146181656201,0.0765730057
7.5,42,569.0,0.050864110832101905,0.0715297165
7.5,42,570.0,0.05110493583358605,0.0693381119
7.5,42,571.0,0.04951566954025308,0.0677650909
7.5,42,572.0,0.05117696266645072,0.0696191635
7.5,42,573.0,0.052213536160913884,0.0702623138
7.5,42,574.0,0.051162252103535144,0.0707130356
7.5,42,575.0,0.050479483166756045,0.067001236
7.5,42,576.0,0.04936958031855605,0.0669270248
7.5,42,577.0,0.05134122779094058,0.0673372498
7.5,42,578.0,0.05094936231770993,0.0655183258
7.5,42,579.0,0.051216696536203005,0.0668908463
7.5,42,580.0,0.05365399672143736,0.06785135649999999
7.5,42,581.0,0.0536709258380421,0.06876925660000001
7.5,42,582.0,0.05538261630179165,0.0669238434
7.5,42,583.0,0.05669162654465414,0.07057963560000001
7.5,42,584.0,0.057790009542707375,0.07209174350000001
7.5,42,585.0,0.05777202877657191,0.0707668839
7.5,42,586.0,0.05590223937617917,0.06616461180000001
7.5,42,587.0,0.05820364391322411,0.0701039581
7.5,42,588.0,0.057226127516535684,0.0696587372
7.5,42,589.0,0.04624239699696185,0.060492424
7.5,42,590.0,0.0473758692207434,0.0590658798
7.5,42,591.0,0.05273247814963041,0.064309906
7.5,42,592.0,0.048717407504390485,0.059360393500000004
7.5,42,593.0,0.05621169335269212,0.0640386887
7.5,42,594.0,0.05310082188933966,0.0618092155
7.5,42,595.0,0.053538551394940216,0.0637541046
7.5,42,596.0,0.05617829705167689,0.063135067
7.5,42,597.0,0.056522645117260795,0.0661103745
7.5,42,598.0,0.05554169105224788,0.060294727299999996
7.5,42,599.0,0.05755298872709548,0.0637425766
7.5,42,600.0,0.058816764073834585,0.0638307571
7.5,42,601.0,0.05956952037172492,0.06667570499999999
7.5,42,602.0,0.05948485442661519,0.0629008408
7.5,42,603.0,0.06002098854221379,0.0646155014
7.5,42,604.0,0.062429839630170424,0.0662713394
7.5,42,605.0,0.0625594894695359,0.067084404
7.5,42,606.0,0.0623539330367682,0.0652061005
7.5,42,607.0,0.062482579129715506,0.0619413376
7.5,42,608.0,0.06279919520892176,0.0656244965
7.5,42,609.0,0.06235910344029441,0.062385757400000005
7.5,42,610.0,0.06178770480229135,0.061038646700000004
7.5,42,611.0,0.06313189994658107,0.0628382111
7.5,42,612.0,0.06283823585406717,0.061601707500000005
7.5,42,613.0,0.06232593412432746,0.061261520400000005
7.5,42,614.0,0.0603528089649208,0.0605351868
7.5,42,615.0,0.06357957593960736,0.0627635651
7.5,42,616.0,0.06090623075257417,0.0604042168
7.5,42,617.0,0.0615573320772278,0.060244381
7.5,42,618.0,0.06466459879872972,0.0634644203
7.5,42,619.0,0.06435843108015829,0.061566021
7.5,42,620.0,0.0655258932380773,0.061912487
7.5,42,621.0,0.06676862058368996,0.0630321579
7.5,42,622.0,0.06327930356703375,0.0589071236
7.5,42,623.0,0.06379237801183141,0.0597962685
7.5,42,624.0,0.06382206984898524,0.0604831581
7.5,42,625.0,0.061997240587081275,0.0570153084
7.5,42,626.0,0.06226583738543169,0.0593781853
7.5,42,627.0,0.06313224649362141,0.06010849
7.5,42,628.0,0.054790221481560444,0.052819232900000006
7.5,42,629.0,0.060865118656758234,0.0592218742
7.5,42,630.0,0.059078645038542904,0.0550731392
7.5,42,631.0,0.06433845065275802,0.060115058900000004
7.5,42,632.0,0.060773569543427976,0.0553631172
7.5,42,633.0,0.06602692207322591,0.0600528755
7.5,42,634.0,0.064849019647296,0.057890811900000005
7.5,42,635.0,0.06667634248157614,0.0589726715
7.5,42,636.0,0.06487436561487987,0.0591858292
7.5,42,637.0,0.06809364391034019,0.060107849100000006
7.5,42,638.0,0.07045097852917286,0.060516468000000004
7.5,42,639.0,0.07054187840522301,0.0593512688
7.5,42,640.0,0.06923190814221672,0.058934707600000004
7.5,42,641.0,0.07025397025673362,0.0603303375
7.5,42,642.0,0.07048560960796647,0.061523567200000004
7.5,42,643.0,0.07179812121593528,0.0629095039
7.5,42,644.0,0.07172880319313775,0.0603050117
7.5,42,645.0,0.0723275156115986,0.0614328308
7.5,42,646.0,0.06753887574501409,0.0587692451
7.5,42,647.0,0.06541640708488597,0.058206962599999995
7.5,42,648.0,0.06291169664767958,0.0560690308
7.5,42,649.0,0.06716166901580069,0.0557375832
7.5,42,650.0,0.06724194928085184,0.0535516777
7.5,42,651.0,0.07338006616462044,0.06043787
7.5,42,652.0,0.06973590462087166,0.0581566772
7.5,42,653.0,0.07367881699337134,0.057361389199999994
7.5,42,654.0,0.07271633760560525,0.0579245186
7.5,42,655.0,0.06625846587928606,0.054481845900000006
7.5,42,656.0,0.05909155903894877,0.0485823021
7.5,42,657.0,0.06423050992968257,0.050021060900000004
7.5,42,658.0,0.0738643929987388,0.0575715218
7.5,42,659.0,0.07565008593979845,0.061165062
7.5,42,660.0,0.07580593825962115,0.058413150799999994
7.5,42,661.0,0.07721054471092989,0.0581469193
7.5,42,662.0,0.07820886606897484,0.0618624725
7.5,42,663.0,0.07746778103161424,0.058575470000000004
7.5,42,664.0,0.07685933331710666,0.0577195549
7.5,42,665.0,0.07739761850435305,0.0579478607
7.5,42,666.0,0.0787792650068717,0.0622325935
7.5,42,667.0,0.07777947770916191,0.0584734077
7.5,42,668.0,0.07842344877951316,0.057330566400000005
7.5,42,669.0,0.07995895590268741,0.058712268799999995
7.5,42,670.0,0.07926093080350925,0.0554869995
7.5,42,671.0,0.07893053637945224,0.0589789009
7.5,42,672.0,0.0787655781608817,0.0589678345
7.5,42,673.0,0.0797694284779029,0.058848484
7.5,42,674.0,0.08007447288806409,0.0564737892
7.5,42,675.0,0.07929752186360527,0.058522975899999996
7.5,42,676.0,0.08090705535038281,0.0558895264
7.5,42,677.0,0.07952971882273127,0.0586573792
7.5,42,678.0,0.08124910511077411,0.0566758842
7.5,42,679.0,0.08028852983910012,0.057326519
7.5,42,680.0,0.08008380185607443,0.0561588669
7.5,42,681.0,0.08023080319480269,0.056573745700000004
7.5,42,682.0,0.08069007474316724,0.0560711365
7.5,42,683.0,0.08101587242631282,0.0578953362
7.5,42,684.0,0.0799153303945141,0.055761917099999996
7.5,42,685.0,0.0814169232887424,0.0542675858
7.5,42,686.0,0.07822746840083765,0.052639431
7.5,42,687.0,0.025417723313829712,0.0236041298
7.5,42,688.0,0.04187090879019581,0.0314132938
7.5,42,689.0,0.05549609773120064,0.039472599000000004
7.5,42,690.0,0.05575873953308341,0.042008377099999994
7.5,42,691.0,0.06441151308043176,0.0448652687
7.5,42,692.0,0.06960615923633348,0.0466374626
7.5,42,693.0,0.06447291638651166,0.0452713394
7.5,42,694.0,0.058007217265497416,0.0425143852
7.5,42,695.0,0.06719889743529332,0.0468409843
7.5,42,696.0,0.06693794855812364,0.0473676453
7.5,42,697.0,0.07905065010574032,0.051569488499999996
7.5,42,698.0,0.07733998740522834,0.0492634277
7.5,42,699.0,0.07150909785165958,0.0489752159
7.5,42,700.0,0.0712895518826621,0.0480089531
7.5,42,701.0,0.06388838459462598,0.0443298836
7.5,42,702.0,0.06546782800883724,0.0450306664
7.5,42,703.0,0.06992361564316525,0.0481628189
7.5,42,704.0,0.0720506254400469,0.047167942
7.5,42,705.0,0.07209499194541345,0.049344062800000005
7.5,42,706.0,0.0743199121801294,0.0492434692
7.5,42,707.0,0.07477741509858936,0.0472732544
7.5,42,708.0,0.0785425746835785,0.0507440872
7.5,42,709.0,0.07640270675150126,0.048166858699999995
7.5,42,710.0,0.07739227280415067,0.0505754776
7.5,42,711.0,0.07918269797230928,0.0482959366
7.5,42,712.0,0.07756768329914182,0.0472725105
7.5,42,713.0,0.07819893968258271,0.0488264694
7.5,42,714.0,0.07874746987065644,0.048571002999999995
7.5,42,715.0,0.07045682597205812,0.0437108192
7.5,42,716.0,0.07426642385181953,0.0459910927
7.5,42,717.0,0.05465330590170503,0.037214283
7.5,42,718.0,0.045848464249898815,0.0320012703
7.5,42,719.0,0.036754276442543525,0.0259840298
7.5,42,720.0,0.03786624264879014,0.0287796841
7.5,42,721.0,0.06395273557370477,0.040537078899999995
7.5,42,722.0,0.06541890065726212,0.0414102402
7.5,42,723.0,0.06295985533050871,0.0405880814
7.5,42,724.0,0.044855854979077785,0.0318279972
7.5,42,725.0,0.04264053050790911,0.029456458999999997
7.5,42,726.0,0.0525437273556896,0.035557621
7.5,42,727.0,0.04969054618311804,0.032900348700000005
7.5,42,728.0,0.0404157019025801,0.029910701799999998
7.5,42,729.0,0.03961581860088394,0.027831407500000002
7.5,42,730.0,0.055501977153003,0.0358393097
7.5,42,731.0,0.04722168998565258,0.0317588692
7.5,42,732.0,0.05004494032761236,0.0326776848
7.5,42,733.0,0.06351330505076722,0.0384482918
7.5,42,734.0,0.07563980882952782,0.0430256577
7.5,42,735.0,0.06771454115765863,0.040595832799999995
7.5,42,736.0,0.0716012565223075,0.042687854799999994
7.5,42,737.0,0.07239747099379275,0.0426964302
7.5,42,738.0,0.07477100991728473,0.0403619423
7.5,42,739.0,0.07301277015865615,0.0426437302
7.5,42,740.0,0.07758910577991374,0.0433787651
7.5,42,741.0,0.07975092182173898,0.0444931564
7.5,42,742.0,0.07935598937456972,0.0420274887
7.5,42,743.0,0.0816103146803952,0.044173969300000004
7.5,42,744.0,0.08319857722730999,0.0457219086
7.5,42,745.0,0.0820549354468402,0.043854507400000006
7.5,42,746.0,0.08377884668638874,0.0433681145
7.5,42,747.0,0.08504425126105912,0.046158123
7.5,42,748.0,0.08369326066215005,0.046044288600000004
7.5,42,749.0,0.08383622273733386,0.046444919599999995
7.5,42,750.0,0.08283412512602178,0.0427555771
7.5,42,751.0,0.08265451625605788,0.042061973600000004
7.5,42,752.0,0.08447043475587136,0.0441677399
7.5,42,753.0,0.08379736130465038,0.0429825211
7.5,42,754.0,0.08520545724318192,0.043791492499999994
7.5,42,755.0,0.0848156313722309,0.0432567749
7.5,42,756.0,0.08322365626883077,0.044022369400000004
7.5,42,757.0,0.08416794761486816,0.0392925339
7.5,42,758.0,0.08445741724819507,0.0422637177
7.5,42,759.0,0.07755647423185873,0.038118057299999994
7.5,42,760.0,0.000820146229544778,0.00289164996
7.5,42,761.0,0.0,0.0009144203659999999
7.5,42,762.0,0.021564133538873403,0.0159560146
7.5,42,763.0,0.0095583239494303,0.008845593450000001
7.5,42,764.0,0.015546615286196969,0.0117031441
7.5,42,765.0,0.03056080105118293,0.0188351936
7.5,42,766.0,0.04997843840741197,0.0261329517
7.5,42,767.0,0.05365647436961807,0.0310124474
7.5,42,768.0,0.07439491057228614,0.037260685
7.5,42,769.0,0.07704900419017643,0.0383880463
7.5,42,770.0,0.07796667093405096,0.0382082329
7.5,42,771.0,0.08139460069934892,0.0391921005
7.5,42,772.0,0.08304112361216115,0.0419164734
7.5,42,773.0,0.08277756969324715,0.039620685600000004
7.5,42,774.0,0.08365525156550176,0.0401537323
7.5,42,775.0,0.08060924470179448,0.036014808700000005
7.5,42,776.0,0.0840764103794214,0.0409042625
7.5,42,777.0,0.08371543980325825,0.0395419464
7.5,42,778.0,0.08340399817389019,0.0379834862
7.5,42,779.0,0.08380592551970051,0.0405148201
7.5,42,780.0,0.08287784630989402,0.0382554588
7.5,42,781.0,0.08296409371034867,0.040417995500000005
7.5,42,782.0,0.08405613522387909,0.0409434052
7.5,42,783.0,0.08228736356785264,0.036881507900000006
7.5,42,784.0,0.08235940619438656,0.038802433
7.5,42,785.0,0.08238113932749598,0.0383875923
7.5,42,786.0,0.07952107498670388,0.037406662
7.5,42,787.0,0.07944893668447106,0.0353357544
7.5,42,788.0,0.07586309920340151,0.0355857506
7.5,42,789.0,0.07697398987382421,0.0355476379
7.5,42,790.0,0.07139460066742273,0.0343507423
7.5,42,791.0,0.07220597575613431,0.0357230949
7.5,42,792.0,0.07255318782742791,0.034454666099999996
7.5,42,793.0,0.07490649923743778,0.0360201988
7.5,42,794.0,0.0794455269487517,0.03506948469999999
7.5,42,795.0,0.07574923128593733,0.035755146
7.5,42,796.0,0.06605519978961323,0.031083725
7.5,42,797.0,0.07431068671938948,0.0327802467
7.5,42,798.0,0.0756832034368671,0.033305656399999994
7.5,42,799.0,0.07704314069256951,0.034081832900000004
7.5,42,800.0,0.07071383139190844,0.0301111507
7.5,42,801.0,0.06968330856961183,0.0326346245
7.5,42,802.0,0.07201661566592824,0.0323043289
7.5,42,803.0,0.07052544306920344,0.0315739155
7.5,42,804.0,0.07105024855552686,0.0331326256
7.5,42,805.0,0.07096249553544492,0.0319963493
7.5,42,806.0,0.07791015518123875,0.034483654
7.5,42,807.0,0.07490093059849907,0.0344625854
7.5,42,808.0,0.07738193995919596,0.0361918144
7.5,42,809.0,0.07183266484218012,0.0310171375
7.5,42,810.0,0.06862540435428988,0.0317909279
7.5,42,811.0,0.06894470914252968,0.030543216699999997
7.5,42,812.0,0.06436383251504475,0.0308642025
7.5,42,813.0,0.05807188281269946,0.0275753975
7.5,42,814.0,0.048764809265830926,0.0233813152
7.5,42,815.0,0.04554383412987174,0.020388254199999997
7.5,42,816.0,0.0483429253789135,0.0243057423
7.5,42,817.0,0.032337577356473475,0.0172370586
7.5,42,818.0,0.046194166655253194,0.023908422500000002
7.5,42,819.0,0.045791478602794616,0.0217362041
7.5,42,820.0,0.04244065039818865,0.021677101100000002
7.5,42,821.0,0.06679119822126302,0.029311029399999997
7.5,42,822.0,0.05721465543897527,0.0250756111
7.5,42,823.0,0.028105731160665944,0.015571626699999999
7.5,42,824.0,0.05160557831120571,0.0255229912
7.5,42,825.0,0.0638398156679747,0.0282323971
7.5,42,826.0,0.0543503846305865,0.0248592091
7.5,42,827.0,0.06324717780797359,0.0284368038
7.5,42,828.0,0.04446714040812733,0.020924341200000002
7.5,42,829.0,0.058382480068130065,0.0252700481
7.5,42,830.0,0.05582663951932866,0.025170381500000002
10,21,360.0,0.010313630899833625,0.0875243683
10,21,361.0,0.008181383168144726,0.0702379303
10,21,362.0,0.008975611087695921,0.0784350967
10,21,363.0,0.0,0.0827847672
10,21,364.0,0.0,0.08117822270000001
10,21,365.0,0.008962937097611815,0.0776167755
10,21,366.0,0.006162079909916583,0.104742325
10,21,367.0,0.0,0.0978930588
10,21,368.0,0.010442317639853772,0.0900586395
10,21,369.0,0.0,0.0856294479
10,21,370.0,0.005799080341498488,0.0997822342
10,21,371.0,0.009280916274826809,0.0827666321
10,21,372.0,0.0,0.0825889359
10,21,373.0,0.009771059823395387,0.0843314209
10,21,374.0,0.0,0.0672682037
10,21,375.0,0.0,0.0601319427
10,21,376.0,0.009962133508867104,0.08933732600000001
10,21,377.0,0.010209668795118318,0.0913179169
10,21,378.0,0.0,0.11500529500000001
10,21,379.0,0.0,0.0888123245
10,21,380.0,0.009555382066548584,0.0822202454
10,21,381.0,0.005360164672364161,0.0916503601
10,21,382.0,0.008001461255466866,0.0704065933
10,21,383.0,0.005570648438568768,0.049356834399999994
10,21,384.0,0.0,0.0547776909
10,21,385.0,0.009202078265684244,0.0819286575
10,21,386.0,0.007132424815371052,0.065852829
10,21,387.0,0.008173141408877028,0.0725437775
10,21,388.0,0.00807995481608421,0.0689436951
10,21,389.0,0.009186386982229818,0.0785842743
10,21,390.0,0.011209695209933215,0.09758078
10,21,391.0,0.012813961559328823,0.109285866
10,21,392.0,0.011604653666197026,0.0984574738
10,21,393.0,0.006407755146347899,0.054335022000000004
10,21,394.0,0.007237852840637406,0.0574777298
10,21,395.0,0.012394332107682255,0.0981410294
10,21,396.0,0.013092448869197186,0.0999681702
10,21,397.0,0.0054458699286241,0.042778621700000005
10,21,398.0,0.015491017320645485,0.113527977
10,21,399.0,0.01895150489491698,0.133530121
10,21,400.0,0.019007857896126162,0.12851748699999999
10,21,401.0,0.019309512564442046,0.13018516500000002
10,21,402.0,0.020865934030835892,0.139914505
10,21,403.0,0.01994731641697464,0.131559464
10,21,404.0,0.021745556515327547,0.13913729900000002
10,21,405.0,0.0203371239299795,0.126934906
10,21,406.0,0.02052143028549527,0.123879822
10,21,407.0,0.020451112324189936,0.123550903
10,21,408.0,0.022419236775958834,0.13283935500000002
10,21,409.0,0.02524163958704072,0.14329852299999998
10,21,410.0,0.021456740698675644,0.12085173
10,21,411.0,0.02569773902835171,0.138566681
10,21,412.0,0.027134159879679754,0.147718658
10,21,413.0,0.02592068140880566,0.134938095
10,21,414.0,0.025960161363887305,0.133871109
10,21,415.0,0.02811490012910135,0.142232071
10,21,416.0,0.028489159531574267,0.14196968100000001
10,21,417.0,0.02793236498499778,0.133925842
10,21,418.0,0.027704403998561077,0.132954834
10,21,419.0,0.028942460806150323,0.137088348
10,21,420.0,0.024820942320655234,0.11230892199999999
10,21,421.0,0.031564848700268336,0.143578568
10,21,422.0,0.030603882984374917,0.134711426
10,21,423.0,0.026269657810258452,0.112883621
10,21,424.0,0.0292809973055136,0.12454644000000001
10,21,425.0,0.030897311764866545,0.126025787
10,21,426.0,0.030077991562088756,0.12544355799999998
10,21,427.0,0.029343174292953553,0.120449173
10,21,428.0,0.030088924104058307,0.118493126
10,21,429.0,0.027805777373608544,0.109644943
10,21,430.0,0.02250374231432409,0.0874268723
10,21,431.0,0.020356251797694045,0.0779756699
10,21,432.0,0.0373359585399954,0.13622554
10,21,433.0,0.03370238049390919,0.124041061
10,21,434.0,0.03232557427751144,0.115892044
10,21,435.0,0.03555256987568564,0.124366501
10,21,436.0,0.03997857679410796,0.138302536
10,21,437.0,0.04115511352531337,0.142920151
10,21,438.0,0.03721456960774916,0.123338989
10,21,439.0,0.03622585664954634,0.122270302
10,21,440.0,0.04117028030444716,0.134872635
10,21,441.0,0.041491132994341366,0.131834015
10,21,442.0,0.04435277734155696,0.140064407
10,21,443.0,0.044996446334938434,0.13971815499999998
10,21,444.0,0.04529236036814883,0.135660965
10,21,445.0,0.04778186520984447,0.14507029700000001
10,21,446.0,0.04309870079498523,0.127608093
10,21,447.0,0.04993068187760735,0.15047876
10,21,448.0,0.050965120047601606,0.147928986
10,21,449.0,0.05217089079681359,0.149297867
10,21,450.0,0.05413119465560492,0.152301208
10,21,451.0,0.05905180037916058,0.166505768
10,21,452.0,0.055301306056940294,0.152606491
10,21,453.0,0.0519340534364791,0.14206366
10,21,454.0,0.056257902611035436,0.151468155
10,21,455.0,0.056980878463639154,0.1509608
10,21,456.0,0.05891387493095512,0.152020813
10,21,457.0,0.059855612236839106,0.15184410099999998
10,21,458.0,0.05936479427347811,0.150366455
10,21,459.0,0.05985220473864876,0.15033042900000002
10,21,460.0,0.05974152312668563,0.150545746
10,21,461.0,0.0625096291046301,0.149442352
10,21,462.0,0.06229990847007188,0.148807541
10,21,463.0,0.062463673461706885,0.147954422
10,21,464.0,0.06341705318331076,0.14783873
10,21,465.0,0.0629800552151913,0.146836853
10,21,466.0,0.06602319073366633,0.150353653
10,21,467.0,0.06407926710747434,0.14517836
10,21,468.0,0.06845035969983945,0.153273041
10,21,469.0,0.06826072338715837,0.149339111
10,21,470.0,0.06788203925547032,0.14439991800000002
10,21,471.0,0.0684834063372349,0.146725739
10,21,472.0,0.06958248035286486,0.15157974200000002
10,21,473.0,0.06895493997587326,0.141966187
10,21,474.0,0.06920109338729143,0.14406845100000001
10,21,475.0,0.071905665838232,0.144241486
10,21,476.0,0.06993499657241939,0.143249771
10,21,477.0,0.06959776885937119,0.140629608
10,21,478.0,0.073345306126774,0.145617111
10,21,479.0,0.0706586770893281,0.138281342
10,21,480.0,0.073034993707616,0.142696686
10,21,481.0,0.07403441398610192,0.144224258
10,21,482.0,0.07676080915082625,0.14416897599999998
10,21,483.0,0.07790831902630105,0.145709259
10,21,484.0,0.07546361471985075,0.141288589
10,21,485.0,0.07639103838009785,0.139238754
10,21,486.0,0.06219092270621185,0.111174881
10,21,487.0,0.07067716124324804,0.126360695
10,21,488.0,0.07720103437032763,0.13765930199999998
10,21,489.0,0.07211741624633895,0.126527473
10,21,490.0,0.08296275383755101,0.14424172999999998
10,21,491.0,0.07809329184352269,0.135026077
10,21,492.0,0.0755730986803325,0.128998428
10,21,493.0,0.08196252800516887,0.139413574
10,21,494.0,0.079603026260869,0.13075056499999999
10,21,495.0,0.08551593529234892,0.13933424400000002
10,21,496.0,0.0836926929820792,0.136917709
10,21,497.0,0.08174302490052181,0.128142441
10,21,498.0,0.08019771604925775,0.129525162
10,21,499.0,0.08055069330472397,0.129081055
10,21,500.0,0.0806117945417033,0.127091393
10,21,501.0,0.07886873636124939,0.119090172
10,21,502.0,0.07794600780043005,0.117756836
10,21,503.0,0.08215712440439683,0.12376413
10,21,504.0,0.07487741424357179,0.112132858
10,21,505.0,0.08345319550531101,0.125499733
10,21,506.0,0.08943815950081747,0.133260178
10,21,507.0,0.08308021866827833,0.125020798
10,21,508.0,0.08145195426228288,0.12161512000000001
10,21,509.0,0.08855947367459616,0.12776095599999998
10,21,510.0,0.08685179370561921,0.123378136
10,21,511.0,0.08739243046291197,0.12157885
10,21,512.0,0.09214768161941425,0.127472145
10,21,513.0,0.08531836603631932,0.11903111300000001
10,21,514.0,0.08382695671116219,0.113309509
10,21,515.0,0.08625477737894609,0.11550444
10,21,516.0,0.09093625653824107,0.124101341
10,21,517.0,0.0674579716516045,0.0913665543
10,21,518.0,0.08366046266476695,0.109750587
10,21,519.0,0.07969277024380994,0.102638931
10,21,520.0,0.08793588657201731,0.110719887
10,21,521.0,0.08851113853069437,0.112850662
10,21,522.0,0.09219535429551823,0.11655399300000001
10,21,523.0,0.08616261152487123,0.107645805
10,21,524.0,0.09369062156223856,0.11690244300000001
10,21,525.0,0.09284128852937736,0.115290695
10,21,526.0,0.08883059752031464,0.109156593
10,21,527.0,0.07766257351445222,0.0943492279
10,21,528.0,0.09343994235836589,0.11331158399999999
10,21,529.0,0.09613075787972715,0.11356648300000001
10,21,530.0,0.09098332509233494,0.107073479
10,21,531.0,0.09944340630977644,0.113778572
10,21,532.0,0.09516427813960009,0.11042827599999999
10,21,533.0,0.08391393968807823,0.0958406143
10,21,534.0,0.091727879856681,0.10504258
10,21,535.0,0.09383363959055047,0.107338577
10,21,536.0,0.10009520169057637,0.112517258
10,21,537.0,0.09342890927410145,0.103410912
10,21,538.0,0.09812509400297034,0.109228348
10,21,539.0,0.09796854148839473,0.106997704
10,21,540.0,0.09626073961839707,0.10562777699999999
10,21,541.0,0.0872327937830528,0.09625144199999999
10,21,542.0,0.09817697434806735,0.10726622000000001
10,21,543.0,0.09496793831266834,0.102899788
10,21,544.0,0.10055698463674241,0.10616590100000001
10,21,545.0,0.09874175497433475,0.103532425
10,21,546.0,0.09610114513504506,0.10159523799999999
10,21,547.0,0.1013373944504613,0.105493484
10,21,548.0,0.09524060953729803,0.0948209839
10,21,549.0,0.1004556722122053,0.105197617
10,21,550.0,0.09874812473678792,0.0994268341
10,21,551.0,0.09878709590270898,0.0994073486
10,21,552.0,0.10336307094410616,0.104474197
10,21,553.0,0.09982823237750857,0.0972974167
10,21,554.0,0.10350142565060684,0.103806404
10,21,555.0,0.10417185330722224,0.103490387
10,21,556.0,0.10141027077036818,0.097326088
10,21,557.0,0.09843360985808221,0.0947486801
10,21,558.0,0.10224391764239621,0.098480896
10,21,559.0,0.0967297402510678,0.0906344452
10,21,560.0,0.09719982184364455,0.09395195769999999
10,21,561.0,0.10690921800097797,0.100984703
10,21,562.0,0.09829186362902353,0.0918841324
10,21,563.0,0.10285161211645862,0.09731016540000001
10,21,564.0,0.10142772675342818,0.09465561680000001
10,21,565.0,0.10264986696905246,0.09410633090000001
10,21,566.0,0.0947258015572478,0.08553691860000001
10,21,567.0,0.10135502008779083,0.0917457581
10,21,568.0,0.10102988540748355,0.0909573669
10,21,569.0,0.09650832389079918,0.0879295807
10,21,570.0,0.09693921170049108,0.08681603239999999
10,21,571.0,0.09372433570322897,0.08191876220000001
10,21,572.0,0.09751080714949101,0.0857210083
10,21,573.0,0.09923743230829958,0.0873984756
10,21,574.0,0.09759188678295906,0.08645278930000001
10,21,575.0,0.09603796671856452,0.0820928192
10,21,576.0,0.09403027618221783,0.0790668945
10,21,577.0,0.09779984280473582,0.085078064
10,21,578.0,0.09650587562514228,0.08303015139999999
10,21,579.0,0.09668202503116032,0.0805565109
10,21,580.0,0.10094474657421433,0.0843824158
10,21,581.0,0.1004874998393935,0.082816452
10,21,582.0,0.10325971294403614,0.0851910706
10,21,583.0,0.10527417593296,0.0871859283
10,21,584.0,0.10674110242789968,0.0850769196
10,21,585.0,0.10653926177399584,0.0870250702
10,21,586.0,0.10281099806512861,0.0809375381
10,21,587.0,0.10704010080004178,0.08205921170000001
10,21,588.0,0.1056568716848485,0.0846282349
10,21,589.0,0.08711411011576643,0.0703966751
10,21,590.0,0.08988140533036937,0.0743975372
10,21,591.0,0.09879714335991698,0.0782745438
10,21,592.0,0.09209872637787003,0.0756348495
10,21,593.0,0.10347417643127098,0.0798822708
10,21,594.0,0.09888047000080406,0.074413353
10,21,595.0,0.099821693134434,0.07619161990000001
10,21,596.0,0.10386027447190452,0.077921463
10,21,597.0,0.10449530273196528,0.07873895260000001
10,21,598.0,0.10249257245581367,0.07666651149999999
10,21,599.0,0.10525664580212817,0.0787830582
10,21,600.0,0.10689748528820572,0.0783668213
10,21,601.0,0.10773299766260643,0.0769459
10,21,602.0,0.10733608898102406,0.0754571533
10,21,603.0,0.10820867541500481,0.0797269897
10,21,604.0,0.11229851179048458,0.0776080399
10,21,605.0,0.11239058213806173,0.08025776670000001
10,21,606.0,0.11180263302463365,0.079109642
10,21,607.0,0.11182841960536902,0.0791135635
10,21,608.0,0.11216983362868442,0.0782710266
10,21,609.0,0.11129294419286105,0.07726298520000001
10,21,610.0,0.11009541409156844,0.073596283
10,21,611.0,0.11234324859684873,0.074931572
10,21,612.0,0.1116003367179116,0.0769827805
10,21,613.0,0.11052242294826758,0.07330282590000001
10,21,614.0,0.10690555089876201,0.0733917313
10,21,615.0,0.1124813171311526,0.0775538559
10,21,616.0,0.10756981039845849,0.0733556519
10,21,617.0,0.10859628905693304,0.0740133362
10,21,618.0,0.11399603299377166,0.0779681015
10,21,619.0,0.11335001384595363,0.07403669739999999
10,21,620.0,0.11533020076838417,0.0789340057
10,21,621.0,0.11748334700616081,0.07664202880000001
10,21,622.0,0.11133527527737182,0.0704009781
10,21,623.0,0.11225374303285574,0.07420268249999999
10,21,624.0,0.11233285141221092,0.0723324966
10,21,625.0,0.10918290264222666,0.07042633820000001
10,21,626.0,0.10969316381839286,0.07159116360000001
10,21,627.0,0.11142318032611126,0.07151937870000001
10,21,628.0,0.09985686991402486,0.0639202576
10,21,629.0,0.10871933928129503,0.06942868799999999
10,21,630.0,0.10557741375171167,0.0665729752
10,21,631.0,0.11352688406555717,0.0718063431
10,21,632.0,0.10690298611517786,0.06767648320000001
10,21,633.0,0.1156582181820889,0.0715577469
10,21,634.0,0.11320573443727916,0.0681807098
10,21,635.0,0.11609409802959235,0.0729185181
10,21,636.0,0.11271274917101269,0.0681874466
10,21,637.0,0.11785238116131955,0.0694112549
10,21,638.0,0.12132315084358153,0.0714208984
10,21,639.0,0.12120021713714675,0.0715621185
10,21,640.0,0.11855302585827533,0.0709632797
10,21,641.0,0.12028109229695855,0.0712950363
10,21,642.0,0.12020038357599797,0.0708100739
10,21,643.0,0.12243977096567567,0.0701326141
10,21,644.0,0.12200446346256581,0.0710567398
10,21,645.0,0.12309253078845435,0.07286159519999999
10,21,646.0,0.11598968025469403,0.0674254227
10,21,647.0,0.11347968822734907,0.0683302994
10,21,648.0,0.10970873328765064,0.0658433914
10,21,649.0,0.11618981446795595,0.0680742798
10,21,650.0,0.1142703365112714,0.0646412506
10,21,651.0,0.12430778185992608,0.0725233688
10,21,652.0,0.11931118908300878,0.06789358520000001
10,21,653.0,0.12467630739957244,0.0688779678
10,21,654.0,0.12310121111355957,0.07101398469999999
10,21,655.0,0.11338663207906731,0.0647581406
10,21,656.0,0.10036227692903256,0.055368553200000004
10,21,657.0,0.10863371284394294,0.0577361526
10,21,658.0,0.12396608166441389,0.06994787599999999
10,21,659.0,0.1262503437371088,0.0650260239
10,21,660.0,0.12665867760054075,0.0675252838
10,21,661.0,0.1284986128837778,0.070129776
10,21,662.0,0.13016397774387634,0.06666006470000001
10,21,663.0,0.12889754578216725,0.0700484238
10,21,664.0,0.12761754755657792,0.06437273410000001
10,21,665.0,0.12842217538704334,0.06769322970000001
10,21,666.0,0.13052047363236666,0.06969383999999999
10,21,667.0,0.1286345616947769,0.066929184
10,21,668.0,0.12960264177650932,0.067076355
10,21,669.0,0.13197577333992244,0.067647583
10,21,670.0,0.13071325245611895,0.0655807648
10,21,671.0,0.12996853863004215,0.0647587357
10,21,672.0,0.12964997531772232,0.06782414249999999
10,21,673.0,0.13112923847379618,0.0657373657
10,21,674.0,0.13156318943734208,0.06447741700000001
10,21,675.0,0.13011212917639584,0.06422420499999999
10,21,676.0,0.13270047681824582,0.067860672
10,21,677.0,0.1303467089367725,0.0660508423
10,21,678.0,0.13300749843078885,0.0644768143
10,21,679.0,0.13135965310898332,0.0631845207
10,21,680.0,0.13087883502322964,0.06529227450000001
10,21,681.0,0.131109895976934,0.06445144650000001
10,21,682.0,0.13162451311763698,0.060630283400000005
10,21,683.0,0.1322482327137754,0.0651813736
10,21,684.0,0.1303459563455705,0.0658381348
10,21,685.0,0.13253496839890702,0.0656734467
10,21,686.0,0.12731375857851035,0.0619470901
10,21,687.0,0.046866741223669704,0.026896059
10,21,688.0,0.07715858694153785,0.0403737259
10,21,689.0,0.09325737022720047,0.0471046524
10,21,690.0,0.09669196656297993,0.047187301599999995
10,21,691.0,0.10802217102085614,0.0541641655
10,21,692.0,0.11608599004888073,0.0565926132
10,21,693.0,0.10854384695998127,0.0536872635
10,21,694.0,0.0993898195240375,0.0493790131
10,21,695.0,0.11195028277078846,0.0549086876
10,21,696.0,0.11163370130512036,0.053069511400000005
10,21,697.0,0.12885664555864046,0.0612097015
10,21,698.0,0.12618415512946837,0.056955249799999996
10,21,699.0,0.1187614693104868,0.0539119453
10,21,700.0,0.11816243397645194,0.0548144379
10,21,701.0,0.10799911905162267,0.052312103299999996
10,21,702.0,0.10989551308780911,0.049693233499999996
10,21,703.0,0.11569679725042481,0.0538428612
10,21,704.0,0.11853447814912237,0.0542351952
10,21,705.0,0.11917526163073557,0.0530963783
10,21,706.0,0.1220077914298908,0.053261135099999996
10,21,707.0,0.12241535169069126,0.0549483795
10,21,708.0,0.12793861227089706,0.0575690002
10,21,709.0,0.12416966036292802,0.056937839500000004
10,21,710.0,0.12611424645691782,0.0548859177
10,21,711.0,0.12798337026233889,0.0543492241
10,21,712.0,0.1254166968650808,0.0543486786
10,21,713.0,0.12622193941009513,0.055790893599999995
10,21,714.0,0.1274103229409255,0.0540135689
10,21,715.0,0.11578859219199218,0.0515371323
10,21,716.0,0.12135859278393969,0.0513379135
10,21,717.0,0.09434184459864492,0.042779785199999996
10,21,718.0,0.07825654283655183,0.035638629899999996
10,21,719.0,0.06566511568864833,0.0323115616
10,21,720.0,0.06973731583425971,0.0346422234
10,21,721.0,0.10663882556138382,0.0460706863
10,21,722.0,0.10882553764460713,0.0479554329
10,21,723.0,0.1050058606728671,0.044798107100000005
10,21,724.0,0.07859081870422785,0.0356694984
10,21,725.0,0.0765072683986338,0.0354710464
10,21,726.0,0.09055982462341736,0.0408228912
10,21,727.0,0.08550954972791158,0.040663806899999995
10,21,728.0,0.07276144278131826,0.0335024948
10,21,729.0,0.0701873077218658,0.0325679932
10,21,730.0,0.09414684012619942,0.0409863548
10,21,731.0,0.08188649875530007,0.0366280098
10,21,732.0,0.08663068470262507,0.0372525711
10,21,733.0,0.1051848080719719,0.0445310783
10,21,734.0,0.122009338808802,0.0475151558
10,21,735.0,0.11112797634029935,0.046414630899999997
10,21,736.0,0.11620648608219743,0.0475685005
10,21,737.0,0.1174937125868303,0.046441974600000005
10,21,738.0,0.12063468409332555,0.0479904327
10,21,739.0,0.11737835688686891,0.044439788800000005
10,21,740.0,0.1236154149715997,0.0479475441
10,21,741.0,0.1259619439814906,0.047718502
10,21,742.0,0.12498546974684976,0.0472142715
10,21,743.0,0.1285567357072138,0.0508338547
10,21,744.0,0.13074154009155725,0.04956567
10,21,745.0,0.12854819325876166,0.0493295021
10,21,746.0,0.13102893303504135,0.051325027499999995
10,21,747.0,0.13302746623473877,0.0503230705
10,21,748.0,0.13082678502386302,0.0486589241
10,21,749.0,0.1310011434225766,0.0487263374
10,21,750.0,0.1293548031095269,0.0478468781
10,21,751.0,0.129062577189962,0.0499284821
10,21,752.0,0.13169158142694548,0.049135227200000006
10,21,753.0,0.1305936784946257,0.0483234024
10,21,754.0,0.13275265392807845,0.0500628128
10,21,755.0,0.13211000529138894,0.0493508949
10,21,756.0,0.12960457066046685,0.047088912999999996
10,21,757.0,0.1309493266327126,0.0488210869
10,21,758.0,0.131282865884819,0.0496354713
10,21,759.0,0.12197326114246539,0.0456042404
10,21,760.0,0.002212495347278491,0.00377901912
10,21,761.0,0.0,0.00138680553
10,21,762.0,0.04304877329729426,0.0185001736
10,21,763.0,0.01964025121873901,0.0103035679
10,21,764.0,0.03425755611852529,0.015125544500000001
10,21,765.0,0.056440220521268736,0.0219197426
10,21,766.0,0.0824404527649863,0.0313095875
10,21,767.0,0.08956307505390396,0.03480736919999999
10,21,768.0,0.11734610521083082,0.0409024544
10,21,769.0,0.12165937157084743,0.044348209400000005
10,21,770.0,0.122091722192788,0.0458076096
10,21,771.0,0.12656406365445716,0.043943565399999995
10,21,772.0,0.12837080383110688,0.0443302383
10,21,773.0,0.1279295716258232,0.0437607384
10,21,774.0,0.12927579006302126,0.044770011900000004
10,21,775.0,0.12452571119113896,0.043108070400000004
10,21,776.0,0.12982315707638403,0.0465323906
10,21,777.0,0.12918398470256326,0.0457541733
10,21,778.0,0.12865493218885082,0.043968895
10,21,779.0,0.1292298979753311,0.0442763596
10,21,780.0,0.12776172086621584,0.045503620099999996
10,21,781.0,0.12781149208054693,0.0420636749
10,21,782.0,0.12946720158102262,0.042732769
10,21,783.0,0.1266746497599226,0.0442141838
10,21,784.0,0.12694006110154035,0.042948078199999996
10,21,785.0,0.1270714631086554,0.0425278473
10,21,786.0,0.12322566042128902,0.0389806366
10,21,787.0,0.12365377142297183,0.0415264168
10,21,788.0,0.11867824876863628,0.039410278300000004
10,21,789.0,0.12032144118752122,0.0423520699
10,21,790.0,0.11280112063875736,0.0376538429
10,21,791.0,0.11376360473431629,0.0405141335
10,21,792.0,0.11390804303107332,0.0375505409
10,21,793.0,0.11657730082576995,0.0401617203
10,21,794.0,0.12211269680887202,0.0395863419
10,21,795.0,0.11768759355556628,0.0372355461
10,21,796.0,0.10549476555425473,0.035628116599999995
10,21,797.0,0.11638529577829732,0.0384572372
10,21,798.0,0.11804567936677128,0.0397058334
10,21,799.0,0.11991407176606804,0.039367012
10,21,800.0,0.11117953873558305,0.036071308100000005
10,21,801.0,0.11021410835139366,0.033265304600000004
10,21,802.0,0.1133731613216848,0.0377744942
10,21,803.0,0.11115758891133323,0.036206192
10,21,804.0,0.1119862756968144,0.037346221900000004
10,21,805.0,0.1111200909765515,0.0349269753
10,21,806.0,0.12041074549327632,0.0359896698
10,21,807.0,0.11648603585844083,0.0369085999
10,21,808.0,0.11945961260544329,0.0365063972
10,21,809.0,0.11216854064435351,0.0374981308
10,21,810.0,0.10822289876358934,0.0351908951
10,21,811.0,0.1090612409086933,0.0343190193
10,21,812.0,0.10298097914057959,0.0330558281
10,21,813.0,0.09362687062771624,0.028618514999999997
10,21,814.0,0.08057528223397797,0.0274717731
10,21,815.0,0.073677282197985,0.027350793800000002
10,21,816.0,0.08051902456561832,0.0286766663
10,21,817.0,0.05644871000702669,0.020714805599999997
10,21,818.0,0.07675052310102215,0.0253276978
10,21,819.0,0.07660992156075067,0.025273811299999997
10,21,820.0,0.07129628089916003,0.0225346031
10,21,821.0,0.10524759456451546,0.0318793259
10,21,822.0,0.09228219956942937,0.0297846546
10,21,823.0,0.04968323009876478,0.018903991699999997
10,21,824.0,0.08473249948548602,0.027854085900000002
10,21,825.0,0.10064243082728606,0.0300238647
10,21,826.0,0.08922542346565407,0.0300223866
10,21,827.0,0.10010289621497698,0.0323221893
10,21,828.0,0.07500113752827042,0.0246855278
10,21,829.0,0.09313677886103425,0.0292740211
10,21,830.0,0.08877823495422825,0.0287001457
10,42,360.0,0.010313630899833625,0.086957222
10,42,361.0,0.008181383168144726,0.067894928
10,42,362.0,0.008975611087695921,0.075393074
10,42,363.0,0.0,0.0811793213
10,42,364.0,0.0,0.08175279240000001
10,42,365.0,0.008962937097611815,0.0761079788
10,42,366.0,0.006162079909916583,0.106352661
10,42,367.0,0.0,0.0958333588
10,42,368.0,0.010442317639853772,0.0902499847
10,42,369.0,0.0,0.0896891251
10,42,370.0,0.005799080341498488,0.0998199234
10,42,371.0,0.009280916274826809,0.07871488189999999
10,42,372.0,0.0,0.0852455368
10,42,373.0,0.009771059823395387,0.08603600310000001
10,42,374.0,0.0,0.0666743774
10,42,375.0,0.0,0.0593832817
10,42,376.0,0.009962133508867104,0.0863383026
10,42,377.0,0.010209668795118318,0.0875586395
10,42,378.0,0.0,0.116539345
10,42,379.0,0.0,0.08966051480000001
10,42,380.0,0.009555382066548584,0.0820444641
10,42,381.0,0.005360164672364161,0.0936872635
10,42,382.0,0.008001461255466866,0.0702956924
10,42,383.0,0.005570648438568768,0.049417217299999996
10,42,384.0,0.0,0.0527119827
10,42,385.0,0.009202078265684244,0.0834513016
10,42,386.0,0.007132424815371052,0.0632119789
10,42,387.0,0.008173141408877028,0.07319815060000001
10,42,388.0,0.00807995481608421,0.0741203232
10,42,389.0,0.009186386982229818,0.0831219788
10,42,390.0,0.011209695209933215,0.0993019714
10,42,391.0,0.012813961559328823,0.110644157
10,42,392.0,0.011604653666197026,0.0997073517
10,42,393.0,0.006407755146347899,0.049319492300000004
10,42,394.0,0.007237852840637406,0.0558497162
10,42,395.0,0.012394332107682255,0.0962572632
10,42,396.0,0.013092448869197186,0.10026467100000001
10,42,397.0,0.0054458699286241,0.0378064499
10,42,398.0,0.015491017320645485,0.112618866
10,42,399.0,0.01895150489491698,0.132593826
10,42,400.0,0.019007857896126162,0.13418640099999998
10,42,401.0,0.019309512564442046,0.129289017
10,42,402.0,0.020865934030835892,0.139388397
10,42,403.0,0.01994731641697464,0.12981083699999998
10,42,404.0,0.021745556515327547,0.139421829
10,42,405.0,0.0203371239299795,0.127098595
10,42,406.0,0.02052143028549527,0.126151718
10,42,407.0,0.020451112324189936,0.121988182
10,42,408.0,0.022419236775958834,0.131494858
10,42,409.0,0.02524163958704072,0.141414276
10,42,410.0,0.021456740698675644,0.120860573
10,42,411.0,0.02569773902835171,0.142241562
10,42,412.0,0.027134159879679754,0.143737625
10,42,413.0,0.02592068140880566,0.13858493000000002
10,42,414.0,0.025960161363887305,0.135051636
10,42,415.0,0.02811490012910135,0.140827866
10,42,416.0,0.028489159531574267,0.14191087300000002
10,42,417.0,0.02793236498499778,0.139927673
10,42,418.0,0.027704403998561077,0.132655609
10,42,419.0,0.028942460806150323,0.136627197
10,42,420.0,0.024820942320655234,0.113998947
10,42,421.0,0.031564848700268336,0.141104523
10,42,422.0,0.030603882984374917,0.135810501
10,42,423.0,0.026269657810258452,0.115119438
10,42,424.0,0.0292809973055136,0.125505623
10,42,425.0,0.030897311764866545,0.131032181
10,42,426.0,0.030077991562088756,0.125929283
10,42,427.0,0.029343174292953553,0.116889389
10,42,428.0,0.030088924104058307,0.118162582
10,42,429.0,0.027805777373608544,0.111409973
10,42,430.0,0.02250374231432409,0.0871167068
10,42,431.0,0.020356251797694045,0.0794073181
10,42,432.0,0.0373359585399954,0.138873932
10,42,433.0,0.03370238049390919,0.122770584
10,42,434.0,0.03232557427751144,0.114576454
10,42,435.0,0.03555256987568564,0.12489338700000001
10,42,436.0,0.03997857679410796,0.140309372
10,42,437.0,0.04115511352531337,0.14009861799999998
10,42,438.0,0.03721456960774916,0.12527686300000002
10,42,439.0,0.03622585664954634,0.11898418399999999
10,42,440.0,0.04117028030444716,0.133770355
10,42,441.0,0.041491132994341366,0.133240158
10,42,442.0,0.04435277734155696,0.14086064099999998
10,42,443.0,0.044996446334938434,0.143124969
10,42,444.0,0.04529236036814883,0.142654266
10,42,445.0,0.04778186520984447,0.144867447
10,42,446.0,0.04309870079498523,0.131843018
10,42,447.0,0.04993068187760735,0.147905045
10,42,448.0,0.050965120047601606,0.146635818
10,42,449.0,0.05217089079681359,0.14966996800000001
10,42,450.0,0.05413119465560492,0.15395459
10,42,451.0,0.05905180037916058,0.162187469
10,42,452.0,0.055301306056940294,0.15093396
10,42,453.0,0.0519340534364791,0.140418427
10,42,454.0,0.056257902611035436,0.151653168
10,42,455.0,0.056980878463639154,0.148845383
10,42,456.0,0.05891387493095512,0.15261656199999998
10,42,457.0,0.059855612236839106,0.15867968799999999
10,42,458.0,0.05936479427347811,0.14988357500000002
10,42,459.0,0.05985220473864876,0.14781570400000002
10,42,460.0,0.05974152312668563,0.14815367100000001
10,42,461.0,0.0625096291046301,0.15235954300000001
10,42,462.0,0.06229990847007188,0.149489655
10,42,463.0,0.062463673461706885,0.14659271200000001
10,42,464.0,0.06341705318331076,0.147822281
10,42,465.0,0.0629800552151913,0.144679199
10,42,466.0,0.06602319073366633,0.151744537
10,42,467.0,0.06407926710747434,0.14380715900000002
10,42,468.0,0.06845035969983945,0.150652008
10,42,469.0,0.06826072338715837,0.15051431299999998
10,42,470.0,0.06788203925547032,0.146114609
10,42,471.0,0.0684834063372349,0.147666077
10,42,472.0,0.06958248035286486,0.14704336499999998
10,42,473.0,0.06895493997587326,0.143630371
10,42,474.0,0.06920109338729143,0.145865173
10,42,475.0,0.071905665838232,0.14670451399999998
10,42,476.0,0.06993499657241939,0.143313049
10,42,477.0,0.06959776885937119,0.14001386999999998
10,42,478.0,0.073345306126774,0.147608719
10,42,479.0,0.0706586770893281,0.13963002
10,42,480.0,0.073034993707616,0.14128685
10,42,481.0,0.07403441398610192,0.14164359999999998
10,42,482.0,0.07676080915082625,0.147085892
10,42,483.0,0.07790831902630105,0.144029236
10,42,484.0,0.07546361471985075,0.138902908
10,42,485.0,0.07639103838009785,0.140885559
10,42,486.0,0.06219092270621185,0.113584915
10,42,487.0,0.07067716124324804,0.125115891
10,42,488.0,0.07720103437032763,0.133973068
10,42,489.0,0.07211741624633895,0.126037003
10,42,490.0,0.08296275383755101,0.14205934099999998
10,42,491.0,0.07809329184352269,0.130862396
10,42,492.0,0.0755730986803325,0.126447861
10,42,493.0,0.08196252800516887,0.136238754
10,42,494.0,0.079603026260869,0.132487366
10,42,495.0,0.08551593529234892,0.14020997600000001
10,42,496.0,0.0836926929820792,0.135152283
10,42,497.0,0.08174302490052181,0.13266604599999998
10,42,498.0,0.08019771604925775,0.127301796
10,42,499.0,0.08055069330472397,0.126332733
10,42,500.0,0.0806117945417033,0.126205399
10,42,501.0,0.07886873636124939,0.118782494
10,42,502.0,0.07794600780043005,0.11579782899999999
10,42,503.0,0.08215712440439683,0.125333229
10,42,504.0,0.07487741424357179,0.11384142300000001
10,42,505.0,0.08345319550531101,0.126136307
10,42,506.0,0.08943815950081747,0.133683426
10,42,507.0,0.08308021866827833,0.122554298
10,42,508.0,0.08145195426228288,0.11690917199999999
10,42,509.0,0.08855947367459616,0.12400665999999999
10,42,510.0,0.08685179370561921,0.12331971
10,42,511.0,0.08739243046291197,0.121553162
10,42,512.0,0.09214768161941425,0.12760125
10,42,513.0,0.08531836603631932,0.11925737
10,42,514.0,0.08382695671116219,0.115113274
10,42,515.0,0.08625477737894609,0.11717119599999999
10,42,516.0,0.09093625653824107,0.121597588
10,42,517.0,0.0674579716516045,0.0875575943
10,42,518.0,0.08366046266476695,0.112297043
10,42,519.0,0.07969277024380994,0.104620888
10,42,520.0,0.08793588657201731,0.113038994
10,42,521.0,0.08851113853069437,0.11261808000000001
10,42,522.0,0.09219535429551823,0.11630096399999999
10,42,523.0,0.08616261152487123,0.110588989
10,42,524.0,0.09369062156223856,0.115516762
10,42,525.0,0.09284128852937736,0.11201531199999999
10,42,526.0,0.08883059752031464,0.109262924
10,42,527.0,0.07766257351445222,0.0953984528
10,42,528.0,0.09343994235836589,0.113005997
10,42,529.0,0.09613075787972715,0.116142426
10,42,530.0,0.09098332509233494,0.10873300899999999
10,42,531.0,0.09944340630977644,0.117072426
10,42,532.0,0.09516427813960009,0.110526199
10,42,533.0,0.08391393968807823,0.100106636
10,42,534.0,0.091727879856681,0.102643173
10,42,535.0,0.09383363959055047,0.10514447800000001
10,42,536.0,0.10009520169057637,0.113242889
10,42,537.0,0.09342890927410145,0.105068573
10,42,538.0,0.09812509400297034,0.109456711
10,42,539.0,0.09796854148839473,0.107819527
10,42,540.0,0.09626073961839707,0.10470204200000001
10,42,541.0,0.0872327937830528,0.09440519709999999
10,42,542.0,0.09817697434806735,0.108426247
10,42,543.0,0.09496793831266834,0.100137589
10,42,544.0,0.10055698463674241,0.107603493
10,42,545.0,0.09874175497433475,0.10499904600000001
10,42,546.0,0.09610114513504506,0.1002901
10,42,547.0,0.1013373944504613,0.10555136899999999
10,42,548.0,0.09524060953729803,0.0981781921
10,42,549.0,0.1004556722122053,0.102148865
10,42,550.0,0.09874812473678792,0.10093606599999999
10,42,551.0,0.09878709590270898,0.0988084412
10,42,552.0,0.10336307094410616,0.102689583
10,42,553.0,0.09982823237750857,0.09887883759999999
10,42,554.0,0.10350142565060684,0.10162670900000001
10,42,555.0,0.10417185330722224,0.100009781
10,42,556.0,0.10141027077036818,0.0996488647
10,42,557.0,0.09843360985808221,0.0967215652
10,42,558.0,0.10224391764239621,0.0970684052
10,42,559.0,0.0967297402510678,0.092220665
10,42,560.0,0.09719982184364455,0.0914083786
10,42,561.0,0.10690921800097797,0.101311447
10,42,562.0,0.09829186362902353,0.0914096222
10,42,563.0,0.10285161211645862,0.09422317499999999
10,42,564.0,0.10142772675342818,0.0951162949
10,42,565.0,0.10264986696905246,0.0959438629
10,42,566.0,0.0947258015572478,0.0861780701
10,42,567.0,0.10135502008779083,0.0919121017
10,42,568.0,0.10102988540748355,0.0916342468
10,42,569.0,0.09650832389079918,0.0876323318
10,42,570.0,0.09693921170049108,0.08665477749999999
10,42,571.0,0.09372433570322897,0.0809189301
10,42,572.0,0.09751080714949101,0.0862050629
10,42,573.0,0.09923743230829958,0.0893847046
10,42,574.0,0.09759188678295906,0.08524794009999999
10,42,575.0,0.09603796671856452,0.08367049409999999
10,42,576.0,0.09403027618221783,0.0809688873
10,42,577.0,0.09779984280473582,0.08159551999999999
10,42,578.0,0.09650587562514228,0.082034462
10,42,579.0,0.09668202503116032,0.0827814102
10,42,580.0,0.10094474657421433,0.0824214554
10,42,581.0,0.1004874998393935,0.0847477341
10,42,582.0,0.10325971294403614,0.0847758408
10,42,583.0,0.10527417593296,0.0854799576
10,42,584.0,0.10674110242789968,0.08680722810000001
10,42,585.0,0.10653926177399584,0.0839813614
10,42,586.0,0.10281099806512861,0.08305387880000001
10,42,587.0,0.10704010080004178,0.0831024857
10,42,588.0,0.1056568716848485,0.0824192123
10,42,589.0,0.08711411011576643,0.0718249435
10,42,590.0,0.08988140533036937,0.0737426453
10,42,591.0,0.09879714335991698,0.076838768
10,42,592.0,0.09209872637787003,0.0730055923
10,42,593.0,0.10347417643127098,0.0814932556
10,42,594.0,0.09888047000080406,0.07759020230000001
10,42,595.0,0.099821693134434,0.0775564346
10,42,596.0,0.10386027447190452,0.0790926971
10,42,597.0,0.10449530273196528,0.0794034729
10,42,598.0,0.10249257245581367,0.0757155151
10,42,599.0,0.10525664580212817,0.0751887512
10,42,600.0,0.10689748528820572,0.0785283508
10,42,601.0,0.10773299766260643,0.07898056029999999
10,42,602.0,0.10733608898102406,0.0768811111
10,42,603.0,0.10820867541500481,0.0776861572
10,42,604.0,0.11229851179048458,0.0769350357
10,42,605.0,0.11239058213806173,0.0805712204
10,42,606.0,0.11180263302463365,0.0773053589
10,42,607.0,0.11182841960536902,0.0820517273
10,42,608.0,0.11216983362868442,0.078233017
10,42,609.0,0.11129294419286105,0.07773230739999999
10,42,610.0,0.11009541409156844,0.07619082640000001
10,42,611.0,0.11234324859684873,0.0763970947
10,42,612.0,0.1116003367179116,0.0733793869
10,42,613.0,0.11052242294826758,0.0740385284
10,42,614.0,0.10690555089876201,0.0718340836
10,42,615.0,0.1124813171311526,0.0743522339
10,42,616.0,0.10756981039845849,0.0693371506
10,42,617.0,0.10859628905693304,0.070622551
10,42,618.0,0.11399603299377166,0.0742134247
10,42,619.0,0.11335001384595363,0.0726326904
10,42,620.0,0.11533020076838417,0.0758204956
10,42,621.0,0.11748334700616081,0.0768606033
10,42,622.0,0.11133527527737182,0.0739908066
10,42,623.0,0.11225374303285574,0.0726358871
10,42,624.0,0.11233285141221092,0.071826767
10,42,625.0,0.10918290264222666,0.070516922
10,42,626.0,0.10969316381839286,0.0719298553
10,42,627.0,0.11142318032611126,0.067920517
10,42,628.0,0.09985686991402486,0.0662163773
10,42,629.0,0.10871933928129503,0.06770951839999999
10,42,630.0,0.10557741375171167,0.0669869308
10,42,631.0,0.11352688406555717,0.0705421829
10,42,632.0,0.10690298611517786,0.06703981020000001
10,42,633.0,0.1156582181820889,0.0718533173
10,42,634.0,0.11320573443727916,0.0679412308
10,42,635.0,0.11609409802959235,0.0725970306
10,42,636.0,0.11271274917101269,0.0684472961
10,42,637.0,0.11785238116131955,0.0706624374
10,42,638.0,0.12132315084358153,0.07471476749999999
10,42,639.0,0.12120021713714675,0.0719483566
10,42,640.0,0.11855302585827533,0.0699620743
10,42,641.0,0.12028109229695855,0.0707125702
10,42,642.0,0.12020038357599797,0.0695370026
10,42,643.0,0.12243977096567567,0.0750788193
10,42,644.0,0.12200446346256581,0.07009004969999999
10,42,645.0,0.12309253078845435,0.06896138
10,42,646.0,0.11598968025469403,0.0648749847
10,42,647.0,0.11347968822734907,0.06740250399999999
10,42,648.0,0.10970873328765064,0.0640695114
10,42,649.0,0.11618981446795595,0.0684178009
10,42,650.0,0.1142703365112714,0.0651774063
10,42,651.0,0.12430778185992608,0.0685449448
10,42,652.0,0.11931118908300878,0.0689385605
10,42,653.0,0.12467630739957244,0.07085164640000001
10,42,654.0,0.12310121111355957,0.0708123779
10,42,655.0,0.11338663207906731,0.0647379837
10,42,656.0,0.10036227692903256,0.0551535721
10,42,657.0,0.10863371284394294,0.0589710083
10,42,658.0,0.12396608166441389,0.0666371841
10,42,659.0,0.1262503437371088,0.06993398279999999
10,42,660.0,0.12665867760054075,0.0664188538
10,42,661.0,0.1284986128837778,0.0659349899
10,42,662.0,0.13016397774387634,0.0703360214
10,42,663.0,0.12889754578216725,0.0675635529
10,42,664.0,0.12761754755657792,0.06730206300000001
10,42,665.0,0.12842217538704334,0.0684572601
10,42,666.0,0.13052047363236666,0.0709583588
10,42,667.0,0.1286345616947769,0.06826178740000001
10,42,668.0,0.12960264177650932,0.0661385193
10,42,669.0,0.13197577333992244,0.07036101530000001
10,42,670.0,0.13071325245611895,0.0664785156
10,42,671.0,0.12996853863004215,0.065970726
10,42,672.0,0.12964997531772232,0.0672296371
10,42,673.0,0.13112923847379618,0.0688002396
10,42,674.0,0.13156318943734208,0.0660709763
10,42,675.0,0.13011212917639584,0.064267746
10,42,676.0,0.13270047681824582,0.0678457108
10,42,677.0,0.1303467089367725,0.0639609718
10,42,678.0,0.13300749843078885,0.0658396454
10,42,679.0,0.13135965310898332,0.0659769287
10,42,680.0,0.13087883502322964,0.06809095000000001
10,42,681.0,0.131109895976934,0.0628873558
10,42,682.0,0.13162451311763698,0.0639659767
10,42,683.0,0.1322482327137754,0.0619671173
10,42,684.0,0.1303459563455705,0.061361137399999995
10,42,685.0,0.13253496839890702,0.0672209015
10,42,686.0,0.12731375857851035,0.0621809731
10,42,687.0,0.046866741223669704,0.026081565900000003
10,42,688.0,0.07715858694153785,0.0409746933
10,42,689.0,0.09325737022720047,0.045939483600000004
10,42,690.0,0.09669196656297993,0.047792953500000006
10,42,691.0,0.10802217102085614,0.0530430069
10,42,692.0,0.11608599004888073,0.056344440499999995
10,42,693.0,0.10854384695998127,0.0522549858
10,42,694.0,0.0993898195240375,0.0480454941
10,42,695.0,0.11195028277078846,0.055975147200000006
10,42,696.0,0.11163370130512036,0.0505061569
10,42,697.0,0.12885664555864046,0.058047771500000005
10,42,698.0,0.12618415512946837,0.058975692700000006
10,42,699.0,0.1187614693104868,0.0533101044
10,42,700.0,0.11816243397645194,0.0540983963
10,42,701.0,0.10799911905162267,0.0491246147
10,42,702.0,0.10989551308780911,0.0513449936
10,42,703.0,0.11569679725042481,0.054114563
10,42,704.0,0.11853447814912237,0.055113327
10,42,705.0,0.11917526163073557,0.054640522
10,42,706.0,0.1220077914298908,0.052908248899999996
10,42,707.0,0.12241535169069126,0.0536589508
10,42,708.0,0.12793861227089706,0.057469101
10,42,709.0,0.12416966036292802,0.0537565079
10,42,710.0,0.12611424645691782,0.0562974091
10,42,711.0,0.12798337026233889,0.058717277500000005
10,42,712.0,0.1254166968650808,0.054572338100000006
10,42,713.0,0.12622193941009513,0.0557114906
10,42,714.0,0.1274103229409255,0.057086292299999994
10,42,715.0,0.11578859219199218,0.050212719
10,42,716.0,0.12135859278393969,0.0505751381
10,42,717.0,0.09434184459864492,0.045264030499999997
10,42,718.0,0.07825654283655183,0.0348049088
10,42,719.0,0.06566511568864833,0.0332524796
10,42,720.0,0.06973731583425971,0.0329641647
10,42,721.0,0.10663882556138382,0.045084869400000005
10,42,722.0,0.10882553764460713,0.0476137009
10,42,723.0,0.1050058606728671,0.047429451
10,42,724.0,0.07859081870422785,0.0344201508
10,42,725.0,0.0765072683986338,0.0367533531
10,42,726.0,0.09055982462341736,0.0400931473
10,42,727.0,0.08550954972791158,0.0386251106
10,42,728.0,0.07276144278131826,0.0323817177
10,42,729.0,0.0701873077218658,0.032511691999999995
10,42,730.0,0.09414684012619942,0.040650920900000005
10,42,731.0,0.08188649875530007,0.0362971535
10,42,732.0,0.08663068470262507,0.0383008347
10,42,733.0,0.1051848080719719,0.045617153199999996
10,42,734.0,0.122009338808802,0.0485912971
10,42,735.0,0.11112797634029935,0.0461626511
10,42,736.0,0.11620648608219743,0.0458581467
10,42,737.0,0.1174937125868303,0.0480081062
10,42,738.0,0.12063468409332555,0.0486750908
10,42,739.0,0.11737835688686891,0.044680461899999996
10,42,740.0,0.1236154149715997,0.0496900101
10,42,741.0,0.1259619439814906,0.0491810913
10,42,742.0,0.12498546974684976,0.045500324200000004
10,42,743.0,0.1285567357072138,0.051457881899999995
10,42,744.0,0.13074154009155725,0.0482037735
10,42,745.0,0.12854819325876166,0.0491202507
10,42,746.0,0.13102893303504135,0.0518383102
10,42,747.0,0.13302746623473877,0.048654224399999994
10,42,748.0,0.13082678502386302,0.0499019356
10,42,749.0,0.1310011434225766,0.050172020000000005
10,42,750.0,0.1293548031095269,0.0498598709
10,42,751.0,0.129062577189962,0.0475390511
10,42,752.0,0.13169158142694548,0.0489661026
10,42,753.0,0.1305936784946257,0.0468810349
10,42,754.0,0.13275265392807845,0.051058639499999996
10,42,755.0,0.13211000529138894,0.0492806473
10,42,756.0,0.12960457066046685,0.0472461815
10,42,757.0,0.1309493266327126,0.048744922600000004
10,42,758.0,0.131282865884819,0.051351444200000006
10,42,759.0,0.12197326114246539,0.0467579346
10,42,760.0,0.002212495347278491,0.00357048011
10,42,761.0,0.0,0.00125268996
10,42,762.0,0.04304877329729426,0.0179390144
10,42,763.0,0.01964025121873901,0.0102559786
10,42,764.0,0.03425755611852529,0.0149056063
10,42,765.0,0.056440220521268736,0.02152878
10,42,766.0,0.0824404527649863,0.031097286199999997
10,42,767.0,0.08956307505390396,0.0316317883
10,42,768.0,0.11734610521083082,0.043041584
10,42,769.0,0.12165937157084743,0.0415492706
10,42,770.0,0.122091722192788,0.040882049600000005
10,42,771.0,0.12656406365445716,0.043293026
10,42,772.0,0.12837080383110688,0.0452654762
10,42,773.0,0.1279295716258232,0.0472840462
10,42,774.0,0.12927579006302126,0.0454031067
10,42,775.0,0.12452571119113896,0.0420487633
10,42,776.0,0.12982315707638403,0.046515674599999994
10,42,777.0,0.12918398470256326,0.044617691
10,42,778.0,0.12865493218885082,0.0481846504
10,42,779.0,0.1292298979753311,0.0436436729
10,42,780.0,0.12776172086621584,0.0448022804
10,42,781.0,0.12781149208054693,0.0409782791
10,42,782.0,0.12946720158102262,0.044262916599999994
10,42,783.0,0.1266746497599226,0.0428172073
10,42,784.0,0.12694006110154035,0.0434141502
10,42,785.0,0.1270714631086554,0.0422992821
10,42,786.0,0.12322566042128902,0.040188793199999996
10,42,787.0,0.12365377142297183,0.0415979958
10,42,788.0,0.11867824876863628,0.039146534000000004
10,42,789.0,0.12032144118752122,0.0393470726
10,42,790.0,0.11280112063875736,0.038350147200000004
10,42,791.0,0.11376360473431629,0.0393162918
10,42,792.0,0.11390804303107332,0.0397603264
10,42,793.0,0.11657730082576995,0.040016243
10,42,794.0,0.12211269680887202,0.038917804699999996
10,42,795.0,0.11768759355556628,0.0389783058
10,42,796.0,0.10549476555425473,0.0360066795
10,42,797.0,0.11638529577829732,0.0371712341
10,42,798.0,0.11804567936677128,0.0357211304
10,42,799.0,0.11991407176606804,0.039453617100000005
10,42,800.0,0.11117953873558305,0.035969593
10,42,801.0,0.11021410835139366,0.036073120099999995
10,42,802.0,0.1133731613216848,0.0375124779
10,42,803.0,0.11115758891133323,0.0377945366
10,42,804.0,0.1119862756968144,0.0371665001
10,42,805.0,0.1111200909765515,0.036789566
10,42,806.0,0.12041074549327632,0.0388706093
10,42,807.0,0.11648603585844083,0.0384930115
10,42,808.0,0.11945961260544329,0.0377316437
10,42,809.0,0.11216854064435351,0.0340978317
10,42,810.0,0.10822289876358934,0.0332263222
10,42,811.0,0.1090612409086933,0.034800312
10,42,812.0,0.10298097914057959,0.0320853119
10,42,813.0,0.09362687062771624,0.0318151779
10,42,814.0,0.08057528223397797,0.0269301414
10,42,815.0,0.073677282197985,0.0244387569
10,42,816.0,0.08051902456561832,0.0261467323
10,42,817.0,0.05644871000702669,0.0209535904
10,42,818.0,0.07675052310102215,0.026063743599999998
10,42,819.0,0.07660992156075067,0.0260866776
10,42,820.0,0.07129628089916003,0.0246736412
10,42,821.0,0.10524759456451546,0.033458786000000004
10,42,822.0,0.09228219956942937,0.0303436527
10,42,823.0,0.04968323009876478,0.0188932152
10,42,824.0,0.08473249948548602,0.0266928825
10,42,825.0,0.10064243082728606,0.032964302099999995
10,42,826.0,0.08922542346565407,0.0275865421
10,42,827.0,0.10010289621497698,0.0285171547
10,42,828.0,0.07500113752827042,0.0226955547
10,42,829.0,0.09313677886103425,0.0302616348
10,42,830.0,0.08877823495422825,0.0298040257
15,21,360.0,0.020403236965632253,0.13324539200000002
15,21,361.0,0.01657841902987663,0.103219414
15,21,362.0,0.018858416717132714,0.113808243
15,21,363.0,0.02071075242584225,0.123591225
15,21,364.0,0.021340446972199657,0.125322433
15,21,365.0,0.0205481769767487,0.11568918600000001
15,21,366.0,0.029021179460223787,0.159127396
15,21,367.0,0.026684721071208103,0.143949539
15,21,368.0,0.02582989267494065,0.13735646099999999
15,21,369.0,0.025391540046326613,0.12937149
15,21,370.0,0.029962581455337093,0.151256485
15,21,371.0,0.024568382844852164,0.12072933999999999
15,21,372.0,0.02646956117554775,0.12562854
15,21,373.0,0.027074025808451422,0.127810211
15,21,374.0,0.021497106439087865,0.09814197540000001
15,21,375.0,0.020091957862396,0.0905316162
15,21,376.0,0.029374223908067286,0.13018721
15,21,377.0,0.03075500746690844,0.13047465500000002
15,21,378.0,0.04049172533284675,0.17127799999999999
15,21,379.0,0.0317757543225836,0.130559311
15,21,380.0,0.03031859196943747,0.121859665
15,21,381.0,0.034664236982498556,0.137373825
15,21,382.0,0.026547154348812347,0.102017273
15,21,383.0,0.018969171882890115,0.0743188095
15,21,384.0,0.021233001299690076,0.0803922424
15,21,385.0,0.03262971766795661,0.121290215
15,21,386.0,0.025736212163935325,0.0923400803
15,21,387.0,0.030108761675553864,0.107527283
15,21,388.0,0.03025340735765222,0.10449354599999999
15,21,389.0,0.03496334638835219,0.121300034
15,21,390.0,0.04315879839361926,0.13870022599999998
15,21,391.0,0.04896160783037884,0.161296249
15,21,392.0,0.04403858411512215,0.141381287
15,21,393.0,0.024072807318272608,0.073700882
15,21,394.0,0.026992824956517135,0.08453006739999999
15,21,395.0,0.04589376745449351,0.141722504
15,21,396.0,0.048040342992250684,0.145648438
15,21,397.0,0.01982941071012211,0.0586699486
15,21,398.0,0.05605872575954419,0.161767853
15,21,399.0,0.0680926779882129,0.194340027
15,21,400.0,0.0677868863922528,0.186721451
15,21,401.0,0.0683160877409359,0.183697388
15,21,402.0,0.0732945869891389,0.194883545
15,21,403.0,0.06954223986128055,0.18407563799999999
15,21,404.0,0.07538152880717115,0.198538193
15,21,405.0,0.06998631899067699,0.181901596
15,21,406.0,0.07018012527984023,0.174370728
15,21,407.0,0.06936279311155866,0.17319854699999998
15,21,408.0,0.07566765300271294,0.184414047
15,21,409.0,0.08464298217814956,0.206076294
15,21,410.0,0.07150100439423526,0.168452362
15,21,411.0,0.0850120961828654,0.19933566300000002
15,21,412.0,0.089143533236714,0.20414712499999998
15,21,413.0,0.08476162586370073,0.19475628699999997
15,21,414.0,0.08427147487372368,0.188732269
15,21,415.0,0.09073082980573767,0.20244162
15,21,416.0,0.09129051175572439,0.195795837
15,21,417.0,0.08909983862906265,0.193480728
15,21,418.0,0.08789671079215128,0.183791718
15,21,419.0,0.0911716625678514,0.18682647700000002
15,21,420.0,0.07778596783011632,0.15985810900000003
15,21,421.0,0.09835929365819385,0.199311279
15,21,422.0,0.09491746959725907,0.188044495
15,21,423.0,0.0809826925847104,0.157597031
15,21,424.0,0.08979894536336992,0.173694611
15,21,425.0,0.09411700880725157,0.17612898300000002
15,21,426.0,0.09117968751116386,0.170546539
15,21,427.0,0.08847067308295153,0.161641602
15,21,428.0,0.09027372612553453,0.165344742
15,21,429.0,0.082947309792732,0.15092254600000002
15,21,430.0,0.06677448438022984,0.11744207
15,21,431.0,0.060228932612253934,0.10595275100000001
15,21,432.0,0.10973115545238583,0.192343475
15,21,433.0,0.09853072322917462,0.16777705399999998
15,21,434.0,0.09415099614779732,0.155960449
15,21,435.0,0.1030998020651299,0.17049939
15,21,436.0,0.11534104712576403,0.189307053
15,21,437.0,0.1179278554830884,0.189606537
15,21,438.0,0.10623901774554029,0.171969696
15,21,439.0,0.10311800014982915,0.16393689
15,21,440.0,0.11659912509296018,0.180847321
15,21,441.0,0.11702384481660201,0.183180298
15,21,442.0,0.12442330661322762,0.19109727499999998
15,21,443.0,0.12582546966047042,0.190611206
15,21,444.0,0.12603053923683843,0.188721542
15,21,445.0,0.13273872150471874,0.19591568
15,21,446.0,0.11916200873539334,0.17191853299999998
15,21,447.0,0.137274120994792,0.197744171
15,21,448.0,0.13979970751873066,0.20197141999999998
15,21,449.0,0.14227074715245683,0.202022903
15,21,450.0,0.14679660501961334,0.20449920700000002
15,21,451.0,0.15954587563111738,0.22033592200000002
15,21,452.0,0.14895810095768255,0.201499573
15,21,453.0,0.13927928919434313,0.189080963
15,21,454.0,0.15002182782162551,0.200839844
15,21,455.0,0.15156643270679765,0.20035502600000002
15,21,456.0,0.15614963400394896,0.20718158
15,21,457.0,0.15804308555087201,0.203932159
15,21,458.0,0.15616516237019798,0.197702179
15,21,459.0,0.15695492073387143,0.196207886
15,21,460.0,0.15622497027514026,0.19486340300000002
15,21,461.0,0.16287548533040036,0.204561203
15,21,462.0,0.16158161139517133,0.20024032600000002
15,21,463.0,0.1617765945345326,0.197241165
15,21,464.0,0.1635278565920954,0.19356684899999999
15,21,465.0,0.16189573592910753,0.191257858
15,21,466.0,0.16875707876685106,0.196571976
15,21,467.0,0.16335277767257864,0.189482498
15,21,468.0,0.17390729953391773,0.198991287
15,21,469.0,0.1730198682978225,0.197460098
15,21,470.0,0.17153341202869457,0.194943695
15,21,471.0,0.17240068669637623,0.19612037699999998
15,21,472.0,0.1748954375192814,0.187616638
15,21,473.0,0.1731728784938205,0.18759729
15,21,474.0,0.17398533709948275,0.192005997
15,21,475.0,0.18086571530153644,0.196824692
15,21,476.0,0.1757490473178388,0.18446524
15,21,477.0,0.1746567910893732,0.181546906
15,21,478.0,0.18368571185392685,0.190673843
15,21,479.0,0.17625137807325933,0.181305969
15,21,480.0,0.18116592287659844,0.18770726
15,21,481.0,0.18231320015176716,0.18595578000000001
15,21,482.0,0.1879273333516565,0.18689948999999997
15,21,483.0,0.18975405798410455,0.189377884
15,21,484.0,0.1832410721224787,0.180868637
15,21,485.0,0.18509130270060295,0.182242706
15,21,486.0,0.15039828736966043,0.149684433
15,21,487.0,0.17021934943149036,0.16359776299999998
15,21,488.0,0.18545945338083292,0.174182388
15,21,489.0,0.1728664786731044,0.16000726299999998
15,21,490.0,0.19810806512459192,0.187368118
15,21,491.0,0.1860533913255342,0.17275029
15,21,492.0,0.17956902955620144,0.16690301500000002
15,21,493.0,0.1942335357371977,0.178410034
15,21,494.0,0.188236260540348,0.17184686300000002
15,21,495.0,0.20181745191442987,0.18415510599999999
15,21,496.0,0.19714998923013596,0.179246384
15,21,497.0,0.19208984318478398,0.168258621
15,21,498.0,0.18812256909840583,0.1652379
15,21,499.0,0.18849252064155161,0.16467659
15,21,500.0,0.18827447387826216,0.159895416
15,21,501.0,0.1841055978730823,0.156614487
15,21,502.0,0.18220317358750363,0.154855606
15,21,503.0,0.19232095409819397,0.161732086
15,21,504.0,0.17643108545375963,0.152117416
15,21,505.0,0.1944797487418895,0.156435303
15,21,506.0,0.20829832247366326,0.170524887
15,21,507.0,0.1935247059478231,0.154546402
15,21,508.0,0.1883030663946318,0.152535782
15,21,509.0,0.20409990615677065,0.164144531
15,21,510.0,0.199304660886443,0.157614044
15,21,511.0,0.20009710475652845,0.15789473
15,21,512.0,0.2105963053410721,0.16497515899999998
15,21,513.0,0.19419985639131568,0.15234732099999998
15,21,514.0,0.19051994702016248,0.147510849
15,21,515.0,0.19547842325057924,0.14820169100000002
15,21,516.0,0.20578057117867699,0.156085739
15,21,517.0,0.15227199257635646,0.116483299
15,21,518.0,0.18869410677239154,0.140800278
15,21,519.0,0.17938254525782416,0.132694916
15,21,520.0,0.19774792385853168,0.147363022
15,21,521.0,0.19861548245070584,0.14481073
15,21,522.0,0.20671679989871675,0.149725449
15,21,523.0,0.19295351586781492,0.137633698
15,21,524.0,0.209622321651647,0.143996307
15,21,525.0,0.20774904297873728,0.146346817
15,21,526.0,0.19846613713238653,0.14059828200000002
15,21,527.0,0.17344303976593653,0.120900993
15,21,528.0,0.20852020804102964,0.143663055
15,21,529.0,0.21446865469564935,0.148468063
15,21,530.0,0.20284795754220064,0.139312378
15,21,531.0,0.22139032644107298,0.14835105899999998
15,21,532.0,0.2116230037406894,0.143844315
15,21,533.0,0.1863198877199716,0.124936104
15,21,534.0,0.20326286724757592,0.134884033
15,21,535.0,0.20768135248095737,0.136529037
15,21,536.0,0.221088649809111,0.142959427
15,21,537.0,0.2058948946567273,0.13289566
15,21,538.0,0.2159473857339191,0.14171629300000002
15,21,539.0,0.21542363433786876,0.139818298
15,21,540.0,0.2113471238617718,0.13385487399999998
15,21,541.0,0.1922176097240369,0.121127121
15,21,542.0,0.21564574093669966,0.13534054599999998
15,21,543.0,0.20778861459900017,0.12982574500000002
15,21,544.0,0.21970315289663947,0.13856279000000002
15,21,545.0,0.2159232164350303,0.13459758
15,21,546.0,0.21044372142004136,0.131083191
15,21,547.0,0.22106155792556487,0.13711009200000002
15,21,548.0,0.2068676934725639,0.12347501400000001
15,21,549.0,0.21800940767783175,0.13356025700000002
15,21,550.0,0.21394738304487015,0.128063858
15,21,551.0,0.21357528330365,0.127162048
15,21,552.0,0.22325025652173153,0.13093164100000002
15,21,553.0,0.21525507972884098,0.124725327
15,21,554.0,0.2228995458452177,0.13418803399999998
15,21,555.0,0.22408923838549782,0.127388092
15,21,556.0,0.21807051071327574,0.125460304
15,21,557.0,0.21164360288967005,0.120361206
15,21,558.0,0.21978785660553016,0.126193939
15,21,559.0,0.20787053807370837,0.118580963
15,21,560.0,0.2088522464763536,0.120393318
15,21,561.0,0.22966767034512478,0.127531685
15,21,562.0,0.2110754616980132,0.12072633399999999
15,21,563.0,0.22086810699495057,0.121963348
15,21,564.0,0.21781305020934097,0.11777655
15,21,565.0,0.22046463450317835,0.12331015
15,21,566.0,0.20342112215270386,0.10750631
15,21,567.0,0.21792489342448204,0.116760277
15,21,568.0,0.21751156329173899,0.119565254
15,21,569.0,0.20996628698620737,0.114069008
15,21,570.0,0.21088469627381087,0.109894958
15,21,571.0,0.2034517210343111,0.10686132000000001
15,21,572.0,0.21310085013546298,0.11231279000000001
15,21,573.0,0.21632536222037735,0.11307978799999999
15,21,574.0,0.21352320037074687,0.11231675699999999
15,21,575.0,0.20956929092340074,0.109227966
15,21,576.0,0.20539483866189415,0.10282121999999999
15,21,577.0,0.2136402093552092,0.107857483
15,21,578.0,0.20957636807137,0.105349411
15,21,579.0,0.20920529506530178,0.106272621
15,21,580.0,0.21766414721276972,0.106938339
15,21,581.0,0.21556865142529685,0.104945206
15,21,582.0,0.22053559466195508,0.107878563
15,21,583.0,0.22388352900845035,0.109895905
15,21,584.0,0.22572086936285235,0.110167305
15,21,585.0,0.22491357652651126,0.108984154
15,21,586.0,0.2164264634098705,0.103999886
15,21,587.0,0.22531649618080318,0.107821045
15,21,588.0,0.22327515258449898,0.10805993700000001
15,21,589.0,0.1885255047994785,0.090665123
15,21,590.0,0.1957047002006839,0.0944822006
15,21,591.0,0.2122360717774713,0.0981823273
15,21,592.0,0.20040729575861718,0.092856308
15,21,593.0,0.2181329249260022,0.10081150800000001
15,21,594.0,0.2114920143866868,0.0974795532
15,21,595.0,0.21306290571053668,0.100596451
15,21,596.0,0.2197995306385595,0.10223912
15,21,597.0,0.22114409764841944,0.10067707099999999
15,21,598.0,0.21651393156498197,0.10148824299999999
15,21,599.0,0.22035119566862416,0.0979180679
15,21,600.0,0.22239576182085893,0.09941704559999999
15,21,601.0,0.22300330096519938,0.09869372559999999
15,21,602.0,0.22164645997976354,0.09954378509999999
15,21,603.0,0.22323475947258697,0.09767144779999999
15,21,604.0,0.2311338587536498,0.100382423
15,21,605.0,0.23101511231693772,0.101183319
15,21,606.0,0.22931258407383445,0.101868156
15,21,607.0,0.22890982204034102,0.09892856600000001
15,21,608.0,0.22910023987056577,0.09851585389999999
15,21,609.0,0.22710426544113474,0.09590342710000001
15,21,610.0,0.22425954649355617,0.0933187408
15,21,611.0,0.22850718656936067,0.0993529816
15,21,612.0,0.22650392974845762,0.096450592
15,21,613.0,0.2239360700510633,0.0958870239
15,21,614.0,0.21634156998661974,0.0902792511
15,21,615.0,0.2273079684529446,0.09612976840000001
15,21,616.0,0.21696849208924793,0.0871517258
15,21,617.0,0.2187546183662812,0.0913636932
15,21,618.0,0.22944071399502675,0.0926951141
15,21,619.0,0.2278868519290684,0.0918326035
15,21,620.0,0.23167734070196547,0.0930976944
15,21,621.0,0.23590210686820187,0.09821598819999999
15,21,622.0,0.2235257414427863,0.09053092959999999
15,21,623.0,0.22536504053972164,0.09399897
15,21,624.0,0.22556147720684022,0.0935354691
15,21,625.0,0.21933015272396142,0.0869996643
15,21,626.0,0.22042302494175436,0.08712717440000001
15,21,627.0,0.22429455280468247,0.0892316895
15,21,628.0,0.20845204390439717,0.08292556000000001
15,21,629.0,0.2213095875811342,0.0861291962
15,21,630.0,0.21526076650089998,0.0853361511
15,21,631.0,0.228414426341234,0.08911470789999999
15,21,632.0,0.21436706356170382,0.0860401459
15,21,633.0,0.23090578068181028,0.08688722989999999
15,21,634.0,0.22517094204385646,0.087184288
15,21,635.0,0.23029866807125618,0.0866117859
15,21,636.0,0.22304088226700536,0.0851704483
15,21,637.0,0.23223690437164857,0.08737095639999999
15,21,638.0,0.23782967982393605,0.0911034851
15,21,639.0,0.23698711202229986,0.0904268646
15,21,640.0,0.23097339223978147,0.0861446838
15,21,641.0,0.2342781214054397,0.08606536099999999
15,21,642.0,0.23316464977984705,0.088947197
15,21,643.0,0.23749345524937662,0.087292778
15,21,644.0,0.2360059409279923,0.08651168819999999
15,21,645.0,0.23821915641702532,0.08541333009999999
15,21,646.0,0.22653261725141677,0.0831951141
15,21,647.0,0.22421476174008687,0.0839001999
15,21,648.0,0.21851322353693312,0.07765032960000001
15,21,649.0,0.22900567877952327,0.08312017819999999
15,21,650.0,0.22069806754106103,0.0799633331
15,21,651.0,0.23930180812954618,0.08336818700000001
15,21,652.0,0.23197563663956033,0.0850003433
15,21,653.0,0.2396978561381906,0.0817468338
15,21,654.0,0.23673063088963173,0.0849280167
15,21,655.0,0.22118681288480416,0.0786987228
15,21,656.0,0.1937967154467402,0.066723526
15,21,657.0,0.20877063901969944,0.07420833589999999
15,21,658.0,0.23622739970275328,0.0820375366
15,21,659.0,0.23917950707206867,0.0840291824
15,21,660.0,0.24022598338783652,0.0816062927
15,21,661.0,0.24271362574566793,0.0836710129
15,21,662.0,0.2458578252456108,0.08518917849999999
15,21,663.0,0.24337229976874927,0.0836183777
15,21,664.0,0.24043071339361732,0.0815561829
15,21,665.0,0.2417560392780263,0.0829302979
15,21,666.0,0.24531614390139195,0.0831625671
15,21,667.0,0.2413056809397766,0.0785961609
15,21,668.0,0.24292224166059193,0.0823740692
15,21,669.0,0.24703184706916712,0.0824032974
15,21,670.0,0.2444460892583468,0.07745449069999999
15,21,671.0,0.24264471879837604,0.0804476776
15,21,672.0,0.24195501910108205,0.079180397
15,21,673.0,0.24436369188596702,0.0813460007
15,21,674.0,0.2450352879675132,0.07987911219999999
15,21,675.0,0.2419777511778134,0.0777489014
15,21,676.0,0.24668415370508107,0.07947430420000001
15,21,677.0,0.24211681258019463,0.0779569244
15,21,678.0,0.24674072300731203,0.0781803894
15,21,679.0,0.24352979659289412,0.0750033493
15,21,680.0,0.24234030955493582,0.07749582669999999
15,21,681.0,0.2427384902325119,0.075175148
15,21,682.0,0.24321808891120106,0.07471446229999999
15,21,683.0,0.24453164603481017,0.0775489349
15,21,684.0,0.24078543628296833,0.0768570251
15,21,685.0,0.24433459363718327,0.0743079376
15,21,686.0,0.2346334131790518,0.07204776
15,21,687.0,0.10752017512462632,0.0328347969
15,21,688.0,0.1606265209784006,0.0520401268
15,21,689.0,0.18460578017160947,0.0564751091
15,21,690.0,0.1930803030358012,0.0583511734
15,21,691.0,0.20776095409001197,0.0643171463
15,21,692.0,0.220252906289237,0.0656343002
15,21,693.0,0.20885821794936218,0.0644062653
15,21,694.0,0.19559994992147384,0.0608292007
15,21,695.0,0.21271753447092331,0.0663728867
15,21,696.0,0.21256572493647558,0.0631394577
15,21,697.0,0.23769463089321105,0.0688885956
15,21,698.0,0.23297745476437193,0.0697758331
15,21,699.0,0.22409587321171903,0.0676436462
15,21,700.0,0.22248187169362166,0.06759516139999999
15,21,701.0,0.20770713344604,0.0626123734
15,21,702.0,0.2097986483377802,0.0585606842
15,21,703.0,0.2177274618569541,0.0633699837
15,21,704.0,0.221664579124654,0.0675047607
15,21,705.0,0.22360932368875458,0.06608115390000001
15,21,706.0,0.22693112973500862,0.0646063919
15,21,707.0,0.22668971885887973,0.0645165329
15,21,708.0,0.2357013735461155,0.0656554031
15,21,709.0,0.22822345567352895,0.0654821548
15,21,710.0,0.23242299371216302,0.06775708009999999
15,21,711.0,0.23390193025275458,0.0652455978
15,21,712.0,0.22943946596959125,0.0672623901
15,21,713.0,0.23034455849968616,0.0649705658
15,21,714.0,0.23308408484630658,0.0636924133
15,21,715.0,0.21560184082672648,0.058444553399999995
15,21,716.0,0.2245816643948813,0.060224865
15,21,717.0,0.18608245773957538,0.0545982246
15,21,718.0,0.15109511157880895,0.043054153399999996
15,21,719.0,0.13569204532354612,0.0396391983
15,21,720.0,0.1447271741217156,0.0407610703
15,21,721.0,0.20223154038697508,0.0563215942
15,21,722.0,0.20582325483913813,0.0555688019
15,21,723.0,0.19969486424341087,0.0557420692
15,21,724.0,0.15738723886703937,0.0417303734
15,21,725.0,0.15395336857417968,0.044507679
15,21,726.0,0.1790471892799801,0.0478924484
15,21,727.0,0.17016127949643597,0.0460805016
15,21,728.0,0.1463776352198775,0.0409169235
15,21,729.0,0.14536480667406818,0.0415146065
15,21,730.0,0.18324189361412782,0.0502905617
15,21,731.0,0.16401309493777735,0.0440676117
15,21,732.0,0.17256778777764673,0.0474667587
15,21,733.0,0.1985104953520695,0.0511309662
15,21,734.0,0.2228225194856619,0.0591824532
15,21,735.0,0.20743837807897697,0.0554957695
15,21,736.0,0.21366279908146577,0.0543785362
15,21,737.0,0.21607224573529557,0.0579474335
15,21,738.0,0.2201709828145288,0.056776989
15,21,739.0,0.2136096578374872,0.0552141685
15,21,740.0,0.22241557131293296,0.0578663101
15,21,741.0,0.2246443470029576,0.0574349632
15,21,742.0,0.22225704801245527,0.0547267838
15,21,743.0,0.22864108246123974,0.058827781700000005
15,21,744.0,0.23194999802495248,0.0575727768
15,21,745.0,0.227346355458438,0.0576725044
15,21,746.0,0.23133032673787285,0.058411377
15,21,747.0,0.23488415991695663,0.0594600754
15,21,748.0,0.2308380270321833,0.0536612968
15,21,749.0,0.2310534990636121,0.0566567917
15,21,750.0,0.22799916904188114,0.056063144700000005
15,21,751.0,0.22745805632310434,0.053976024600000005
15,21,752.0,0.23170722886647485,0.0563341866
15,21,753.0,0.229684336221077,0.0563663902
15,21,754.0,0.23341149482064694,0.058612175
15,21,755.0,0.23221159730423752,0.0556949387
15,21,756.0,0.22775756871021116,0.058567997
15,21,757.0,0.22989206749250482,0.056773845700000006
15,21,758.0,0.23025802235195614,0.0566836052
15,21,759.0,0.21700161859764963,0.050654376999999993
15,21,760.0,0.015112029208370695,0.00586901331
15,21,761.0,0.0045611416581810265,0.0021609931
15,21,762.0,0.09072577481096779,0.0231721554
15,21,763.0,0.05584692274689881,0.014541296
15,21,764.0,0.06766182088855455,0.018022234
15,21,765.0,0.11627462191531535,0.0277475204
15,21,766.0,0.15665299149452142,0.0364869385
15,21,767.0,0.1685117346176937,0.038863349900000004
15,21,768.0,0.20986477505088963,0.047149704
15,21,769.0,0.21678857920642583,0.0540366287
15,21,770.0,0.21614664999910546,0.052204231299999994
15,21,771.0,0.22201361524194602,0.0539169846
15,21,772.0,0.223837338349928,0.053430027000000005
15,21,773.0,0.22300638142947418,0.0512180443
15,21,774.0,0.22533347807480947,0.053411815599999996
15,21,775.0,0.21697684857975713,0.049892456099999996
15,21,776.0,0.22610108877515545,0.054575443300000005
15,21,777.0,0.22484000954231229,0.049147274000000005
15,21,778.0,0.22383158842602202,0.053885631600000004
15,21,779.0,0.2247499503497403,0.050101127599999996
15,21,780.0,0.22212906018291875,0.0526025925
15,21,781.0,0.22206099051523776,0.0518941231
15,21,782.0,0.2248834515425756,0.049528595
15,21,783.0,0.2199088780616487,0.050205246
15,21,784.0,0.22063740682736516,0.0490510101
15,21,785.0,0.22103476601329203,0.050395649
15,21,786.0,0.2153483770064862,0.048536441799999996
15,21,787.0,0.21704234325675845,0.0485849915
15,21,788.0,0.20973982032174263,0.0486150246
15,21,789.0,0.2124133780936902,0.0473907623
15,21,790.0,0.20189915435767355,0.0442038269
15,21,791.0,0.2028882240915996,0.045688621500000005
15,21,792.0,0.2022323303027007,0.0461721573
15,21,793.0,0.20513954240281454,0.044978355399999996
15,21,794.0,0.21160103000376018,0.0451365356
15,21,795.0,0.20616102766922534,0.0468834915
15,21,796.0,0.19125417860471872,0.042472683000000004
15,21,797.0,0.20593610900146941,0.044662277199999996
15,21,798.0,0.20788720420847964,0.042284915900000004
15,21,799.0,0.21043645481653112,0.045185531599999995
15,21,800.0,0.19768397717823916,0.043032997100000005
15,21,801.0,0.197403342534644,0.043425354
15,21,802.0,0.2016582807898823,0.043423362699999996
15,21,803.0,0.19799720128071743,0.0438059578
15,21,804.0,0.19949402040559228,0.041031601
15,21,805.0,0.19659931935929972,0.042658874500000006
15,21,806.0,0.20978311997153112,0.045122608200000004
15,21,807.0,0.20447175303178372,0.0430652313
15,21,808.0,0.20788556122518134,0.0456797485
15,21,809.0,0.1978017758196081,0.0406501656
15,21,810.0,0.1928119110506775,0.0407514801
15,21,811.0,0.1949089708816399,0.0396101799
15,21,812.0,0.18673271212030051,0.0406361427
15,21,813.0,0.1725178848775605,0.0340788727
15,21,814.0,0.15343473532474622,0.0330034561
15,21,815.0,0.14174374136573337,0.029423702200000002
15,21,816.0,0.15165462762578774,0.0326817665
15,21,817.0,0.1136322158624554,0.0248632336
15,21,818.0,0.14515083553428196,0.030318330799999998
15,21,819.0,0.14457835006495307,0.029317502999999998
15,21,820.0,0.1363266921393944,0.0280748844
15,21,821.0,0.18757226286832795,0.0366137085
15,21,822.0,0.1691563651193878,0.035381832099999996
15,21,823.0,0.10117066506590618,0.0227706242
15,21,824.0,0.15936231391739744,0.032593490600000004
15,21,825.0,0.18025816036923425,0.037814315800000005
15,21,826.0,0.16410817754919568,0.03361041259999999
15,21,827.0,0.17999870954684263,0.03620438
15,21,828.0,0.1412008596187833,0.0302683582
15,21,829.0,0.16953225630079963,0.0373458519
15,21,830.0,0.16203956814294712,0.0327585106
15,42,360.0,0.020403236965632253,0.135904099
15,42,361.0,0.01657841902987663,0.10450125099999999
15,42,362.0,0.018858416717132714,0.113878998
15,42,363.0,0.02071075242584225,0.12232789599999999
15,42,364.0,0.021340446972199657,0.123677811
15,42,365.0,0.0205481769767487,0.117213783
15,42,366.0,0.029021179460223787,0.16058592200000002
15,42,367.0,0.026684721071208103,0.144513779
15,42,368.0,0.02582989267494065,0.136512741
15,42,369.0,0.025391540046326613,0.12953627
15,42,370.0,0.029962581455337093,0.153037842
15,42,371.0,0.024568382844852164,0.119434525
15,42,372.0,0.02646956117554775,0.128305939
15,42,373.0,0.027074025808451422,0.126390518
15,42,374.0,0.021497106439087865,0.100725204
15,42,375.0,0.020091957862396,0.09112322240000001
15,42,376.0,0.029374223908067286,0.13076254299999998
15,42,377.0,0.03075500746690844,0.132425919
15,42,378.0,0.04049172533284675,0.169993011
15,42,379.0,0.0317757543225836,0.13180825799999998
15,42,380.0,0.03031859196943747,0.125561165
15,42,381.0,0.034664236982498556,0.139480072
15,42,382.0,0.026547154348812347,0.103546692
15,42,383.0,0.018969171882890115,0.0721431808
15,42,384.0,0.021233001299690076,0.07852485660000001
15,42,385.0,0.03262971766795661,0.121523277
15,42,386.0,0.025736212163935325,0.0927716141
15,42,387.0,0.030108761675553864,0.107282295
15,42,388.0,0.03025340735765222,0.107138512
15,42,389.0,0.03496334638835219,0.118316406
15,42,390.0,0.04315879839361926,0.144925095
15,42,391.0,0.04896160783037884,0.161272888
15,42,392.0,0.04403858411512215,0.144531494
15,42,393.0,0.024072807318272608,0.0776005859
15,42,394.0,0.026992824956517135,0.084274704
15,42,395.0,0.04589376745449351,0.13868457
15,42,396.0,0.048040342992250684,0.143170975
15,42,397.0,0.01982941071012211,0.059861648600000004
15,42,398.0,0.05605872575954419,0.160305435
15,42,399.0,0.0680926779882129,0.193439819
15,42,400.0,0.0677868863922528,0.18933549500000002
15,42,401.0,0.0683160877409359,0.18905618300000002
15,42,402.0,0.0732945869891389,0.192451492
15,42,403.0,0.06954223986128055,0.184333817
15,42,404.0,0.07538152880717115,0.195780304
15,42,405.0,0.06998631899067699,0.179597733
15,42,406.0,0.07018012527984023,0.18031819200000002
15,42,407.0,0.06936279311155866,0.171170517
15,42,408.0,0.07566765300271294,0.183816864
15,42,409.0,0.08464298217814956,0.20768098399999999
15,42,410.0,0.07150100439423526,0.167473648
15,42,411.0,0.0850120961828654,0.196679794
15,42,412.0,0.089143533236714,0.202380234
15,42,413.0,0.08476162586370073,0.190250259
15,42,414.0,0.08427147487372368,0.191908813
15,42,415.0,0.09073082980573767,0.199235443
15,42,416.0,0.09129051175572439,0.194699371
15,42,417.0,0.08909983862906265,0.19038767999999998
15,42,418.0,0.08789671079215128,0.18756779499999998
15,42,419.0,0.0911716625678514,0.188957092
15,42,420.0,0.07778596783011632,0.15904305999999999
15,42,421.0,0.09835929365819385,0.199382156
15,42,422.0,0.09491746959725907,0.190799026
15,42,423.0,0.0809826925847104,0.157713089
15,42,424.0,0.08979894536336992,0.17126174900000002
15,42,425.0,0.09411700880725157,0.18099295
15,42,426.0,0.09117968751116386,0.17018071
15,42,427.0,0.08847067308295153,0.16576113899999997
15,42,428.0,0.09027372612553453,0.16524472
15,42,429.0,0.082947309792732,0.14688562
15,42,430.0,0.06677448438022984,0.118229767
15,42,431.0,0.060228932612253934,0.10567971799999999
15,42,432.0,0.10973115545238583,0.189855667
15,42,433.0,0.09853072322917462,0.167342163
15,42,434.0,0.09415099614779732,0.160161255
15,42,435.0,0.1030998020651299,0.17225486799999998
15,42,436.0,0.11534104712576403,0.188895157
15,42,437.0,0.1179278554830884,0.193111694
15,42,438.0,0.10623901774554029,0.17231437700000002
15,42,439.0,0.10311800014982915,0.16395297199999997
15,42,440.0,0.11659912509296018,0.181303619
15,42,441.0,0.11702384481660201,0.18107363899999998
15,42,442.0,0.12442330661322762,0.18794929500000002
15,42,443.0,0.12582546966047042,0.190769592
15,42,444.0,0.12603053923683843,0.189354828
15,42,445.0,0.13273872150471874,0.195602432
15,42,446.0,0.11916200873539334,0.175250717
15,42,447.0,0.137274120994792,0.197609512
15,42,448.0,0.13979970751873066,0.198557709
15,42,449.0,0.14227074715245683,0.20153891
15,42,450.0,0.14679660501961334,0.20246165500000002
15,42,451.0,0.15954587563111738,0.22211003099999999
15,42,452.0,0.14895810095768255,0.20452235400000002
15,42,453.0,0.13927928919434313,0.186291458
15,42,454.0,0.15002182782162551,0.197893509
15,42,455.0,0.15156643270679765,0.199531662
15,42,456.0,0.15614963400394896,0.20531487999999998
15,42,457.0,0.15804308555087201,0.201575577
15,42,458.0,0.15616516237019798,0.199436996
15,42,459.0,0.15695492073387143,0.20199124100000002
15,42,460.0,0.15622497027514026,0.19610575900000002
15,42,461.0,0.16287548533040036,0.20148526
15,42,462.0,0.16158161139517133,0.199211151
15,42,463.0,0.1617765945345326,0.193792419
15,42,464.0,0.1635278565920954,0.19975903299999997
15,42,465.0,0.16189573592910753,0.192269928
15,42,466.0,0.16875707876685106,0.194890076
15,42,467.0,0.16335277767257864,0.185398468
15,42,468.0,0.17390729953391773,0.202680664
15,42,469.0,0.1730198682978225,0.195830902
15,42,470.0,0.17153341202869457,0.194952148
15,42,471.0,0.17240068669637623,0.192822067
15,42,472.0,0.1748954375192814,0.192111069
15,42,473.0,0.1731728784938205,0.191615341
15,42,474.0,0.17398533709948275,0.187515289
15,42,475.0,0.18086571530153644,0.19669671600000002
15,42,476.0,0.1757490473178388,0.188959671
15,42,477.0,0.1746567910893732,0.185755005
15,42,478.0,0.18368571185392685,0.19209220899999999
15,42,479.0,0.17625137807325933,0.183696838
15,42,480.0,0.18116592287659844,0.18749939000000002
15,42,481.0,0.18231320015176716,0.18567952
15,42,482.0,0.1879273333516565,0.193231613
15,42,483.0,0.18975405798410455,0.19092622399999998
15,42,484.0,0.1832410721224787,0.186850311
15,42,485.0,0.18509130270060295,0.180970627
15,42,486.0,0.15039828736966043,0.14364146400000002
15,42,487.0,0.17021934943149036,0.16270764199999999
15,42,488.0,0.18545945338083292,0.177965622
15,42,489.0,0.1728664786731044,0.163775208
15,42,490.0,0.19810806512459192,0.18534150700000002
15,42,491.0,0.1860533913255342,0.17452325400000002
15,42,492.0,0.17956902955620144,0.163839462
15,42,493.0,0.1942335357371977,0.174312637
15,42,494.0,0.188236260540348,0.166811676
15,42,495.0,0.20181745191442987,0.182905334
15,42,496.0,0.19714998923013596,0.17596530200000002
15,42,497.0,0.19208984318478398,0.170980957
15,42,498.0,0.18812256909840583,0.16494899000000002
15,42,499.0,0.18849252064155161,0.165751419
15,42,500.0,0.18827447387826216,0.164704254
15,42,501.0,0.1841055978730823,0.154670059
15,42,502.0,0.18220317358750363,0.156084
15,42,503.0,0.19232095409819397,0.160397461
15,42,504.0,0.17643108545375963,0.144083099
15,42,505.0,0.1944797487418895,0.15662347399999998
15,42,506.0,0.20829832247366326,0.171029816
15,42,507.0,0.1935247059478231,0.15857415800000002
15,42,508.0,0.1883030663946318,0.152166687
15,42,509.0,0.20409990615677065,0.16482977299999998
15,42,510.0,0.199304660886443,0.157143127
15,42,511.0,0.20009710475652845,0.15801825
15,42,512.0,0.2105963053410721,0.162991104
15,42,513.0,0.19419985639131568,0.15175550799999998
15,42,514.0,0.19051994702016248,0.147701843
15,42,515.0,0.19547842325057924,0.148504227
15,42,516.0,0.20578057117867699,0.15809037799999998
15,42,517.0,0.15227199257635646,0.11751352699999999
15,42,518.0,0.18869410677239154,0.140943771
15,42,519.0,0.17938254525782416,0.13022962999999999
15,42,520.0,0.19774792385853168,0.141740341
15,42,521.0,0.19861548245070584,0.146759964
15,42,522.0,0.20671679989871675,0.155895065
15,42,523.0,0.19295351586781492,0.139047531
15,42,524.0,0.209622321651647,0.147055893
15,42,525.0,0.20774904297873728,0.148805939
15,42,526.0,0.19846613713238653,0.141980164
15,42,527.0,0.17344303976593653,0.119523216
15,42,528.0,0.20852020804102964,0.145634491
15,42,529.0,0.21446865469564935,0.14270086699999998
15,42,530.0,0.20284795754220064,0.14388226299999998
15,42,531.0,0.22139032644107298,0.14936618000000002
15,42,532.0,0.2116230037406894,0.144922287
15,42,533.0,0.1863198877199716,0.125179581
15,42,534.0,0.20326286724757592,0.141540024
15,42,535.0,0.20768135248095737,0.136322205
15,42,536.0,0.221088649809111,0.143721954
15,42,537.0,0.2058948946567273,0.135896423
15,42,538.0,0.2159473857339191,0.13640275600000001
15,42,539.0,0.21542363433786876,0.13846125799999998
15,42,540.0,0.2113471238617718,0.13507428
15,42,541.0,0.1922176097240369,0.122652466
15,42,542.0,0.21564574093669966,0.134438705
15,42,543.0,0.20778861459900017,0.131416107
15,42,544.0,0.21970315289663947,0.133600922
15,42,545.0,0.2159232164350303,0.133290482
15,42,546.0,0.21044372142004136,0.12975451699999999
15,42,547.0,0.22106155792556487,0.131081436
15,42,548.0,0.2068676934725639,0.124892082
15,42,549.0,0.21800940767783175,0.133624817
15,42,550.0,0.21394738304487015,0.126903496
15,42,551.0,0.21357528330365,0.12664656800000001
15,42,552.0,0.22325025652173153,0.135152084
15,42,553.0,0.21525507972884098,0.123463707
15,42,554.0,0.2228995458452177,0.130846252
15,42,555.0,0.22408923838549782,0.128279785
15,42,556.0,0.21807051071327574,0.12315469400000001
15,42,557.0,0.21164360288967005,0.12397283899999999
15,42,558.0,0.21978785660553016,0.125560707
15,42,559.0,0.20787053807370837,0.116064354
15,42,560.0,0.2088522464763536,0.11997134400000001
15,42,561.0,0.22966767034512478,0.132225067
15,42,562.0,0.2110754616980132,0.119961586
15,42,563.0,0.22086810699495057,0.117401611
15,42,564.0,0.21781305020934097,0.118980324
15,42,565.0,0.22046463450317835,0.120731583
15,42,566.0,0.20342112215270386,0.110844101
15,42,567.0,0.21792489342448204,0.116032845
15,42,568.0,0.21751156329173899,0.118231094
15,42,569.0,0.20996628698620737,0.11468697400000001
15,42,570.0,0.21088469627381087,0.11390078
15,42,571.0,0.2034517210343111,0.105860466
15,42,572.0,0.21310085013546298,0.109237579
15,42,573.0,0.21632536222037735,0.11391963199999999
15,42,574.0,0.21352320037074687,0.110649261
15,42,575.0,0.20956929092340074,0.109133781
15,42,576.0,0.20539483866189415,0.102814003
15,42,577.0,0.2136402093552092,0.11107863600000001
15,42,578.0,0.20957636807137,0.107069336
15,42,579.0,0.20920529506530178,0.104309196
15,42,580.0,0.21766414721276972,0.108201874
15,42,581.0,0.21556865142529685,0.10536237300000001
15,42,582.0,0.22053559466195508,0.106257576
15,42,583.0,0.22388352900845035,0.10906086000000001
15,42,584.0,0.22572086936285235,0.11016935700000001
15,42,585.0,0.22491357652651126,0.10970954899999999
15,42,586.0,0.2164264634098705,0.104288963
15,42,587.0,0.22531649618080318,0.10953668999999999
15,42,588.0,0.22327515258449898,0.10753789500000001
15,42,589.0,0.1885255047994785,0.09142484279999999
15,42,590.0,0.1957047002006839,0.09379992679999999
15,42,591.0,0.2122360717774713,0.10198299400000001
15,42,592.0,0.20040729575861718,0.0928859406
15,42,593.0,0.2181329249260022,0.0983247223
15,42,594.0,0.2114920143866868,0.09904054259999999
15,42,595.0,0.21306290571053668,0.0995304184
15,42,596.0,0.2197995306385595,0.0982360992
15,42,597.0,0.22114409764841944,0.10096654499999999
15,42,598.0,0.21651393156498197,0.100349518
15,42,599.0,0.22035119566862416,0.100131096
15,42,600.0,0.22239576182085893,0.102166946
15,42,601.0,0.22300330096519938,0.100149994
15,42,602.0,0.22164645997976354,0.0995695267
15,42,603.0,0.22323475947258697,0.09954281620000001
15,42,604.0,0.2311338587536498,0.0999225388
15,42,605.0,0.23101511231693772,0.0997934494
15,42,606.0,0.22931258407383445,0.0998636475
15,42,607.0,0.22890982204034102,0.09891896060000001
15,42,608.0,0.22910023987056577,0.10105362700000001
15,42,609.0,0.22710426544113474,0.09417790990000001
15,42,610.0,0.22425954649355617,0.09505361179999999
15,42,611.0,0.22850718656936067,0.0969242325
15,42,612.0,0.22650392974845762,0.0975154343
15,42,613.0,0.2239360700510633,0.0951173248
15,42,614.0,0.21634156998661974,0.0907407837
15,42,615.0,0.2273079684529446,0.097002327
15,42,616.0,0.21696849208924793,0.0917485504
15,42,617.0,0.2187546183662812,0.0901459732
15,42,618.0,0.22944071399502675,0.0916804276
15,42,619.0,0.2278868519290684,0.093975502
15,42,620.0,0.23167734070196547,0.09626974490000001
15,42,621.0,0.23590210686820187,0.090597435
15,42,622.0,0.2235257414427863,0.08961026
15,42,623.0,0.22536504053972164,0.0917250748
15,42,624.0,0.22556147720684022,0.08885256200000001
15,42,625.0,0.21933015272396142,0.0861086731
15,42,626.0,0.22042302494175436,0.0880620193
15,42,627.0,0.22429455280468247,0.0878588867
15,42,628.0,0.20845204390439717,0.0845869598
15,42,629.0,0.2213095875811342,0.08848865510000001
15,42,630.0,0.21526076650089998,0.0837187347
15,42,631.0,0.228414426341234,0.0875842667
15,42,632.0,0.21436706356170382,0.0851032791
15,42,633.0,0.23090578068181028,0.086016098
15,42,634.0,0.22517094204385646,0.0869846954
15,42,635.0,0.23029866807125618,0.0864686432
15,42,636.0,0.22304088226700536,0.0845328979
15,42,637.0,0.23223690437164857,0.089575531
15,42,638.0,0.23782967982393605,0.0893501053
15,42,639.0,0.23698711202229986,0.089200592
15,42,640.0,0.23097339223978147,0.0851282272
15,42,641.0,0.2342781214054397,0.0873928528
15,42,642.0,0.23316464977984705,0.0871977844
15,42,643.0,0.23749345524937662,0.08816817469999999
15,42,644.0,0.2360059409279923,0.0895390701
15,42,645.0,0.23821915641702532,0.0862209244
15,42,646.0,0.22653261725141677,0.082719223
15,42,647.0,0.22421476174008687,0.080801796
15,42,648.0,0.21851322353693312,0.0811366196
15,42,649.0,0.22900567877952327,0.0845713196
15,42,650.0,0.22069806754106103,0.0791315155
15,42,651.0,0.23930180812954618,0.082288353
15,42,652.0,0.23197563663956033,0.0803614883
15,42,653.0,0.2396978561381906,0.08209198000000001
15,42,654.0,0.23673063088963173,0.0845524597
15,42,655.0,0.22118681288480416,0.080527916
15,42,656.0,0.1937967154467402,0.0671300354
15,42,657.0,0.20877063901969944,0.07426403050000001
15,42,658.0,0.23622739970275328,0.0799008408
15,42,659.0,0.23917950707206867,0.0848592682
15,42,660.0,0.24022598338783652,0.0827325592
15,42,661.0,0.24271362574566793,0.08453141019999999
15,42,662.0,0.2458578252456108,0.08554768369999999
15,42,663.0,0.24337229976874927,0.0822243652
15,42,664.0,0.24043071339361732,0.07954521939999999
15,42,665.0,0.2417560392780263,0.08095523830000001
15,42,666.0,0.24531614390139195,0.083418541
15,42,667.0,0.2413056809397766,0.0797242279
15,42,668.0,0.24292224166059193,0.0783734283
15,42,669.0,0.24703184706916712,0.0841052551
15,42,670.0,0.2444460892583468,0.0801783142
15,42,671.0,0.24264471879837604,0.0792173615
15,42,672.0,0.24195501910108205,0.0794024277
15,42,673.0,0.24436369188596702,0.0835915146
15,42,674.0,0.2450352879675132,0.0826334457
15,42,675.0,0.2419777511778134,0.07760910800000001
15,42,676.0,0.24668415370508107,0.08117039490000001
15,42,677.0,0.24211681258019463,0.07643338009999999
15,42,678.0,0.24674072300731203,0.0764114761
15,42,679.0,0.24352979659289412,0.0782143173
15,42,680.0,0.24234030955493582,0.0794086609
15,42,681.0,0.2427384902325119,0.0775037918
15,42,682.0,0.24321808891120106,0.0763564529
15,42,683.0,0.24453164603481017,0.0783727798
15,42,684.0,0.24078543628296833,0.07490303799999999
15,42,685.0,0.24433459363718327,0.0714029846
15,42,686.0,0.2346334131790518,0.0740090332
15,42,687.0,0.10752017512462632,0.0357196579
15,42,688.0,0.1606265209784006,0.052184604600000004
15,42,689.0,0.18460578017160947,0.0576767693
15,42,690.0,0.1930803030358012,0.060171772
15,42,691.0,0.20776095409001197,0.0614380302
15,42,692.0,0.220252906289237,0.0664970093
15,42,693.0,0.20885821794936218,0.0650019379
15,42,694.0,0.19559994992147384,0.059683582299999996
15,42,695.0,0.21271753447092331,0.0647889557
15,42,696.0,0.21256572493647558,0.0641875076
15,42,697.0,0.23769463089321105,0.0715952377
15,42,698.0,0.23297745476437193,0.0682756042
15,42,699.0,0.22409587321171903,0.06702105709999999
15,42,700.0,0.22248187169362166,0.0638111572
15,42,701.0,0.20770713344604,0.060220562
15,42,702.0,0.2097986483377802,0.0603510208
15,42,703.0,0.2177274618569541,0.06673291020000001
15,42,704.0,0.221664579124654,0.0594521217
15,42,705.0,0.22360932368875458,0.0623007889
15,42,706.0,0.22693112973500862,0.0654428406
15,42,707.0,0.22668971885887973,0.0640851288
15,42,708.0,0.2357013735461155,0.0679654007
15,42,709.0,0.22822345567352895,0.061834484099999996
15,42,710.0,0.23242299371216302,0.0648653488
15,42,711.0,0.23390193025275458,0.0646287918
15,42,712.0,0.22943946596959125,0.0644747543
15,42,713.0,0.23034455849968616,0.06678337100000001
15,42,714.0,0.23308408484630658,0.0644833374
15,42,715.0,0.21560184082672648,0.0576091537
15,42,716.0,0.2245816643948813,0.063905983
15,42,717.0,0.18608245773957538,0.0519643593
15,42,718.0,0.15109511157880895,0.044193409
15,42,719.0,0.13569204532354612,0.0391027222
15,42,720.0,0.1447271741217156,0.0448620415
15,42,721.0,0.20223154038697508,0.0555883408
15,42,722.0,0.20582325483913813,0.057218727100000005
15,42,723.0,0.19969486424341087,0.0570183907
15,42,724.0,0.15738723886703937,0.0434745178
15,42,725.0,0.15395336857417968,0.0430807648
15,42,726.0,0.1790471892799801,0.0485502815
15,42,727.0,0.17016127949643597,0.0481610527
15,42,728.0,0.1463776352198775,0.0424020157
15,42,729.0,0.14536480667406818,0.0389468994
15,42,730.0,0.18324189361412782,0.048436199199999995
15,42,731.0,0.16401309493777735,0.0453310966
15,42,732.0,0.17256778777764673,0.0462983131
15,42,733.0,0.1985104953520695,0.051434009600000004
15,42,734.0,0.2228225194856619,0.056937446600000004
15,42,735.0,0.20743837807897697,0.0557346153
15,42,736.0,0.21366279908146577,0.0554970894
15,42,737.0,0.21607224573529557,0.055613182100000005
15,42,738.0,0.2201709828145288,0.0562492447
15,42,739.0,0.2136096578374872,0.0539806976
15,42,740.0,0.22241557131293296,0.057893180800000006
15,42,741.0,0.2246443470029576,0.0591009178
15,42,742.0,0.22225704801245527,0.057325370800000004
15,42,743.0,0.22864108246123974,0.0589297409
15,42,744.0,0.23194999802495248,0.056781997699999996
15,42,745.0,0.227346355458438,0.0583988457
15,42,746.0,0.23133032673787285,0.0574932823
15,42,747.0,0.23488415991695663,0.0588031158
15,42,748.0,0.2308380270321833,0.0564766197
15,42,749.0,0.2310534990636121,0.0580526924
15,42,750.0,0.22799916904188114,0.055636673000000005
15,42,751.0,0.22745805632310434,0.0535788422
15,42,752.0,0.23170722886647485,0.056968048099999995
15,42,753.0,0.229684336221077,0.057948597
15,42,754.0,0.23341149482064694,0.0583945618
15,42,755.0,0.23221159730423752,0.0578708115
15,42,756.0,0.22775756871021116,0.0562455482
15,42,757.0,0.22989206749250482,0.053249958
15,42,758.0,0.23025802235195614,0.053722042100000006
15,42,759.0,0.21700161859764963,0.0515164948
15,42,760.0,0.015112029208370695,0.006010005
15,42,761.0,0.0045611416581810265,0.00222890592
15,42,762.0,0.09072577481096779,0.0238849144
15,42,763.0,0.05584692274689881,0.0139095011
15,42,764.0,0.06766182088855455,0.0194763546
15,42,765.0,0.11627462191531535,0.0288161144
15,42,766.0,0.15665299149452142,0.036584411600000005
15,42,767.0,0.1685117346176937,0.040579082499999995
15,42,768.0,0.20986477505088963,0.0516527596
15,42,769.0,0.21678857920642583,0.052429576900000004
15,42,770.0,0.21614664999910546,0.0513186073
15,42,771.0,0.22201361524194602,0.0505747147
15,42,772.0,0.223837338349928,0.0510089645
15,42,773.0,0.22300638142947418,0.0511770172
15,42,774.0,0.22533347807480947,0.0512383118
15,42,775.0,0.21697684857975713,0.047693466200000006
15,42,776.0,0.22610108877515545,0.0520365715
15,42,777.0,0.22484000954231229,0.0516822319
15,42,778.0,0.22383158842602202,0.0476258545
15,42,779.0,0.2247499503497403,0.0489973946
15,42,780.0,0.22212906018291875,0.0483888016
15,42,781.0,0.22206099051523776,0.04826854320000001
15,42,782.0,0.2248834515425756,0.0524650536
15,42,783.0,0.2199088780616487,0.0470726204
15,42,784.0,0.22063740682736516,0.0533243027
15,42,785.0,0.22103476601329203,0.048866012599999994
15,42,786.0,0.2153483770064862,0.0477084427
15,42,787.0,0.21704234325675845,0.0479791145
15,42,788.0,0.20973982032174263,0.0489613113
15,42,789.0,0.2124133780936902,0.0494476433
15,42,790.0,0.20189915435767355,0.0421614456
15,42,791.0,0.2028882240915996,0.045795516999999994
15,42,792.0,0.2022323303027007,0.0443817787
15,42,793.0,0.20513954240281454,0.0442993813
15,42,794.0,0.21160103000376018,0.0462276764
15,42,795.0,0.20616102766922534,0.0441740074
15,42,796.0,0.19125417860471872,0.0416810074
15,42,797.0,0.20593610900146941,0.0433453522
15,42,798.0,0.20788720420847964,0.0456287079
15,42,799.0,0.21043645481653112,0.045326450299999994
15,42,800.0,0.19768397717823916,0.0393608017
15,42,801.0,0.197403342534644,0.0419606438
15,42,802.0,0.2016582807898823,0.044307506600000005
15,42,803.0,0.19799720128071743,0.043419570899999996
15,42,804.0,0.19949402040559228,0.0431517067
15,42,805.0,0.19659931935929972,0.0412441483
15,42,806.0,0.20978311997153112,0.0435882187
15,42,807.0,0.20447175303178372,0.0432476692
15,42,808.0,0.20788556122518134,0.045256736799999996
15,42,809.0,0.1978017758196081,0.038468795800000004
15,42,810.0,0.1928119110506775,0.037892417899999996
15,42,811.0,0.1949089708816399,0.0415492477
15,42,812.0,0.18673271212030051,0.0376359291
15,42,813.0,0.1725178848775605,0.036973197900000004
15,42,814.0,0.15343473532474622,0.0329378395
15,42,815.0,0.14174374136573337,0.0311332359
15,42,816.0,0.15165462762578774,0.0326987801
15,42,817.0,0.1136322158624554,0.0237776585
15,42,818.0,0.14515083553428196,0.0314318638
15,42,819.0,0.14457835006495307,0.0310272713
15,42,820.0,0.1363266921393944,0.029264568300000002
15,42,821.0,0.18757226286832795,0.0371893578
15,42,822.0,0.1691563651193878,0.033357589699999995
15,42,823.0,0.10117066506590618,0.022059522600000003
15,42,824.0,0.15936231391739744,0.0322767258
15,42,825.0,0.18025816036923425,0.0378023033
15,42,826.0,0.16410817754919568,0.032667648300000005
15,42,827.0,0.17999870954684263,0.034710762
15,42,828.0,0.1412008596187833,0.0275706367
15,42,829.0,0.16953225630079963,0.034697719599999996
15,42,830.0,0.16203956814294712,0.0333455925
20,21,360.0,0.051519189858117,0.173433182
20,21,361.0,0.04162199495739591,0.13597906499999998
20,21,362.0,0.04693958220746393,0.149687927
20,21,363.0,0.051169221508680585,0.16236613500000002
20,21,364.0,0.05234638746403931,0.16385585
20,21,365.0,0.05009181325256595,0.15056642199999998
20,21,366.0,0.0702978212183193,0.208963821
20,21,367.0,0.06425249924020951,0.186130402
20,21,368.0,0.06183878784432873,0.175336731
20,21,369.0,0.06050461891025695,0.168936005
20,21,370.0,0.07099489281445148,0.19374617
20,21,371.0,0.05787688396342827,0.15813559000000002
20,21,372.0,0.06203758807869721,0.161178604
20,21,373.0,0.06308918407459504,0.16571060199999998
20,21,374.0,0.04981652089718298,0.12691433000000002
20,21,375.0,0.0463545324688752,0.11395159099999999
20,21,376.0,0.06744256147538494,0.1639151
20,21,377.0,0.07025499550809292,0.168912338
20,21,378.0,0.09214450391584758,0.217971191
20,21,379.0,0.07200410156994669,0.168017258
20,21,380.0,0.0684072696480119,0.15807928499999999
20,21,381.0,0.07786132717609351,0.175409088
20,21,382.0,0.05926466558102679,0.131108459
20,21,383.0,0.042085864223043216,0.0913594742
20,21,384.0,0.046904386624615,0.101857185
20,21,385.0,0.07169784613098845,0.153088837
20,21,386.0,0.05631630214073675,0.117540878
20,21,387.0,0.06556001557057237,0.13524513200000002
20,21,388.0,0.06562019367277037,0.13334200999999998
20,21,389.0,0.07554130877827538,0.153554764
20,21,390.0,0.0927979098002814,0.180789261
20,21,391.0,0.10486363895714024,0.201853302
20,21,392.0,0.09399117053954471,0.17874144
20,21,393.0,0.051110916992827715,0.0938170776
20,21,394.0,0.05709524651877824,0.10354767599999999
20,21,395.0,0.09671871038439725,0.17422789
20,21,396.0,0.10077224590795654,0.18277616900000002
20,21,397.0,0.04143036551735241,0.07787298579999999
20,21,398.0,0.11675926610581681,0.20274568199999998
20,21,399.0,0.14129951407726038,0.24443185399999998
20,21,400.0,0.1401311890005865,0.233879425
20,21,401.0,0.14064660925233657,0.234557297
20,21,402.0,0.15033658851306264,0.243588486
20,21,403.0,0.14208707462675255,0.22830915799999998
20,21,404.0,0.15357303552007587,0.24362171900000001
20,21,405.0,0.14204903993469384,0.229145721
20,21,406.0,0.1419812895065226,0.222361649
20,21,407.0,0.13972868259491367,0.21533322100000002
20,21,408.0,0.15205347354125398,0.22568627900000002
20,21,409.0,0.16952708326601884,0.256167938
20,21,410.0,0.14274311098810866,0.208470261
20,21,411.0,0.1690834527003327,0.24265025299999998
20,21,412.0,0.17666492702835668,0.254865646
20,21,413.0,0.16758617538596932,0.23778686500000001
20,21,414.0,0.16598893652835645,0.232440201
20,21,415.0,0.1781719532848854,0.242998413
20,21,416.0,0.1786148218296922,0.24169638100000002
20,21,417.0,0.1739222110657045,0.234458206
20,21,418.0,0.17110158872874515,0.228465317
20,21,419.0,0.17682639713216172,0.22802313200000002
20,21,420.0,0.15046841573104566,0.19318338
20,21,421.0,0.1897108329028647,0.241148163
20,21,422.0,0.18263203481403034,0.231428131
20,21,423.0,0.1553336649245986,0.19305822800000003
20,21,424.0,0.1717896265468317,0.210800507
20,21,425.0,0.17942100332386757,0.217158722
20,21,426.0,0.1733853936917678,0.207905563
20,21,427.0,0.1677702010341864,0.198123611
20,21,428.0,0.17076152049437746,0.197021667
20,21,429.0,0.1564353562688692,0.182468887
20,21,430.0,0.1255902494638553,0.144001495
20,21,431.0,0.11311729641748675,0.127682236
20,21,432.0,0.20537292986032385,0.228232849
20,21,433.0,0.18391262697669045,0.205472275
20,21,434.0,0.17540308064773208,0.192184326
20,21,435.0,0.19165509155425833,0.203584763
20,21,436.0,0.2138361748703593,0.23138391100000003
20,21,437.0,0.21785618489542954,0.228883148
20,21,438.0,0.19588462653933134,0.205380051
20,21,439.0,0.18986831573583887,0.198622009
20,21,440.0,0.21412377311049915,0.21707673600000002
20,21,441.0,0.214438613597075,0.218451218
20,21,442.0,0.22736267069128155,0.229551544
20,21,443.0,0.22955060604004945,0.232622086
20,21,444.0,0.22935260408069547,0.223509094
20,21,445.0,0.2413603002856953,0.23351934800000002
20,21,446.0,0.21613692009108093,0.20892907700000002
20,21,447.0,0.24826666891927204,0.23422998
20,21,448.0,0.2525666785229578,0.236006744
20,21,449.0,0.25623813479390445,0.242213898
20,21,450.0,0.2636290597814975,0.247158524
20,21,451.0,0.2859809654002026,0.26413980099999995
20,21,452.0,0.2665872710077743,0.244543503
20,21,453.0,0.24870772099509764,0.224243027
20,21,454.0,0.26710664706450205,0.234998703
20,21,455.0,0.26951421099032674,0.23915837099999998
20,21,456.0,0.277156849806642,0.243967041
20,21,457.0,0.2799667840141225,0.24706245400000001
20,21,458.0,0.2761294117195277,0.237783615
20,21,459.0,0.27707355764113795,0.231310379
20,21,460.0,0.275396878106855,0.228918961
20,21,461.0,0.2865889363027366,0.23791861
20,21,462.0,0.2836324786137346,0.23444911200000002
20,21,463.0,0.28378547311636787,0.236078293
20,21,464.0,0.2862039963936451,0.23598634300000002
20,21,465.0,0.2828898831104653,0.22363317900000002
20,21,466.0,0.2940121969007401,0.23334771699999998
20,21,467.0,0.2842195113851143,0.22147924800000002
20,21,468.0,0.30205584954682285,0.23794899
20,21,469.0,0.30014664043567685,0.234585068
20,21,470.0,0.29709918760350273,0.22981443799999998
20,21,471.0,0.29802519311873116,0.230131775
20,21,472.0,0.3020994160726796,0.22757998699999998
20,21,473.0,0.2989948903391888,0.219198151
20,21,474.0,0.3005821401564957,0.220897614
20,21,475.0,0.312528588078269,0.229481903
20,21,476.0,0.3035369486243666,0.224796799
20,21,477.0,0.30143449744820133,0.216087067
20,21,478.0,0.31669036203254625,0.226923035
20,21,479.0,0.3032598712658556,0.21166227699999998
20,21,480.0,0.3108475665982665,0.220276581
20,21,481.0,0.31165516747603667,0.213235672
20,21,482.0,0.3202954137245856,0.22261734000000002
20,21,483.0,0.32255361505967894,0.223926804
20,21,484.0,0.31100310812490717,0.21266674800000002
20,21,485.0,0.3137979496675029,0.214013184
20,21,486.0,0.25473175563948686,0.16695460499999998
20,21,487.0,0.2876935293459032,0.192757385
20,21,488.0,0.3130497388775205,0.212441193
20,21,489.0,0.29147251367173005,0.188792801
20,21,490.0,0.3333701064084969,0.21119528199999998
20,21,491.0,0.3127108290653783,0.204646912
20,21,492.0,0.3014023078803921,0.192925903
20,21,493.0,0.32557557952471194,0.207181488
20,21,494.0,0.3151825214260563,0.198022827
20,21,495.0,0.33758097906444934,0.21060330200000002
20,21,496.0,0.3294697743618785,0.208874954
20,21,497.0,0.3206167047110646,0.2035634
20,21,498.0,0.3137101483084292,0.193748199
20,21,499.0,0.3139419052617884,0.189337784
20,21,500.0,0.31327815566216,0.191647049
20,21,501.0,0.3062674736210301,0.185050522
20,21,502.0,0.3033256075374028,0.17930857800000002
20,21,503.0,0.320410248697808,0.186888489
20,21,504.0,0.29489937423717727,0.17281132500000002
20,21,505.0,0.3232991122618442,0.19084193400000002
20,21,506.0,0.34613641047381605,0.206395065
20,21,507.0,0.32160153666488456,0.18122551
20,21,508.0,0.3117314454924415,0.17373204
20,21,509.0,0.3373542320221496,0.18943691999999998
20,21,510.0,0.3287093514006586,0.182728577
20,21,511.0,0.3296334778572195,0.18415162699999998
20,21,512.0,0.3466013423960487,0.190127625
20,21,513.0,0.31895219562156174,0.175689804
20,21,514.0,0.3126664064631027,0.172854309
20,21,515.0,0.32033227939179443,0.171980774
20,21,516.0,0.3369612135972727,0.184558868
20,21,517.0,0.24902809365749182,0.12774649
20,21,518.0,0.3084712739161663,0.16324586500000002
20,21,519.0,0.29295511592780377,0.15542304999999998
20,21,520.0,0.3227938476142099,0.167130569
20,21,521.0,0.3238605102814615,0.172041794
20,21,522.0,0.33693760360475883,0.175607666
20,21,523.0,0.31431498767453087,0.161109573
20,21,524.0,0.3413177745215567,0.178048279
20,21,525.0,0.3383024695307344,0.171106384
20,21,526.0,0.3229486165173468,0.15810463
20,21,527.0,0.2821773480996131,0.13738282799999998
20,21,528.0,0.3391309038814949,0.167754395
20,21,529.0,0.34876829993932573,0.170875916
20,21,530.0,0.329768666107151,0.15982338
20,21,531.0,0.3596560152728906,0.173545959
20,21,532.0,0.34359443126358385,0.161649918
20,21,533.0,0.302278505002148,0.144319855
20,21,534.0,0.32943280437852607,0.156695114
20,21,535.0,0.33639044251562755,0.160824814
20,21,536.0,0.35773624594779935,0.16846283
20,21,537.0,0.33276923310797724,0.157622574
20,21,538.0,0.34877691884693757,0.159116104
20,21,539.0,0.3477869518026857,0.157491898
20,21,540.0,0.3409399951461859,0.1555103
20,21,541.0,0.3106408598842448,0.145256653
20,21,542.0,0.34795612522617886,0.159253311
20,21,543.0,0.334628446056592,0.150266922
20,21,544.0,0.35356014921597995,0.162204712
20,21,545.0,0.3476328306857003,0.15461276200000001
20,21,546.0,0.33904299820627753,0.15146627799999998
20,21,547.0,0.3554600471707441,0.160904877
20,21,548.0,0.33191794052497775,0.146926117
20,21,549.0,0.34964524642721556,0.15283345
20,21,550.0,0.3428388916659703,0.149224899
20,21,551.0,0.3418759578938469,0.146790466
20,21,552.0,0.3571893967810387,0.155862885
20,21,553.0,0.34411401458451846,0.14851864599999998
20,21,554.0,0.35611227616386465,0.15136119099999998
20,21,555.0,0.35780985210284433,0.148761169
20,21,556.0,0.34814878517291425,0.14703801000000002
20,21,557.0,0.3378839415334676,0.14480796799999998
20,21,558.0,0.350861938624478,0.144404755
20,21,559.0,0.3318043371662916,0.136870148
20,21,560.0,0.33336457457469876,0.13690535
20,21,561.0,0.36656685376772047,0.15370575
20,21,562.0,0.3368393230905138,0.13543086199999999
20,21,563.0,0.3524833637785463,0.143875519
20,21,564.0,0.3476258808363879,0.136720123
20,21,565.0,0.35189154922354277,0.14319041400000002
20,21,566.0,0.3246731214123113,0.130426376
20,21,567.0,0.3480448042089403,0.135014359
20,21,568.0,0.34762723523615546,0.138786148
20,21,569.0,0.3373545661758296,0.129324127
20,21,570.0,0.33883551921077215,0.131060455
20,21,571.0,0.3265410599788226,0.13005226099999997
20,21,572.0,0.3431867158911282,0.129225449
20,21,573.0,0.34793762877682777,0.132945221
20,21,574.0,0.34406570765947514,0.128955063
20,21,575.0,0.33724939669185766,0.125958084
20,21,576.0,0.3306850269963577,0.123780014
20,21,577.0,0.3439581389041978,0.128190872
20,21,578.0,0.33640553518051225,0.12532357
20,21,579.0,0.33519063722092174,0.12132849899999999
20,21,580.0,0.34811788707316615,0.129588806
20,21,581.0,0.3438574173921899,0.12452316299999999
20,21,582.0,0.35097754827332495,0.129323059
20,21,583.0,0.3555294396376234,0.12802503999999998
20,21,584.0,0.357403993899767,0.125767258
20,21,585.0,0.3558145100068839,0.126329109
20,21,586.0,0.34189178145577787,0.121912254
20,21,587.0,0.3559231869074256,0.12481752
20,21,588.0,0.35338074939020137,0.124369331
20,21,589.0,0.3024135260042293,0.103914963
20,21,590.0,0.31470996861099015,0.109992149
20,21,591.0,0.3388960991866386,0.115989334
20,21,592.0,0.3226381183185106,0.112122505
20,21,593.0,0.34490714903628644,0.11793648500000001
20,21,594.0,0.33728263010514437,0.118621399
20,21,595.0,0.33892125374211973,0.11190152
20,21,596.0,0.3481533135196118,0.113054024
20,21,597.0,0.35028603484654197,0.11793169399999999
20,21,598.0,0.3426496382398625,0.11524395
20,21,599.0,0.34715242919238504,0.117107483
20,21,600.0,0.3492941456490846,0.117759247
20,21,601.0,0.34935599999200506,0.119793999
20,21,602.0,0.34679861277431606,0.11552701600000001
20,21,603.0,0.3491086065617333,0.116096909
20,21,604.0,0.3610355774624047,0.11848067500000001
20,21,605.0,0.3606019574842935,0.117973473
20,21,606.0,0.3575380965777636,0.115011017
20,21,607.0,0.35653879922400183,0.114472145
20,21,608.0,0.3564173444509054,0.11114810900000001
20,21,609.0,0.353143479756172,0.11356501
20,21,610.0,0.3483901419476562,0.11181534600000001
20,21,611.0,0.3547172649244765,0.10912585400000001
20,21,612.0,0.3512052139817297,0.112140816
20,21,613.0,0.3469104431005793,0.10642514
20,21,614.0,0.3349263565460732,0.10216017200000001
20,21,615.0,0.3516421720764397,0.113650429
20,21,616.0,0.33530469957064024,0.102565033
20,21,617.0,0.33782820456283075,0.105887108
20,21,618.0,0.35417062439000346,0.10770943499999999
20,21,619.0,0.3515564173659037,0.108667244
20,21,620.0,0.35723753611621184,0.103169014
20,21,621.0,0.3636576338487937,0.111317421
20,21,622.0,0.34454692658093294,0.101240685
20,21,623.0,0.3473585100095445,0.10215892800000001
20,21,624.0,0.34768097002087334,0.10423436
20,21,625.0,0.3381306454511304,0.100265404
20,21,626.0,0.3398635000838539,0.0987634354
20,21,627.0,0.34612728537639215,0.107149986
20,21,628.0,0.3280793362738268,0.09935722350000001
20,21,629.0,0.34380888131365045,0.09954480739999999
20,21,630.0,0.33433059781477686,0.09869858549999999
20,21,631.0,0.35236153620349375,0.103716713
20,21,632.0,0.3301156965035562,0.0961348343
20,21,633.0,0.35478460869069733,0.100196884
20,21,634.0,0.3453024627583451,0.10132244900000001
20,21,635.0,0.35268710517792545,0.0988384628
20,21,636.0,0.34112000239973905,0.09811055760000001
20,21,637.0,0.35440547252141796,0.09915123749999999
20,21,638.0,0.3619729589096202,0.10419723500000001
20,21,639.0,0.36020858301644754,0.100824707
20,21,640.0,0.3504045208847943,0.0968191223
20,21,641.0,0.3553617266401422,0.0988561325
20,21,642.0,0.35294002907391475,0.0989528046
20,21,643.0,0.35947218970645733,0.103362656
20,21,644.0,0.35672358586703784,0.099638504
20,21,645.0,0.36013681350957205,0.0978935089
20,21,646.0,0.34403224782885367,0.09585369869999999
20,21,647.0,0.3426859607790837,0.0928230896
20,21,648.0,0.33576048997848207,0.0872629318
20,21,649.0,0.3496354988531308,0.0943995056
20,21,650.0,0.3332489673199928,0.0898768311
20,21,651.0,0.36074307499542974,0.0964451294
20,21,652.0,0.3514289943413062,0.0954092941
20,21,653.0,0.36108046076581335,0.0948069153
20,21,654.0,0.3566344075348671,0.09468690490000001
20,21,655.0,0.33613263320391096,0.08632777400000001
20,21,656.0,0.2926526753815242,0.07813521579999999
20,21,657.0,0.3144482137549001,0.0848223801
20,21,658.0,0.35421124954262767,0.08916169739999999
20,21,659.0,0.3575746277492722,0.0945779419
20,21,660.0,0.3593375021740156,0.0923580551
20,21,661.0,0.3622943552383034,0.0914300842
20,21,662.0,0.36698210384393354,0.09451744840000001
20,21,663.0,0.3631869388871461,0.0970460968
20,21,664.0,0.3583987423856225,0.0913879929
20,21,665.0,0.36022190128082865,0.09162438199999999
20,21,666.0,0.36522578252513616,0.09338233180000001
20,21,667.0,0.35889348478354743,0.0930564957
20,21,668.0,0.3611416242280443,0.0916918411
20,21,669.0,0.36698615336243057,0.0947396927
20,21,670.0,0.3629726359057411,0.0927531357
20,21,671.0,0.3599790396174559,0.0882407303
20,21,672.0,0.35888221179962343,0.08683133700000001
20,21,673.0,0.36218137914455995,0.0882490387
20,21,674.0,0.3630702894970634,0.0888573456
20,21,675.0,0.35826384622089347,0.084463028
20,21,676.0,0.36514842098891737,0.0922559433
20,21,677.0,0.35823891979284794,0.0858391647
20,21,678.0,0.36483349568134593,0.0906500244
20,21,679.0,0.3599655127207874,0.0889011536
20,21,680.0,0.35797489050280484,0.0847329025
20,21,681.0,0.3585349313864934,0.08617683409999999
20,21,682.0,0.3588781622811264,0.0868631516
20,21,683.0,0.36092932206447775,0.0841180649
20,21,684.0,0.3552155985339064,0.0813581696
20,21,685.0,0.36008249729061054,0.0865670776
20,21,686.0,0.3457193203292318,0.0788732452
20,21,687.0,0.17764130458625374,0.040903877299999995
20,21,688.0,0.25508632176571,0.0573018074
20,21,689.0,0.2850329991135914,0.06565484619999999
20,21,690.0,0.29825832772922767,0.0691366196
20,21,691.0,0.3144985649343401,0.07349607849999999
20,21,692.0,0.32993124264611967,0.0728193741
20,21,693.0,0.3158451020008348,0.07215731809999999
20,21,694.0,0.29992102069176946,0.0665175476
20,21,695.0,0.31944351542391236,0.07286356349999999
20,21,696.0,0.3196733102077093,0.0693765793
20,21,697.0,0.35031008228281924,0.07918164059999999
20,21,698.0,0.3435125140190559,0.0779705048
20,21,699.0,0.33458932579259837,0.0764101639
20,21,700.0,0.33179490185659766,0.0734776535
20,21,701.0,0.3131956566413683,0.0701723557
20,21,702.0,0.31516218901257587,0.0689156494
20,21,703.0,0.32482590728265714,0.0742404327
20,21,704.0,0.3295814986618973,0.0696524353
20,21,705.0,0.33279223772483746,0.0725088577
20,21,706.0,0.335992518495835,0.0738369064
20,21,707.0,0.33468735594809856,0.07442608640000001
20,21,708.0,0.3470870041591683,0.0721970673
20,21,709.0,0.3356783251113703,0.0765166016
20,21,710.0,0.34231511175787704,0.07599961089999999
20,21,711.0,0.34304148729786926,0.0741923218
20,21,712.0,0.33675202279095,0.0708282547
20,21,713.0,0.3375659072627934,0.07238313290000001
20,21,714.0,0.34200386077270545,0.0724314804
20,21,715.0,0.3194065663037886,0.0679430237
20,21,716.0,0.3316272733380919,0.07371048740000001
20,21,717.0,0.28470450620895443,0.0590254745
20,21,718.0,0.23721635378936873,0.0510154381
20,21,719.0,0.2137541977723063,0.0454741554
20,21,720.0,0.2297497975454619,0.0462938194
20,21,721.0,0.3028752241260068,0.0619270973
20,21,722.0,0.3078387746970336,0.0614841919
20,21,723.0,0.2999732714510855,0.06404503630000001
20,21,724.0,0.24260241928647297,0.048356929800000004
20,21,725.0,0.24082576829035635,0.0511838455
20,21,726.0,0.2749354098226138,0.0553565445
20,21,727.0,0.2633969686744583,0.0536442299
20,21,728.0,0.23019412754234114,0.0457196083
20,21,729.0,0.23000743995134856,0.048049118
20,21,730.0,0.27922951205438407,0.0529731483
20,21,731.0,0.2544092326964516,0.053105423
20,21,732.0,0.26638597094817823,0.0525952415
20,21,733.0,0.296897950133593,0.057646301299999994
20,21,734.0,0.32687777778386623,0.06699214170000001
20,21,735.0,0.30826723906350423,0.0596259232
20,21,736.0,0.3145701668513453,0.0602719383
20,21,737.0,0.31818346430702005,0.0629024429
20,21,738.0,0.3227620127212893,0.065950943
20,21,739.0,0.31279197129226144,0.062038509400000004
20,21,740.0,0.32354097283225736,0.0636085052
20,21,741.0,0.32533678721700454,0.0630227661
20,21,742.0,0.32140706264330904,0.06450025940000001
20,21,743.0,0.33066131268770005,0.0626398926
20,21,744.0,0.3350267664777306,0.0683360214
20,21,745.0,0.3278620457464699,0.0630327454
20,21,746.0,0.33331178102941533,0.0671589355
20,21,747.0,0.3384461956295037,0.0651745758
20,21,748.0,0.3324984810699969,0.0637394485
20,21,749.0,0.3327403211192015,0.0610722198
20,21,750.0,0.3282300139320092,0.06329375079999999
20,21,751.0,0.32742971928854075,0.0596717682
20,21,752.0,0.3332623902425378,0.0636629944
20,21,753.0,0.33028501562763046,0.0641644745
20,21,754.0,0.3355910665382641,0.0607110901
20,21,755.0,0.33381211921890513,0.0629876595
20,21,756.0,0.3273710806190078,0.0597750244
20,21,757.0,0.3302724279182755,0.06254499820000001
20,21,758.0,0.3306346761589379,0.060371707899999995
20,21,759.0,0.3142348058402102,0.0593099709
20,21,760.0,0.035806248870191335,0.007048563
20,21,761.0,0.011654521895547902,0.00364373684
20,21,762.0,0.1459948387710854,0.025283498800000002
20,21,763.0,0.10026417361696567,0.019119379
20,21,764.0,0.12477639645786516,0.0237214508
20,21,765.0,0.1852569097884205,0.0351097031
20,21,766.0,0.23331815081814253,0.0401914101
20,21,767.0,0.25304637100851596,0.0424653854
20,21,768.0,0.30514837208338363,0.0541907768
20,21,769.0,0.31376901647347827,0.0555283775
20,21,770.0,0.3120911679143454,0.0571081085
20,21,771.0,0.3187990547343071,0.0571831779
20,21,772.0,0.320448742380899,0.054980640399999996
20,21,773.0,0.31921415910993917,0.0573852043
20,21,774.0,0.322530506126675,0.0570482674
20,21,775.0,0.3105135206545825,0.052526462600000004
20,21,776.0,0.3234939200950796,0.060972923299999995
20,21,777.0,0.3215822060284039,0.0573122978
20,21,778.0,0.32007616102766645,0.0582798271
20,21,779.0,0.3213295947388256,0.0580676727
20,21,780.0,0.3175332002196229,0.057371212
20,21,781.0,0.31732146273131295,0.055882766699999996
20,21,782.0,0.32131253956235856,0.0564642487
20,21,783.0,0.3141143767855237,0.055494785299999995
20,21,784.0,0.3153446177687438,0.0510530853
20,21,785.0,0.3160317895918274,0.0558588409
20,21,786.0,0.3086225152235449,0.0542361488
20,21,787.0,0.31172466118087844,0.0530730858
20,21,788.0,0.3024759221070568,0.0521208038
20,21,789.0,0.3061301350904575,0.055342658999999995
20,21,790.0,0.29337713013639144,0.0508691788
20,21,791.0,0.29418132825575566,0.0486537704
20,21,792.0,0.29244661576961356,0.047241020200000004
20,21,793.0,0.29536528912530186,0.0520753975
20,21,794.0,0.3019422044616791,0.049179313700000005
20,21,795.0,0.295783524695346,0.0513269157
20,21,796.0,0.27993167188418855,0.046488765700000004
20,21,797.0,0.2971799956767059,0.0487865486
20,21,798.0,0.29921702387177523,0.0492144051
20,21,799.0,0.30218287548603384,0.0519394341
20,21,800.0,0.2860930238539014,0.048113575
20,21,801.0,0.2868804174975636,0.04664522929999999
20,21,802.0,0.2917714474854801,0.0491840591
20,21,803.0,0.2867006814659841,0.049650814099999996
20,21,804.0,0.28889341809352403,0.0485124092
20,21,805.0,0.2836999054908502,0.0470086174
20,21,806.0,0.3001460559232519,0.0479740944
20,21,807.0,0.2937841973806755,0.0460449219
20,21,808.0,0.29725792291424175,0.0483045845
20,21,809.0,0.28491486604012706,0.0455601044
20,21,810.0,0.27918051766885266,0.045009925799999996
20,21,811.0,0.2826569988587137,0.0464376411
20,21,812.0,0.2731158390607314,0.0432332687
20,21,813.0,0.2554607192459036,0.0406355133
20,21,814.0,0.2320596651274463,0.0375529556
20,21,815.0,0.2147879611799513,0.0349239769
20,21,816.0,0.22801076397682907,0.0360304375
20,21,817.0,0.1763680183158752,0.0276754551
20,21,818.0,0.21952923217579043,0.0331870956
20,21,819.0,0.21795446575169472,0.0337987938
20,21,820.0,0.20506184680704256,0.033024211899999996
20,21,821.0,0.2717991952388036,0.040274585700000004
20,21,822.0,0.24909700284990866,0.0374346695
20,21,823.0,0.1577608303668574,0.0243933067
20,21,824.0,0.23859977772832117,0.0367286606
20,21,825.0,0.26251526058213304,0.0444165955
20,21,826.0,0.24305727050700127,0.0366987801
20,21,827.0,0.26261514859105173,0.0382260208
20,21,828.0,0.2135846696739245,0.031744518299999996
20,21,829.0,0.2494958038093487,0.036931907699999995
20,21,830.0,0.2392574523661638,0.0351104927
20,42,360.0,0.051519189858117,0.17645632900000002
20,42,361.0,0.04162199495739591,0.135012817
20,42,362.0,0.04693958220746393,0.148373032
20,42,363.0,0.051169221508680585,0.16099354600000002
20,42,364.0,0.05234638746403931,0.162212326
20,42,365.0,0.05009181325256595,0.15111965900000002
20,42,366.0,0.0702978212183193,0.21120465100000002
20,42,367.0,0.06425249924020951,0.19075608800000002
20,42,368.0,0.06183878784432873,0.174214722
20,42,369.0,0.06050461891025695,0.16928299000000002
20,42,370.0,0.07099489281445148,0.19560296600000002
20,42,371.0,0.05787688396342827,0.154509277
20,42,372.0,0.06203758807869721,0.16311367799999998
20,42,373.0,0.06308918407459504,0.163111481
20,42,374.0,0.04981652089718298,0.130096039
20,42,375.0,0.0463545324688752,0.11683593
20,42,376.0,0.06744256147538494,0.17054264800000002
20,42,377.0,0.07025499550809292,0.17078573600000002
20,42,378.0,0.09214450391584758,0.21421066300000002
20,42,379.0,0.07200410156994669,0.16927264400000003
20,42,380.0,0.0684072696480119,0.157055847
20,42,381.0,0.07786132717609351,0.174088593
20,42,382.0,0.05926466558102679,0.13211852999999998
20,42,383.0,0.042085864223043216,0.09185813899999999
20,42,384.0,0.046904386624615,0.100462181
20,42,385.0,0.07169784613098845,0.15078587300000001
20,42,386.0,0.05631630214073675,0.117276222
20,42,387.0,0.06556001557057237,0.13545227099999999
20,42,388.0,0.06562019367277037,0.13557437100000003
20,42,389.0,0.07554130877827538,0.152888016
20,42,390.0,0.0927979098002814,0.180888031
20,42,391.0,0.10486363895714024,0.202273712
20,42,392.0,0.09399117053954471,0.17763479599999998
20,42,393.0,0.051110916992827715,0.0979764786
20,42,394.0,0.05709524651877824,0.10459056900000001
20,42,395.0,0.09671871038439725,0.175096024
20,42,396.0,0.10077224590795654,0.181099426
20,42,397.0,0.04143036551735241,0.0740693665
20,42,398.0,0.11675926610581681,0.200511215
20,42,399.0,0.14129951407726038,0.242079086
20,42,400.0,0.1401311890005865,0.237733765
20,42,401.0,0.14064660925233657,0.232679077
20,42,402.0,0.15033658851306264,0.245261292
20,42,403.0,0.14208707462675255,0.23026359600000001
20,42,404.0,0.15357303552007587,0.242494873
20,42,405.0,0.14204903993469384,0.219367981
20,42,406.0,0.1419812895065226,0.220786392
20,42,407.0,0.13972868259491367,0.213282837
20,42,408.0,0.15205347354125398,0.229092209
20,42,409.0,0.16952708326601884,0.253357193
20,42,410.0,0.14274311098810866,0.20729130599999998
20,42,411.0,0.1690834527003327,0.24146078499999998
20,42,412.0,0.17666492702835668,0.252575958
20,42,413.0,0.16758617538596932,0.237316635
20,42,414.0,0.16598893652835645,0.229341187
20,42,415.0,0.1781719532848854,0.247215836
20,42,416.0,0.1786148218296922,0.239272385
20,42,417.0,0.1739222110657045,0.229129623
20,42,418.0,0.17110158872874515,0.228157104
20,42,419.0,0.17682639713216172,0.236391708
20,42,420.0,0.15046841573104566,0.19192927599999998
20,42,421.0,0.1897108329028647,0.244385025
20,42,422.0,0.18263203481403034,0.23009906000000002
20,42,423.0,0.1553336649245986,0.194997803
20,42,424.0,0.1717896265468317,0.210741226
20,42,425.0,0.17942100332386757,0.219396622
20,42,426.0,0.1733853936917678,0.21040953099999998
20,42,427.0,0.1677702010341864,0.196716888
20,42,428.0,0.17076152049437746,0.201648087
20,42,429.0,0.1564353562688692,0.182535172
20,42,430.0,0.1255902494638553,0.14140881300000002
20,42,431.0,0.11311729641748675,0.126851799
20,42,432.0,0.20537292986032385,0.226559662
20,42,433.0,0.18391262697669045,0.20258282500000002
20,42,434.0,0.17540308064773208,0.193719833
20,42,435.0,0.19165509155425833,0.207999741
20,42,436.0,0.2138361748703593,0.229480927
20,42,437.0,0.21785618489542954,0.231205139
20,42,438.0,0.19588462653933134,0.20538711499999998
20,42,439.0,0.18986831573583887,0.201128296
20,42,440.0,0.21412377311049915,0.21939018200000002
20,42,441.0,0.214438613597075,0.217726257
20,42,442.0,0.22736267069128155,0.22741487100000002
20,42,443.0,0.22955060604004945,0.223979065
20,42,444.0,0.22935260408069547,0.221935822
20,42,445.0,0.2413603002856953,0.23683933999999998
20,42,446.0,0.21613692009108093,0.207835449
20,42,447.0,0.24826666891927204,0.239140579
20,42,448.0,0.2525666785229578,0.23644397
20,42,449.0,0.25623813479390445,0.23980891399999998
20,42,450.0,0.2636290597814975,0.24738543699999999
20,42,451.0,0.2859809654002026,0.260090424
20,42,452.0,0.2665872710077743,0.243732468
20,42,453.0,0.24870772099509764,0.221265839
20,42,454.0,0.26710664706450205,0.23468440200000001
20,42,455.0,0.26951421099032674,0.23616314700000002
20,42,456.0,0.277156849806642,0.242827026
20,42,457.0,0.2799667840141225,0.242118637
20,42,458.0,0.2761294117195277,0.234298004
20,42,459.0,0.27707355764113795,0.237608139
20,42,460.0,0.275396878106855,0.233539734
20,42,461.0,0.2865889363027366,0.241336349
20,42,462.0,0.2836324786137346,0.234391083
20,42,463.0,0.28378547311636787,0.230563019
20,42,464.0,0.2862039963936451,0.233807587
20,42,465.0,0.2828898831104653,0.22407586699999998
20,42,466.0,0.2940121969007401,0.238683319
20,42,467.0,0.2842195113851143,0.220278336
20,42,468.0,0.30205584954682285,0.237097565
20,42,469.0,0.30014664043567685,0.239440796
20,42,470.0,0.29709918760350273,0.22649379
20,42,471.0,0.29802519311873116,0.2268703
20,42,472.0,0.3020994160726796,0.229382172
20,42,473.0,0.2989948903391888,0.219349655
20,42,474.0,0.3005821401564957,0.223591782
20,42,475.0,0.312528588078269,0.228469391
20,42,476.0,0.3035369486243666,0.220008636
20,42,477.0,0.30143449744820133,0.215547882
20,42,478.0,0.31669036203254625,0.231086105
20,42,479.0,0.3032598712658556,0.216670578
20,42,480.0,0.3108475665982665,0.219577682
20,42,481.0,0.31165516747603667,0.21913438400000002
20,42,482.0,0.3202954137245856,0.222605698
20,42,483.0,0.32255361505967894,0.221682465
20,42,484.0,0.31100310812490717,0.217902313
20,42,485.0,0.3137979496675029,0.215786545
20,42,486.0,0.25473175563948686,0.175586182
20,42,487.0,0.2876935293459032,0.192880707
20,42,488.0,0.3130497388775205,0.203080246
20,42,489.0,0.29147251367173005,0.190596466
20,42,490.0,0.3333701064084969,0.218579178
20,42,491.0,0.3127108290653783,0.203100098
20,42,492.0,0.3014023078803921,0.19224455299999998
20,42,493.0,0.32557557952471194,0.20771469099999998
20,42,494.0,0.3151825214260563,0.198167511
20,42,495.0,0.33758097906444934,0.208592361
20,42,496.0,0.3294697743618785,0.203264511
20,42,497.0,0.3206167047110646,0.202111176
20,42,498.0,0.3137101483084292,0.190202881
20,42,499.0,0.3139419052617884,0.192236038
20,42,500.0,0.31327815566216,0.18776915
20,42,501.0,0.3062674736210301,0.187867325
20,42,502.0,0.3033256075374028,0.179969574
20,42,503.0,0.320410248697808,0.189193741
20,42,504.0,0.29489937423717727,0.173885971
20,42,505.0,0.3232991122618442,0.188759811
20,42,506.0,0.34613641047381605,0.195053436
20,42,507.0,0.32160153666488456,0.181139816
20,42,508.0,0.3117314454924415,0.177352173
20,42,509.0,0.3373542320221496,0.192005539
20,42,510.0,0.3287093514006586,0.183131241
20,42,511.0,0.3296334778572195,0.18922654700000002
20,42,512.0,0.3466013423960487,0.193420792
20,42,513.0,0.31895219562156174,0.17928091399999999
20,42,514.0,0.3126664064631027,0.168961212
20,42,515.0,0.32033227939179443,0.172584579
20,42,516.0,0.3369612135972727,0.182767548
20,42,517.0,0.24902809365749182,0.132115616
20,42,518.0,0.3084712739161663,0.160027374
20,42,519.0,0.29295511592780377,0.155902191
20,42,520.0,0.3227938476142099,0.16971257
20,42,521.0,0.3238605102814615,0.16903598
20,42,522.0,0.33693760360475883,0.173379089
20,42,523.0,0.31431498767453087,0.160526291
20,42,524.0,0.3413177745215567,0.173517181
20,42,525.0,0.3383024695307344,0.171926758
20,42,526.0,0.3229486165173468,0.16124728400000002
20,42,527.0,0.2821773480996131,0.13912417600000002
20,42,528.0,0.3391309038814949,0.17138162199999998
20,42,529.0,0.34876829993932573,0.17356602499999998
20,42,530.0,0.329768666107151,0.160721161
20,42,531.0,0.3596560152728906,0.17511605800000002
20,42,532.0,0.34359443126358385,0.161667892
20,42,533.0,0.302278505002148,0.14842138700000002
20,42,534.0,0.32943280437852607,0.15751864599999998
20,42,535.0,0.33639044251562755,0.163315659
20,42,536.0,0.35773624594779935,0.171483246
20,42,537.0,0.33276923310797724,0.162323822
20,42,538.0,0.34877691884693757,0.162493301
20,42,539.0,0.3477869518026857,0.162225922
20,42,540.0,0.3409399951461859,0.155953125
20,42,541.0,0.3106408598842448,0.139456207
20,42,542.0,0.34795612522617886,0.158758453
20,42,543.0,0.334628446056592,0.15289785800000003
20,42,544.0,0.35356014921597995,0.158821106
20,42,545.0,0.3476328306857003,0.15659906
20,42,546.0,0.33904299820627753,0.151255524
20,42,547.0,0.3554600471707441,0.151827011
20,42,548.0,0.33191794052497775,0.145552475
20,42,549.0,0.34964524642721556,0.154823151
20,42,550.0,0.3428388916659703,0.145255402
20,42,551.0,0.3418759578938469,0.147485764
20,42,552.0,0.3571893967810387,0.155766617
20,42,553.0,0.34411401458451846,0.145568008
20,42,554.0,0.35611227616386465,0.149030914
20,42,555.0,0.35780985210284433,0.150708267
20,42,556.0,0.34814878517291425,0.14509968599999998
20,42,557.0,0.3378839415334676,0.140483795
20,42,558.0,0.350861938624478,0.144430313
20,42,559.0,0.3318043371662916,0.134711273
20,42,560.0,0.33336457457469876,0.13477108799999998
20,42,561.0,0.36656685376772047,0.15058429
20,42,562.0,0.3368393230905138,0.132884171
20,42,563.0,0.3524833637785463,0.145245331
20,42,564.0,0.3476258808363879,0.140962952
20,42,565.0,0.35189154922354277,0.143815582
20,42,566.0,0.3246731214123113,0.126290802
20,42,567.0,0.3480448042089403,0.137422775
20,42,568.0,0.34762723523615546,0.137808182
20,42,569.0,0.3373545661758296,0.13287432899999999
20,42,570.0,0.33883551921077215,0.129500443
20,42,571.0,0.3265410599788226,0.125861061
20,42,572.0,0.3431867158911282,0.134124664
20,42,573.0,0.34793762877682777,0.133008987
20,42,574.0,0.34406570765947514,0.130542419
20,42,575.0,0.33724939669185766,0.124125763
20,42,576.0,0.3306850269963577,0.124443527
20,42,577.0,0.3439581389041978,0.12698278000000002
20,42,578.0,0.33640553518051225,0.12589019
20,42,579.0,0.33519063722092174,0.12156298800000001
20,42,580.0,0.34811788707316615,0.12646994
20,42,581.0,0.3438574173921899,0.12802652
20,42,582.0,0.35097754827332495,0.125359619
20,42,583.0,0.3555294396376234,0.13076875300000002
20,42,584.0,0.357403993899767,0.12821499600000003
20,42,585.0,0.3558145100068839,0.12577692399999998
20,42,586.0,0.34189178145577787,0.11842823799999999
20,42,587.0,0.3559231869074256,0.127580002
20,42,588.0,0.35338074939020137,0.124651001
20,42,589.0,0.3024135260042293,0.10679182400000001
20,42,590.0,0.31470996861099015,0.111447227
20,42,591.0,0.3388960991866386,0.117002785
20,42,592.0,0.3226381183185106,0.112307449
20,42,593.0,0.34490714903628644,0.120933914
20,42,594.0,0.33728263010514437,0.117527023
20,42,595.0,0.33892125374211973,0.114448586
20,42,596.0,0.3481533135196118,0.113213203
20,42,597.0,0.35028603484654197,0.11651947800000001
20,42,598.0,0.3426496382398625,0.116470963
20,42,599.0,0.34715242919238504,0.117450737
20,42,600.0,0.3492941456490846,0.11212481699999999
20,42,601.0,0.34935599999200506,0.11532311199999999
20,42,602.0,0.34679861277431606,0.114534698
20,42,603.0,0.3491086065617333,0.113423073
20,42,604.0,0.3610355774624047,0.120378838
20,42,605.0,0.3606019574842935,0.11748806
20,42,606.0,0.3575380965777636,0.113719376
20,42,607.0,0.35653879922400183,0.11471790300000001
20,42,608.0,0.3564173444509054,0.111280235
20,42,609.0,0.353143479756172,0.11248180399999999
20,42,610.0,0.3483901419476562,0.11138857299999999
20,42,611.0,0.3547172649244765,0.11288749699999999
20,42,612.0,0.3512052139817297,0.110552856
20,42,613.0,0.3469104431005793,0.107363014
20,42,614.0,0.3349263565460732,0.103350098
20,42,615.0,0.3516421720764397,0.113160446
20,42,616.0,0.33530469957064024,0.10002757300000001
20,42,617.0,0.33782820456283075,0.108463623
20,42,618.0,0.35417062439000346,0.10956790200000001
20,42,619.0,0.3515564173659037,0.107598061
20,42,620.0,0.35723753611621184,0.108982033
20,42,621.0,0.3636576338487937,0.109466568
20,42,622.0,0.34454692658093294,0.102593544
20,42,623.0,0.3473585100095445,0.10138596300000001
20,42,624.0,0.34768097002087334,0.106393105
20,42,625.0,0.3381306454511304,0.0997543182
20,42,626.0,0.3398635000838539,0.0980288239
20,42,627.0,0.34612728537639215,0.0998935165
20,42,628.0,0.3280793362738268,0.0963623962
20,42,629.0,0.34380888131365045,0.0998972702
20,42,630.0,0.33433059781477686,0.0953700943
20,42,631.0,0.35236153620349375,0.102673073
20,42,632.0,0.3301156965035562,0.0946856537
20,42,633.0,0.35478460869069733,0.105756592
20,42,634.0,0.3453024627583451,0.100817245
20,42,635.0,0.35268710517792545,0.100323341
20,42,636.0,0.34112000239973905,0.0970239639
20,42,637.0,0.35440547252141796,0.10314653800000001
20,42,638.0,0.3619729589096202,0.101460121
20,42,639.0,0.36020858301644754,0.0991345596
20,42,640.0,0.3504045208847943,0.09773996730000001
20,42,641.0,0.3553617266401422,0.09963939670000001
20,42,642.0,0.35294002907391475,0.09896925349999999
20,42,643.0,0.35947218970645733,0.0997486115
20,42,644.0,0.35672358586703784,0.10164621
20,42,645.0,0.36013681350957205,0.0965909042
20,42,646.0,0.34403224782885367,0.0974076996
20,42,647.0,0.3426859607790837,0.0936363144
20,42,648.0,0.33576048997848207,0.091173172
20,42,649.0,0.3496354988531308,0.095302269
20,42,650.0,0.3332489673199928,0.0888321457
20,42,651.0,0.36074307499542974,0.0971242981
20,42,652.0,0.3514289943413062,0.09162184139999999
20,42,653.0,0.36108046076581335,0.09807239529999999
20,42,654.0,0.3566344075348671,0.09713530729999999
20,42,655.0,0.33613263320391096,0.0873188705
20,42,656.0,0.2926526753815242,0.0739261627
20,42,657.0,0.3144482137549001,0.08185749819999999
20,42,658.0,0.35421124954262767,0.0886240387
20,42,659.0,0.3575746277492722,0.09184300229999999
20,42,660.0,0.3593375021740156,0.0921333466
20,42,661.0,0.3622943552383034,0.09625453950000001
20,42,662.0,0.36698210384393354,0.0945228424
20,42,663.0,0.3631869388871461,0.0929653015
20,42,664.0,0.3583987423856225,0.0928152237
20,42,665.0,0.36022190128082865,0.0913338928
20,42,666.0,0.36522578252513616,0.0948515167
20,42,667.0,0.35889348478354743,0.0924592667
20,42,668.0,0.3611416242280443,0.0923218918
20,42,669.0,0.36698615336243057,0.0911028671
20,42,670.0,0.3629726359057411,0.0906108017
20,42,671.0,0.3599790396174559,0.0917371445
20,42,672.0,0.35888221179962343,0.0869149551
20,42,673.0,0.36218137914455995,0.08940068050000001
20,42,674.0,0.3630702894970634,0.0895622482
20,42,675.0,0.35826384622089347,0.0856010284
20,42,676.0,0.36514842098891737,0.09209194949999999
20,42,677.0,0.35823891979284794,0.0875717239
20,42,678.0,0.36483349568134593,0.0877590561
20,42,679.0,0.3599655127207874,0.089316391
20,42,680.0,0.35797489050280484,0.0864977341
20,42,681.0,0.3585349313864934,0.0860398941
20,42,682.0,0.3588781622811264,0.08826174930000001
20,42,683.0,0.36092932206447775,0.08257214360000001
20,42,684.0,0.3552155985339064,0.0839492111
20,42,685.0,0.36008249729061054,0.087430954
20,42,686.0,0.3457193203292318,0.084743515
20,42,687.0,0.17764130458625374,0.0404941063
20,42,688.0,0.25508632176571,0.0571430054
20,42,689.0,0.2850329991135914,0.0666435471
20,42,690.0,0.29825832772922767,0.0688460007
20,42,691.0,0.3144985649343401,0.0701048279
20,42,692.0,0.32993124264611967,0.07896310420000001
20,42,693.0,0.3158451020008348,0.07376026919999999
20,42,694.0,0.29992102069176946,0.06931022640000001
20,42,695.0,0.31944351542391236,0.07250622559999999
20,42,696.0,0.3196733102077093,0.0737412491
20,42,697.0,0.35031008228281924,0.0772382736
20,42,698.0,0.3435125140190559,0.07822132109999999
20,42,699.0,0.33458932579259837,0.0764564819
20,42,700.0,0.33179490185659766,0.07591363529999999
20,42,701.0,0.3131956566413683,0.0694489136
20,42,702.0,0.31516218901257587,0.0707012329
20,42,703.0,0.32482590728265714,0.0726248169
20,42,704.0,0.3295814986618973,0.0731747894
20,42,705.0,0.33279223772483746,0.0738603592
20,42,706.0,0.335992518495835,0.07363408660000001
20,42,707.0,0.33468735594809856,0.07141182709999999
20,42,708.0,0.3470870041591683,0.0742228546
20,42,709.0,0.3356783251113703,0.07513511660000001
20,42,710.0,0.34231511175787704,0.0717884674
20,42,711.0,0.34304148729786926,0.0700962219
20,42,712.0,0.33675202279095,0.0720999985
20,42,713.0,0.3375659072627934,0.0712177353
20,42,714.0,0.34200386077270545,0.0728728256
20,42,715.0,0.3194065663037886,0.0668313828
20,42,716.0,0.3316272733380919,0.0709070816
20,42,717.0,0.28470450620895443,0.058483215299999995
20,42,718.0,0.23721635378936873,0.0511339188
20,42,719.0,0.2137541977723063,0.046558120700000004
20,42,720.0,0.2297497975454619,0.049311058000000005
20,42,721.0,0.3028752241260068,0.060842674299999996
20,42,722.0,0.3078387746970336,0.0616655693
20,42,723.0,0.2999732714510855,0.0628052368
20,42,724.0,0.24260241928647297,0.050637958500000003
20,42,725.0,0.24082576829035635,0.047919456500000006
20,42,726.0,0.2749354098226138,0.0555323677
20,42,727.0,0.2633969686744583,0.0546853409
20,42,728.0,0.23019412754234114,0.0471192284
20,42,729.0,0.23000743995134856,0.0469032211
20,42,730.0,0.27922951205438407,0.0591701202
20,42,731.0,0.2544092326964516,0.049767147100000006
20,42,732.0,0.26638597094817823,0.0543350639
20,42,733.0,0.296897950133593,0.0574735298
20,42,734.0,0.32687777778386623,0.0644262619
20,42,735.0,0.30826723906350423,0.0639196854
20,42,736.0,0.3145701668513453,0.0615046272
20,42,737.0,0.31818346430702005,0.060859687800000006
20,42,738.0,0.3227620127212893,0.0639138641
20,42,739.0,0.31279197129226144,0.0623435707
20,42,740.0,0.32354097283225736,0.0629986954
20,42,741.0,0.32533678721700454,0.0629881744
20,42,742.0,0.32140706264330904,0.0627534523
20,42,743.0,0.33066131268770005,0.0643204041
20,42,744.0,0.3350267664777306,0.06395842360000001
20,42,745.0,0.3278620457464699,0.0632489052
20,42,746.0,0.33331178102941533,0.0654828415
20,42,747.0,0.3384461956295037,0.0667197266
20,42,748.0,0.3324984810699969,0.0653908005
20,42,749.0,0.3327403211192015,0.065352066
20,42,750.0,0.3282300139320092,0.06522911070000001
20,42,751.0,0.32742971928854075,0.061017288200000006
20,42,752.0,0.3332623902425378,0.0616580238
20,42,753.0,0.33028501562763046,0.0610837975
20,42,754.0,0.3355910665382641,0.0637280388
20,42,755.0,0.33381211921890513,0.062232666
20,42,756.0,0.3273710806190078,0.0604546127
20,42,757.0,0.3302724279182755,0.062283290899999996
20,42,758.0,0.3306346761589379,0.061199955
20,42,759.0,0.3142348058402102,0.0552428665
20,42,760.0,0.035806248870191335,0.007524200440000001
20,42,761.0,0.011654521895547902,0.00350494742
20,42,762.0,0.1459948387710854,0.0275388947
20,42,763.0,0.10026417361696567,0.0189962997
20,42,764.0,0.12477639645786516,0.023041601199999998
20,42,765.0,0.1852569097884205,0.030978403100000003
20,42,766.0,0.23331815081814253,0.0405664749
20,42,767.0,0.25304637100851596,0.0453602638
20,42,768.0,0.30514837208338363,0.055944885300000004
20,42,769.0,0.31376901647347827,0.055734420800000004
20,42,770.0,0.3120911679143454,0.0570128212
20,42,771.0,0.3187990547343071,0.0549739609
20,42,772.0,0.320448742380899,0.0590558014
20,42,773.0,0.31921415910993917,0.0575290489
20,42,774.0,0.322530506126675,0.0584677734
20,42,775.0,0.3105135206545825,0.054417785600000004
20,42,776.0,0.3234939200950796,0.059388431500000005
20,42,777.0,0.3215822060284039,0.059719257399999996
20,42,778.0,0.32007616102766645,0.0575264206
20,42,779.0,0.3213295947388256,0.0552070961
20,42,780.0,0.3175332002196229,0.0550247154
20,42,781.0,0.31732146273131295,0.055380619000000006
20,42,782.0,0.32131253956235856,0.0547641335
20,42,783.0,0.3141143767855237,0.0537056847
20,42,784.0,0.3153446177687438,0.0540148048
20,42,785.0,0.3160317895918274,0.0542523346
20,42,786.0,0.3086225152235449,0.049540805800000004
20,42,787.0,0.31172466118087844,0.0531456642
20,42,788.0,0.3024759221070568,0.0493546791
20,42,789.0,0.3061301350904575,0.050034214
20,42,790.0,0.29337713013639144,0.0502374535
20,42,791.0,0.29418132825575566,0.0488012924
20,42,792.0,0.29244661576961356,0.050428649900000004
20,42,793.0,0.29536528912530186,0.0504584198
20,42,794.0,0.3019422044616791,0.0507932243
20,42,795.0,0.295783524695346,0.051115135199999995
20,42,796.0,0.27993167188418855,0.04539711
20,42,797.0,0.2971799956767059,0.0509515991
20,42,798.0,0.29921702387177523,0.0486086464
20,42,799.0,0.30218287548603384,0.0502564621
20,42,800.0,0.2860930238539014,0.0458643875
20,42,801.0,0.2868804174975636,0.0468990097
20,42,802.0,0.2917714474854801,0.048274948100000006
20,42,803.0,0.2867006814659841,0.0452508736
20,42,804.0,0.28889341809352403,0.047935153999999994
20,42,805.0,0.2836999054908502,0.0460512962
20,42,806.0,0.3001460559232519,0.0507320671
20,42,807.0,0.2937841973806755,0.0471643524
20,42,808.0,0.29725792291424175,0.0488401146
20,42,809.0,0.28491486604012706,0.0443724442
20,42,810.0,0.27918051766885266,0.042266384100000005
20,42,811.0,0.2826569988587137,0.0447372551
20,42,812.0,0.2731158390607314,0.045453575100000004
20,42,813.0,0.2554607192459036,0.0423145599
20,42,814.0,0.2320596651274463,0.0374026833
20,42,815.0,0.2147879611799513,0.033184803
20,42,816.0,0.22801076397682907,0.0363942833
20,42,817.0,0.1763680183158752,0.0283956604
20,42,818.0,0.21952923217579043,0.0308249588
20,42,819.0,0.21795446575169472,0.0319085426
20,42,820.0,0.20506184680704256,0.0333146286
20,42,821.0,0.2717991952388036,0.042112812
20,42,822.0,0.24909700284990866,0.0378761978
20,42,823.0,0.1577608303668574,0.0255043697
20,42,824.0,0.23859977772832117,0.0362580376
20,42,825.0,0.26251526058213304,0.0416779861
20,42,826.0,0.24305727050700127,0.0378593597
20,42,827.0,0.26261514859105173,0.041555347400000005
20,42,828.0,0.2135846696739245,0.0350390053
20,42,829.0,0.2494958038093487,0.0383997498
20,42,830.0,0.2392574523661638,0.0352293587
30,21,360.0,0.14385121149999996,0.240249451
30,21,361.0,0.11555333699999999,0.190640427
30,21,362.0,0.12919746399999996,0.206257782
30,21,363.0,0.139799988,0.225236008
30,21,364.0,0.14198983749999997,0.21922023
30,21,365.0,0.13503816199999996,0.20451828
30,21,366.0,0.18830500799999997,0.286685547
30,21,367.0,0.17108399949999997,0.254444366
30,21,368.0,0.16371653749999995,0.239402466
30,21,369.0,0.159433319,0.227816406
30,21,370.0,0.18602304099999997,0.26070047
30,21,371.0,0.15077259849999997,0.211935455
30,21,372.0,0.16079043599999998,0.219127884
30,21,373.0,0.16257354749999997,0.21914134200000002
30,21,374.0,0.12766104899999997,0.172199768
30,21,375.0,0.11826375599999998,0.159549301
30,21,376.0,0.17123706049999998,0.223364212
30,21,377.0,0.17747201549999997,0.228128571
30,21,378.0,0.23187712099999996,0.290815155
30,21,379.0,0.18042721549999996,0.22323670999999998
30,21,380.0,0.17068051149999997,0.211087845
30,21,381.0,0.19339637749999997,0.23732342499999998
30,21,382.0,0.14630561849999998,0.171020676
30,21,383.0,0.103255165,0.12264367699999999
30,21,384.0,0.11457993299999998,0.13095645099999997
30,21,385.0,0.17421781899999997,0.203595886
30,21,386.0,0.13627490249999996,0.15951509100000003
30,21,387.0,0.15786224349999997,0.177932846
30,21,388.0,0.15739639299999997,0.16839871199999998
30,21,389.0,0.18048881549999995,0.201253983
30,21,390.0,0.22064869699999998,0.241773361
30,21,391.0,0.24836331199999997,0.25728472900000005
30,21,392.0,0.22183996599999997,0.23095933500000002
30,21,393.0,0.12000267049999998,0.124227249
30,21,394.0,0.13354936199999998,0.134733948
30,21,395.0,0.22540240499999997,0.22697399899999998
30,21,396.0,0.233759857,0.232756729
30,21,397.0,0.09572321299999999,0.0948242798
30,21,398.0,0.2689289549999999,0.262340485
30,21,399.0,0.32424450699999996,0.313500336
30,21,400.0,0.32034954849999997,0.306671051
30,21,401.0,0.32020877099999995,0.300887756
30,21,402.0,0.34099569699999993,0.31740301499999996
30,21,403.0,0.32103192149999993,0.294604156
30,21,404.0,0.34598706049999994,0.31536563100000004
30,21,405.0,0.31883093249999994,0.280250793
30,21,406.0,0.31764242549999994,0.292582916
30,21,407.0,0.31126461799999994,0.28124353
30,21,408.0,0.33789089949999995,0.288467041
30,21,409.0,0.37547930899999993,0.318738953
30,21,410.0,0.31513333149999995,0.26799826000000004
30,21,411.0,0.37189376849999994,0.307049194
30,21,412.0,0.38716995249999997,0.31839053300000003
30,21,413.0,0.36641802999999995,0.30557489
30,21,414.0,0.36155459599999995,0.292177277
30,21,415.0,0.3869183654999999,0.315949921
30,21,416.0,0.38645339949999996,0.30363916
30,21,417.0,0.3754240725,0.294717438
30,21,418.0,0.3683230285,0.281387268
30,21,419.0,0.3792510679999999,0.298571716
30,21,420.0,0.32187448099999993,0.244192535
30,21,421.0,0.4046383969999999,0.30229586799999997
30,21,422.0,0.38860464499999997,0.290181915
30,21,423.0,0.32948538199999994,0.243143539
30,21,424.0,0.36343356299999996,0.265722626
30,21,425.0,0.3782464904999999,0.27370385700000005
30,21,426.0,0.3645999449999999,0.26189709499999997
30,21,427.0,0.3518247984999999,0.248433258
30,21,428.0,0.35720773299999997,0.250656982
30,21,429.0,0.32625720199999997,0.22457206700000001
30,21,430.0,0.26121255499999996,0.18218869000000001
30,21,431.0,0.23493968199999998,0.16240675400000001
30,21,432.0,0.42505990599999993,0.284314636
30,21,433.0,0.37961846899999996,0.251996826
30,21,434.0,0.361369293,0.23507081600000002
30,21,435.0,0.39400045799999994,0.261330566
30,21,436.0,0.4384114989999999,0.285665436
30,21,437.0,0.44505685399999995,0.285981628
30,21,438.0,0.39939852899999995,0.25629864500000005
30,21,439.0,0.38662115499999994,0.240535645
30,21,440.0,0.43485147099999993,0.27330831899999997
30,21,441.0,0.43453762799999995,0.26993103
30,21,442.0,0.4594381409999999,0.282776306
30,21,443.0,0.46310833749999997,0.27607937600000004
30,21,444.0,0.46156719949999997,0.278135803
30,21,445.0,0.48533575449999994,0.29270605499999997
30,21,446.0,0.43352938849999995,0.255326157
30,21,447.0,0.49652993749999996,0.29423657200000003
30,21,448.0,0.504625245,0.29353405800000004
30,21,449.0,0.5103602299999999,0.297419708
30,21,450.0,0.5235654899999999,0.29997695900000004
30,21,451.0,0.5668805549999999,0.32476333599999996
30,21,452.0,0.527618105,0.300009552
30,21,453.0,0.49113098149999995,0.277387787
30,21,454.0,0.5259162,0.287245758
30,21,455.0,0.5299909649999999,0.290948761
30,21,456.0,0.5440261249999999,0.29915115400000003
30,21,457.0,0.5484596549999999,0.29927621499999996
30,21,458.0,0.5399617899999999,0.29055807499999997
30,21,459.0,0.5409187599999999,0.290540131
30,21,460.0,0.5368992299999998,0.28784182700000005
30,21,461.0,0.5576837749999999,0.288747345
30,21,462.0,0.550604005,0.284654419
30,21,463.0,0.55055249,0.28284051499999996
30,21,464.0,0.5539705199999998,0.282124084
30,21,465.0,0.5466670549999999,0.28150872800000004
30,21,466.0,0.5664819949999998,0.290530945
30,21,467.0,0.5469005749999999,0.265452942
30,21,468.0,0.5802050799999998,0.285309235
30,21,469.0,0.5758257449999998,0.281937744
30,21,470.0,0.5690808099999999,0.278220276
30,21,471.0,0.5697555549999999,0.279563171
30,21,472.0,0.57709247,0.27794314600000003
30,21,473.0,0.5709151599999999,0.26603082299999997
30,21,474.0,0.5743112199999999,0.27100076300000003
30,21,475.0,0.5972394399999998,0.281883331
30,21,476.0,0.5797609849999998,0.265941772
30,21,477.0,0.5753341049999999,0.259979462
30,21,478.0,0.6038348999999998,0.278489868
30,21,479.0,0.57707068,0.263711548
30,21,480.0,0.5898848899999999,0.26609375
30,21,481.0,0.5892288199999999,0.263986786
30,21,482.0,0.6037653199999998,0.269893829
30,21,483.0,0.6064160149999999,0.267344788
30,21,484.0,0.5838076799999999,0.255960114
30,21,485.0,0.5884110699999999,0.25727801499999997
30,21,486.0,0.47718920899999995,0.206367706
30,21,487.0,0.537796145,0.23189863600000002
30,21,488.0,0.584453245,0.25497406
30,21,489.0,0.5435803199999999,0.230109238
30,21,490.0,0.6204729599999999,0.262702759
30,21,491.0,0.5813204949999999,0.25131665000000003
30,21,492.0,0.5595413799999999,0.231021683
30,21,493.0,0.60360553,0.24957695000000002
30,21,494.0,0.5837151499999998,0.23671785
30,21,495.0,0.624566895,0.255181
30,21,496.0,0.6090073249999999,0.247613388
30,21,497.0,0.5919142449999999,0.23844155900000003
30,21,498.0,0.5786410499999999,0.234743195
30,21,499.0,0.5783653549999999,0.230549225
30,21,500.0,0.5765971049999999,0.230021576
30,21,501.0,0.5635674449999999,0.225259995
30,21,502.0,0.5585731799999999,0.217879089
30,21,503.0,0.5904855349999999,0.223329422
30,21,504.0,0.5452246099999999,0.212590546
30,21,505.0,0.5945454699999999,0.224123367
30,21,506.0,0.63627295,0.234407974
30,21,507.0,0.5911871949999998,0.21824343899999998
30,21,508.0,0.5708772599999998,0.214311523
30,21,509.0,0.6168436299999999,0.230772324
30,21,510.0,0.5997329099999998,0.225838654
30,21,511.0,0.6007179549999998,0.221318161
30,21,512.0,0.6310423599999999,0.230504593
30,21,513.0,0.5794975599999999,0.210419647
30,21,514.0,0.5676364749999999,0.200021606
30,21,515.0,0.5806976299999999,0.208455978
30,21,516.0,0.6103887949999999,0.218292282
30,21,517.0,0.45053863549999995,0.160659409
30,21,518.0,0.5578663949999999,0.19505320699999998
30,21,519.0,0.5292844849999999,0.185613342
30,21,520.0,0.5829201049999999,0.207264343
30,21,521.0,0.5842228999999999,0.197213943
30,21,522.0,0.6075792849999999,0.20498988299999998
30,21,523.0,0.5664530649999999,0.19323684700000002
30,21,524.0,0.6148547349999999,0.208885239
30,21,525.0,0.6094978649999999,0.209102142
30,21,526.0,0.5814276099999999,0.194651611
30,21,527.0,0.5079350599999999,0.171494247
30,21,528.0,0.6102668449999998,0.203068192
30,21,529.0,0.6275527949999998,0.208322327
30,21,530.0,0.5931937249999999,0.190468994
30,21,531.0,0.646503235,0.206164978
30,21,532.0,0.6172888799999998,0.200566391
30,21,533.0,0.5426470349999999,0.173226181
30,21,534.0,0.5908013899999999,0.188748566
30,21,535.0,0.6029168699999999,0.18904811100000002
30,21,536.0,0.640515745,0.205768494
30,21,537.0,0.5951358049999999,0.186033005
30,21,538.0,0.6233435649999999,0.19782017500000001
30,21,539.0,0.6213214099999999,0.19586784399999999
30,21,540.0,0.6086154149999998,0.18677410900000002
30,21,541.0,0.5555172099999999,0.168863815
30,21,542.0,0.6212926049999998,0.194406998
30,21,543.0,0.5963541849999999,0.17639570599999999
30,21,544.0,0.6296413549999998,0.18964444
30,21,545.0,0.6193648699999998,0.18325778199999998
30,21,546.0,0.6044640499999999,0.181964813
30,21,547.0,0.632516785,0.18766059899999998
30,21,548.0,0.5893645,0.17252310199999998
30,21,549.0,0.6205795299999999,0.18244162
30,21,550.0,0.6079833999999998,0.181227402
30,21,551.0,0.6056338499999999,0.174989777
30,21,552.0,0.6324597799999999,0.19067108200000002
30,21,553.0,0.6088178699999999,0.1778629
30,21,554.0,0.62965619,0.18373835800000002
30,21,555.0,0.63230371,0.17669339
30,21,556.0,0.6151540549999999,0.172409805
30,21,557.0,0.5970250849999998,0.168556747
30,21,558.0,0.6199286499999999,0.172000351
30,21,559.0,0.58621576,0.16802507
30,21,560.0,0.5889760749999999,0.162635681
30,21,561.0,0.6476113899999999,0.179526306
30,21,562.0,0.5950103149999999,0.168813049
30,21,563.0,0.6226893899999999,0.167491592
30,21,564.0,0.61415521,0.16501062
30,21,565.0,0.6217624499999999,0.170001236
30,21,566.0,0.573648985,0.156514236
30,21,567.0,0.6153404549999999,0.164829239
30,21,568.0,0.6150389399999999,0.164603119
30,21,569.0,0.600019715,0.158018234
30,21,570.0,0.6026824949999999,0.15850355500000002
30,21,571.0,0.5801988549999999,0.151315811
30,21,572.0,0.6118178099999999,0.158941208
30,21,573.0,0.6195103149999999,0.16001445
30,21,574.0,0.6137354749999998,0.16192514
30,21,575.0,0.6007948599999998,0.150862991
30,21,576.0,0.5893579099999998,0.151133408
30,21,577.0,0.6129999999999999,0.160755875
30,21,578.0,0.5977529299999998,0.149860748
30,21,579.0,0.5944960349999999,0.144754547
30,21,580.0,0.6163180549999998,0.151608765
30,21,581.0,0.6071687599999999,0.15071717799999998
30,21,582.0,0.6183248299999999,0.15589141799999998
30,21,583.0,0.6249804099999999,0.154861435
30,21,584.0,0.6264456799999999,0.15667482000000002
30,21,585.0,0.6231129149999999,0.153168228
30,21,586.0,0.5978670049999998,0.148168625
30,21,587.0,0.6223806749999999,0.15031805399999998
30,21,588.0,0.6191077899999999,0.151382858
30,21,589.0,0.5374755849999999,0.125570145
30,21,590.0,0.5604337149999999,0.129912537
30,21,591.0,0.5992001349999999,0.13887744100000002
30,21,592.0,0.5758485699999999,0.136078873
30,21,593.0,0.6037822899999998,0.141626785
30,21,594.0,0.5960435799999999,0.138054489
30,21,595.0,0.5967503649999999,0.13754425
30,21,596.0,0.6104435399999999,0.141528351
30,21,597.0,0.6141906749999999,0.14249993900000002
30,21,598.0,0.6002860099999999,0.136288422
30,21,599.0,0.6054768699999998,0.13856375099999999
30,21,600.0,0.6073707899999999,0.13704530299999998
30,21,601.0,0.6059450049999999,0.140921555
30,21,602.0,0.6007595199999999,0.135924179
30,21,603.0,0.6044548949999998,0.13296908600000001
30,21,604.0,0.6243729849999998,0.143008408
30,21,605.0,0.6231933599999999,0.14092727700000002
30,21,606.0,0.6171870749999999,0.146147705
30,21,607.0,0.6148150649999999,0.136295944
30,21,608.0,0.613874635,0.140669403
30,21,609.0,0.6079409799999999,0.13655149800000002
30,21,610.0,0.5991816999999998,0.129291031
30,21,611.0,0.609589415,0.132578323
30,21,612.0,0.6028537599999999,0.130862122
30,21,613.0,0.5949345699999999,0.127783997
30,21,614.0,0.5740002449999998,0.125240273
30,21,615.0,0.6021908549999999,0.12446378300000001
30,21,616.0,0.5736143799999999,0.124342644
30,21,617.0,0.5775161749999999,0.126379295
30,21,618.0,0.6051713849999999,0.127910469
30,21,619.0,0.6003230599999999,0.126973907
30,21,620.0,0.6097263199999998,0.12939004499999998
30,21,621.0,0.6205097649999999,0.129294617
30,21,622.0,0.5878405749999999,0.12446739200000001
30,21,623.0,0.5925794699999999,0.122856094
30,21,624.0,0.5931541749999999,0.123796761
30,21,625.0,0.5769367049999998,0.121203789
30,21,626.0,0.5799703349999998,0.11881794
30,21,627.0,0.5911455699999999,0.119515991
30,21,628.0,0.5718992299999999,0.11203939099999999
30,21,629.0,0.591609985,0.119792564
30,21,630.0,0.5746441649999999,0.11526153600000001
30,21,631.0,0.6015528549999999,0.118656708
30,21,632.0,0.5625876449999998,0.11348227699999999
30,21,633.0,0.6032699599999999,0.12144353499999999
30,21,634.0,0.5859992049999998,0.119341782
30,21,635.0,0.5977251599999999,0.123125488
30,21,636.0,0.5773381949999999,0.115927612
30,21,637.0,0.5984938349999999,0.114103134
30,21,638.0,0.6096483749999999,0.120886856
30,21,639.0,0.6058547349999999,0.119237083
30,21,640.0,0.58824066,0.117730324
30,21,641.0,0.5964613049999999,0.11643318899999999
30,21,642.0,0.5911771849999999,0.116671906
30,21,643.0,0.6020772699999999,0.11327151499999999
30,21,644.0,0.5966438,0.116001564
30,21,645.0,0.6024525749999999,0.113938148
30,21,646.0,0.5780990599999999,0.114207108
30,21,647.0,0.5796870099999999,0.108659767
30,21,648.0,0.5715667099999998,0.10608480799999999
30,21,649.0,0.5909039899999999,0.110495026
30,21,650.0,0.5567601299999999,0.103152473
30,21,651.0,0.60170514,0.116107071
30,21,652.0,0.5890205699999999,0.112203491
30,21,653.0,0.6018202499999998,0.11546605700000001
30,21,654.0,0.5944294449999998,0.107025154
30,21,655.0,0.5657721549999999,0.102786392
30,21,656.0,0.4890524594999999,0.08714542389999999
30,21,657.0,0.5240585949999998,0.0956494675
30,21,658.0,0.5876265249999999,0.106416
30,21,659.0,0.5914563599999999,0.111263397
30,21,660.0,0.5946910999999999,0.109120674
30,21,661.0,0.5983247049999999,0.109773407
30,21,662.0,0.60605353,0.107908539
30,21,663.0,0.5996338499999999,0.107945236
30,21,664.0,0.5910736099999999,0.105499809
30,21,665.0,0.5938235449999999,0.10583042899999999
30,21,666.0,0.6015745849999998,0.106736008
30,21,667.0,0.5905441299999998,0.100777092
30,21,668.0,0.5939830949999999,0.108278
30,21,669.0,0.6031542349999999,0.10650537900000001
30,21,670.0,0.5962728899999998,0.101146355
30,21,671.0,0.5908254999999999,0.10265542600000001
30,21,672.0,0.58890344,0.104609726
30,21,673.0,0.5938637699999999,0.103844452
30,21,674.0,0.5951447749999998,0.101514488
30,21,675.0,0.5868085949999998,0.100884178
30,21,676.0,0.5979462899999999,0.10584523
30,21,677.0,0.5863853149999999,0.10037367999999999
30,21,678.0,0.5967711199999999,0.10694606799999999
30,21,679.0,0.5886089499999999,0.102156548
30,21,680.0,0.5849685649999999,0.100377106
30,21,681.0,0.58583307,0.0991406631
30,21,682.0,0.5857919299999998,0.0997435455
30,21,683.0,0.5893167699999999,0.09884236149999999
30,21,684.0,0.5796776099999998,0.0943220291
30,21,685.0,0.5870223999999998,0.09959781649999999
30,21,686.0,0.5634912099999999,0.0896839676
30,21,687.0,0.33225884999999994,0.053419754
30,21,688.0,0.45347961449999996,0.072975563
30,21,689.0,0.4915682069999999,0.0764306946
30,21,690.0,0.5119934999999999,0.08313957209999999
30,21,691.0,0.5291074199999999,0.0842654343
30,21,692.0,0.5473916,0.0867156754
30,21,693.0,0.5300583499999999,0.0815508423
30,21,694.0,0.5113836049999999,0.0780184937
30,21,695.0,0.5322319349999999,0.0859208832
30,21,696.0,0.5336483749999998,0.08066310880000001
30,21,697.0,0.5710340599999998,0.09205756379999999
30,21,698.0,0.5601999499999998,0.0889851837
30,21,699.0,0.5531211549999999,0.0890733643
30,21,700.0,0.5478468649999999,0.0828314743
30,21,701.0,0.5229046649999999,0.08161670680000001
30,21,702.0,0.5242329699999999,0.0766758575
30,21,703.0,0.5368120099999999,0.0810683212
30,21,704.0,0.5427606799999999,0.08035472869999999
30,21,705.0,0.5482628799999999,0.0860400238
30,21,706.0,0.550382995,0.0815146103
30,21,707.0,0.5464835199999999,0.0837618332
30,21,708.0,0.5652666649999999,0.0876756668
30,21,709.0,0.5460458349999999,0.0847446518
30,21,710.0,0.5575800799999998,0.0852962112
30,21,711.0,0.5564289549999999,0.0881710892
30,21,712.0,0.5467341899999999,0.0824867935
30,21,713.0,0.5471253649999999,0.08482375340000001
30,21,714.0,0.5549992049999999,0.08438147739999999
30,21,715.0,0.52354132,0.07806055449999999
30,21,716.0,0.5417665999999999,0.0844368896
30,21,717.0,0.4829304809999999,0.0719572372
30,21,718.0,0.40986853049999994,0.0593931427
30,21,719.0,0.37490512099999995,0.051389576
30,21,720.0,0.40869738749999995,0.0591756363
30,21,721.0,0.5024764999999999,0.0741233749
30,21,722.0,0.5100721149999999,0.0716924133
30,21,723.0,0.49986138899999993,0.0714339752
30,21,724.0,0.42068319699999995,0.0603008995
30,21,725.0,0.42247146599999996,0.0570160446
30,21,726.0,0.4690540465,0.0681954193
30,21,727.0,0.45486834699999995,0.0665478897
30,21,728.0,0.4068982849999999,0.0548060379
30,21,729.0,0.40645187399999994,0.0563945045
30,21,730.0,0.47285409549999996,0.06738903809999999
30,21,731.0,0.439696045,0.059714096099999996
30,21,732.0,0.4573789059999999,0.06352425
30,21,733.0,0.4923236084999999,0.0654663467
30,21,734.0,0.5306077899999999,0.0761534348
30,21,735.0,0.5075655799999998,0.0707095871
30,21,736.0,0.5125230099999999,0.0732182846
30,21,737.0,0.51855835,0.0735117035
30,21,738.0,0.5234208999999999,0.0748486404
30,21,739.0,0.50681238,0.070380249
30,21,740.0,0.5204884049999998,0.0713039932
30,21,741.0,0.5210871599999999,0.0750155792
30,21,742.0,0.514042845,0.0723502045
30,21,743.0,0.52887732,0.07609886930000001
30,21,744.0,0.5351948249999999,0.07220809169999999
30,21,745.0,0.52293695,0.0719138336
30,21,746.0,0.5311603399999999,0.0745469055
30,21,747.0,0.5393605349999999,0.0774399719
30,21,748.0,0.5296954949999999,0.0712463837
30,21,749.0,0.5299711899999998,0.074216423
30,21,750.0,0.5226090099999999,0.07327792359999999
30,21,751.0,0.5212992549999999,0.0730293579
30,21,752.0,0.5301331199999999,0.07171372220000001
30,21,753.0,0.5252885149999998,0.0723550797
30,21,754.0,0.5336405049999998,0.0724116058
30,21,755.0,0.53072455,0.0694435501
30,21,756.0,0.5204222399999999,0.0740849304
30,21,757.0,0.524771055,0.0711792755
30,21,758.0,0.5250856949999999,0.0706888123
30,21,759.0,0.5037640999999998,0.06594035340000001
30,21,760.0,0.08877890799999999,0.0101586256
30,21,761.0,0.04953846359999999,0.0053602519
30,21,762.0,0.2639020995,0.0331165161
30,21,763.0,0.20382514949999997,0.025061716100000003
30,21,764.0,0.24187956249999995,0.0286327171
30,21,765.0,0.3320020445,0.0414650154
30,21,766.0,0.3916922299999999,0.049708099400000004
30,21,767.0,0.4238549194999999,0.051168384600000005
30,21,768.0,0.49190237449999996,0.0613156204
30,21,769.0,0.5022081899999999,0.061318775199999995
30,21,770.0,0.4986680909999999,0.06632653050000001
30,21,771.0,0.5062772849999999,0.0653021088
30,21,772.0,0.507377715,0.0631187553
30,21,773.0,0.5053520799999999,0.0638401833
30,21,774.0,0.5105787049999999,0.06541313169999999
30,21,775.0,0.49146792599999994,0.061801403
30,21,776.0,0.5118912649999998,0.0646281509
30,21,777.0,0.5086972349999999,0.0671066971
30,21,778.0,0.5062145399999999,0.0686127243
30,21,779.0,0.5081026299999999,0.0648472977
30,21,780.0,0.5020219749999999,0.060593078599999996
30,21,781.0,0.5015055249999999,0.0613298836
30,21,782.0,0.5077445999999999,0.062132186900000004
30,21,783.0,0.49622726449999993,0.0636532516
30,21,784.0,0.49846496599999995,0.0623295937
30,21,785.0,0.4997358704999999,0.0597473106
30,21,786.0,0.4891480409999999,0.0636446495
30,21,787.0,0.49511730949999994,0.060120079
30,21,788.0,0.48260626199999995,0.0588665047
30,21,789.0,0.48808166499999994,0.0614417038
30,21,790.0,0.4720210569999999,0.059478225700000005
30,21,791.0,0.47219216899999994,0.057443649299999996
30,21,792.0,0.4680227659999999,0.0594841957
30,21,793.0,0.4707424619999999,0.0576509781
30,21,794.0,0.47649923699999996,0.056722477
30,21,795.0,0.46929165649999993,0.0565604553
30,21,796.0,0.453906555,0.0548681679
30,21,797.0,0.47447381599999994,0.057179611199999994
30,21,798.0,0.4764257504999999,0.05529916
30,21,799.0,0.4798569944999999,0.0561570015
30,21,800.0,0.45822332749999994,0.0550143738
30,21,801.0,0.46154226699999995,0.0528147926
30,21,802.0,0.467047699,0.0543216782
30,21,803.0,0.45931323249999995,0.05639571
30,21,804.0,0.462877228,0.0547118607
30,21,805.0,0.45294885249999994,0.0541158295
30,21,806.0,0.47490032949999994,0.0547398682
30,21,807.0,0.4669263915,0.0557516441
30,21,808.0,0.47005932599999994,0.0564073524
30,21,809.0,0.45401800549999993,0.052342853499999994
30,21,810.0,0.44719705199999993,0.052575931500000006
30,21,811.0,0.45346749899999994,0.0515524635
30,21,812.0,0.4422510679999999,0.0489726944
30,21,813.0,0.42021627799999994,0.047325626399999994
30,21,814.0,0.39137948599999994,0.044718131999999994
30,21,815.0,0.364441162,0.0392487755
30,21,816.0,0.38287689199999997,0.0402963333
30,21,817.0,0.30952151499999997,0.0358146133
30,21,818.0,0.3670996704999999,0.0415838242
30,21,819.0,0.3672882384999999,0.0406876602
30,21,820.0,0.34559442149999997,0.0388297653
30,21,821.0,0.4359120485,0.0463185539
30,21,822.0,0.40652703849999994,0.0430440369
30,21,823.0,0.2796850585,0.0294958973
30,21,824.0,0.39697100849999994,0.043572074899999994
30,21,825.0,0.4240513915,0.0463395729
30,21,826.0,0.40068466199999997,0.043844902
30,21,827.0,0.4248926389999999,0.0466501541
30,21,828.0,0.3618004759999999,0.0396945572
30,21,829.0,0.40823998999999994,0.044077968599999996
30,21,830.0,0.39348187249999994,0.044119491600000005
30,42,360.0,0.14385121149999996,0.237651184
30,42,361.0,0.11555333699999999,0.18975357099999998
30,42,362.0,0.12919746399999996,0.209217377
30,42,363.0,0.139799988,0.22104165599999998
30,42,364.0,0.14198983749999997,0.219688843
30,42,365.0,0.13503816199999996,0.204089508
30,42,366.0,0.18830500799999997,0.280497406
30,42,367.0,0.17108399949999997,0.25872378500000004
30,42,368.0,0.16371653749999995,0.238970795
30,42,369.0,0.159433319,0.229063492
30,42,370.0,0.18602304099999997,0.262344177
30,42,371.0,0.15077259849999997,0.21512841800000002
30,42,372.0,0.16079043599999998,0.216564941
30,42,373.0,0.16257354749999997,0.218525711
30,42,374.0,0.12766104899999997,0.17098358200000002
30,42,375.0,0.11826375599999998,0.158780792
30,42,376.0,0.17123706049999998,0.221236588
30,42,377.0,0.17747201549999997,0.227892502
30,42,378.0,0.23187712099999996,0.292568237
30,42,379.0,0.18042721549999996,0.220078369
30,42,380.0,0.17068051149999997,0.21152812199999999
30,42,381.0,0.19339637749999997,0.23307664500000003
30,42,382.0,0.14630561849999998,0.175877457
30,42,383.0,0.103255165,0.12349705500000001
30,42,384.0,0.11457993299999998,0.130575836
30,42,385.0,0.17421781899999997,0.201230545
30,42,386.0,0.13627490249999996,0.149680023
30,42,387.0,0.15786224349999997,0.175436676
30,42,388.0,0.15739639299999997,0.174015793
30,42,389.0,0.18048881549999995,0.19602334600000001
30,42,390.0,0.22064869699999998,0.235578156
30,42,391.0,0.24836331199999997,0.264422821
30,42,392.0,0.22183996599999997,0.23081397999999997
30,42,393.0,0.12000267049999998,0.12462825
30,42,394.0,0.13354936199999998,0.136521439
30,42,395.0,0.22540240499999997,0.23034581
30,42,396.0,0.233759857,0.233110748
30,42,397.0,0.09572321299999999,0.09803739930000001
30,42,398.0,0.2689289549999999,0.25830212399999997
30,42,399.0,0.32424450699999996,0.309777405
30,42,400.0,0.32034954849999997,0.302401367
30,42,401.0,0.32020877099999995,0.303984955
30,42,402.0,0.34099569699999993,0.315412994
30,42,403.0,0.32103192149999993,0.293014496
30,42,404.0,0.34598706049999994,0.318230621
30,42,405.0,0.31883093249999994,0.28302114899999997
30,42,406.0,0.31764242549999994,0.279566956
30,42,407.0,0.31126461799999994,0.272048706
30,42,408.0,0.33789089949999995,0.29453900099999997
30,42,409.0,0.37547930899999993,0.322692902
30,42,410.0,0.31513333149999995,0.267881378
30,42,411.0,0.37189376849999994,0.312336212
30,42,412.0,0.38716995249999997,0.319022339
30,42,413.0,0.36641802999999995,0.301106995
30,42,414.0,0.36155459599999995,0.292742554
30,42,415.0,0.3869183654999999,0.311981354
30,42,416.0,0.38645339949999996,0.31202005000000005
30,42,417.0,0.3754240725,0.294760559
30,42,418.0,0.3683230285,0.28234436
30,42,419.0,0.3792510679999999,0.29189837599999996
30,42,420.0,0.32187448099999993,0.248135086
30,42,421.0,0.4046383969999999,0.307105774
30,42,422.0,0.38860464499999997,0.290850677
30,42,423.0,0.32948538199999994,0.245136429
30,42,424.0,0.36343356299999996,0.264782135
30,42,425.0,0.3782464904999999,0.273125519
30,42,426.0,0.3645999449999999,0.265710571
30,42,427.0,0.3518247984999999,0.24793000799999998
30,42,428.0,0.35720773299999997,0.25045874
30,42,429.0,0.32625720199999997,0.226428909
30,42,430.0,0.26121255499999996,0.182238312
30,42,431.0,0.23493968199999998,0.164113159
30,42,432.0,0.42505990599999993,0.285838562
30,42,433.0,0.37961846899999996,0.254502853
30,42,434.0,0.361369293,0.243669891
30,42,435.0,0.39400045799999994,0.25568073999999996
30,42,436.0,0.4384114989999999,0.284791626
30,42,437.0,0.44505685399999995,0.288427399
30,42,438.0,0.39939852899999995,0.257271179
30,42,439.0,0.38662115499999994,0.243103027
30,42,440.0,0.43485147099999993,0.271226807
30,42,441.0,0.43453762799999995,0.276329346
30,42,442.0,0.4594381409999999,0.283059753
30,42,443.0,0.46310833749999997,0.282121979
30,42,444.0,0.46156719949999997,0.276675903
30,42,445.0,0.48533575449999994,0.289787598
30,42,446.0,0.43352938849999995,0.25842837500000004
30,42,447.0,0.49652993749999996,0.297933044
30,42,448.0,0.504625245,0.297226044
30,42,449.0,0.5103602299999999,0.296711853
30,42,450.0,0.5235654899999999,0.298810028
30,42,451.0,0.5668805549999999,0.32525619499999997
30,42,452.0,0.527618105,0.300580353
30,42,453.0,0.49113098149999995,0.273289459
30,42,454.0,0.5259162,0.29055416900000003
30,42,455.0,0.5299909649999999,0.287642792
30,42,456.0,0.5440261249999999,0.29506338499999996
30,42,457.0,0.5484596549999999,0.299530823
30,42,458.0,0.5399617899999999,0.28847238199999997
30,42,459.0,0.5409187599999999,0.288109833
30,42,460.0,0.5368992299999998,0.28492672700000005
30,42,461.0,0.5576837749999999,0.291282471
30,42,462.0,0.550604005,0.284647827
30,42,463.0,0.55055249,0.288776001
30,42,464.0,0.5539705199999998,0.28607409699999997
30,42,465.0,0.5466670549999999,0.274902496
30,42,466.0,0.5664819949999998,0.285896149
30,42,467.0,0.5469005749999999,0.27343335
30,42,468.0,0.5802050799999998,0.290181702
30,42,469.0,0.5758257449999998,0.283943756
30,42,470.0,0.5690808099999999,0.276636047
30,42,471.0,0.5697555549999999,0.274807709
30,42,472.0,0.57709247,0.282547913
30,42,473.0,0.5709151599999999,0.265985748
30,42,474.0,0.5743112199999999,0.272728668
30,42,475.0,0.5972394399999998,0.27701355
30,42,476.0,0.5797609849999998,0.264958923
30,42,477.0,0.5753341049999999,0.262327332
30,42,478.0,0.6038348999999998,0.278068939
30,42,479.0,0.57707068,0.260256683
30,42,480.0,0.5898848899999999,0.26774585
30,42,481.0,0.5892288199999999,0.270663208
30,42,482.0,0.6037653199999998,0.274914948
30,42,483.0,0.6064160149999999,0.272003357
30,42,484.0,0.5838076799999999,0.26055542000000004
30,42,485.0,0.5884110699999999,0.256732361
30,42,486.0,0.47718920899999995,0.210444885
30,42,487.0,0.537796145,0.234821152
30,42,488.0,0.584453245,0.244568588
30,42,489.0,0.5435803199999999,0.23167849699999998
30,42,490.0,0.6204729599999999,0.260483612
30,42,491.0,0.5813204949999999,0.236765167
30,42,492.0,0.5595413799999999,0.23185675
30,42,493.0,0.60360553,0.250286148
30,42,494.0,0.5837151499999998,0.243620087
30,42,495.0,0.624566895,0.255482071
30,42,496.0,0.6090073249999999,0.246080322
30,42,497.0,0.5919142449999999,0.242676254
30,42,498.0,0.5786410499999999,0.22957827800000002
30,42,499.0,0.5783653549999999,0.228206711
30,42,500.0,0.5765971049999999,0.223720428
30,42,501.0,0.5635674449999999,0.222749084
30,42,502.0,0.5585731799999999,0.21736232
30,42,503.0,0.5904855349999999,0.232190292
30,42,504.0,0.5452246099999999,0.205022141
30,42,505.0,0.5945454699999999,0.227997162
30,42,506.0,0.63627295,0.242546219
30,42,507.0,0.5911871949999998,0.222249496
30,42,508.0,0.5708772599999998,0.21411534100000001
30,42,509.0,0.6168436299999999,0.226860962
30,42,510.0,0.5997329099999998,0.218312073
30,42,511.0,0.6007179549999998,0.216496109
30,42,512.0,0.6310423599999999,0.231161957
30,42,513.0,0.5794975599999999,0.21235609400000002
30,42,514.0,0.5676364749999999,0.20233606
30,42,515.0,0.5806976299999999,0.212620407
30,42,516.0,0.6103887949999999,0.221323578
30,42,517.0,0.45053863549999995,0.163478836
30,42,518.0,0.5578663949999999,0.197924545
30,42,519.0,0.5292844849999999,0.18709895299999998
30,42,520.0,0.5829201049999999,0.203213913
30,42,521.0,0.5842228999999999,0.204048065
30,42,522.0,0.6075792849999999,0.20631456
30,42,523.0,0.5664530649999999,0.190652649
30,42,524.0,0.6148547349999999,0.213901703
30,42,525.0,0.6094978649999999,0.20810881
30,42,526.0,0.5814276099999999,0.194152679
30,42,527.0,0.5079350599999999,0.170072433
30,42,528.0,0.6102668449999998,0.200956024
30,42,529.0,0.6275527949999998,0.208102203
30,42,530.0,0.5931937249999999,0.193035522
30,42,531.0,0.646503235,0.206848038
30,42,532.0,0.6172888799999998,0.20460228
30,42,533.0,0.5426470349999999,0.173341461
30,42,534.0,0.5908013899999999,0.188098801
30,42,535.0,0.6029168699999999,0.191423279
30,42,536.0,0.640515745,0.200550659
30,42,537.0,0.5951358049999999,0.184414749
30,42,538.0,0.6233435649999999,0.19843563800000003
30,42,539.0,0.6213214099999999,0.197317657
30,42,540.0,0.6086154149999998,0.18751585399999998
30,42,541.0,0.5555172099999999,0.17314236500000002
30,42,542.0,0.6212926049999998,0.193732635
30,42,543.0,0.5963541849999999,0.17972203099999998
30,42,544.0,0.6296413549999998,0.19119375600000002
30,42,545.0,0.6193648699999998,0.187892212
30,42,546.0,0.6044640499999999,0.176876236
30,42,547.0,0.632516785,0.188117325
30,42,548.0,0.5893645,0.17735881
30,42,549.0,0.6205795299999999,0.181807816
30,42,550.0,0.6079833999999998,0.179840073
30,42,551.0,0.6056338499999999,0.178607132
30,42,552.0,0.6324597799999999,0.17759086600000001
30,42,553.0,0.6088178699999999,0.177761597
30,42,554.0,0.62965619,0.183550888
30,42,555.0,0.63230371,0.177938934
30,42,556.0,0.6151540549999999,0.175086227
30,42,557.0,0.5970250849999998,0.17012738
30,42,558.0,0.6199286499999999,0.171766907
30,42,559.0,0.58621576,0.164625031
30,42,560.0,0.5889760749999999,0.160849045
30,42,561.0,0.6476113899999999,0.176089111
30,42,562.0,0.5950103149999999,0.161313721
30,42,563.0,0.6226893899999999,0.171783142
30,42,564.0,0.61415521,0.165422638
30,42,565.0,0.6217624499999999,0.16764125100000002
30,42,566.0,0.573648985,0.157946854
30,42,567.0,0.6153404549999999,0.163766479
30,42,568.0,0.6150389399999999,0.162963409
30,42,569.0,0.600019715,0.156657318
30,42,570.0,0.6026824949999999,0.16092308
30,42,571.0,0.5801988549999999,0.153333069
30,42,572.0,0.6118178099999999,0.156671875
30,42,573.0,0.6195103149999999,0.158895767
30,42,574.0,0.6137354749999998,0.158387711
30,42,575.0,0.6007948599999998,0.155055893
30,42,576.0,0.5893579099999998,0.148091537
30,42,577.0,0.6129999999999999,0.158269165
30,42,578.0,0.5977529299999998,0.15612591599999998
30,42,579.0,0.5944960349999999,0.148164185
30,42,580.0,0.6163180549999998,0.152332886
30,42,581.0,0.6071687599999999,0.150299973
30,42,582.0,0.6183248299999999,0.155037079
30,42,583.0,0.6249804099999999,0.15523111
30,42,584.0,0.6264456799999999,0.158234055
30,42,585.0,0.6231129149999999,0.15162588500000002
30,42,586.0,0.5978670049999998,0.14328714
30,42,587.0,0.6223806749999999,0.15385885600000002
30,42,588.0,0.6191077899999999,0.15008343500000002
30,42,589.0,0.5374755849999999,0.129929352
30,42,590.0,0.5604337149999999,0.132972687
30,42,591.0,0.5992001349999999,0.138689468
30,42,592.0,0.5758485699999999,0.131204086
30,42,593.0,0.6037822899999998,0.142944626
30,42,594.0,0.5960435799999999,0.141388763
30,42,595.0,0.5967503649999999,0.142309464
30,42,596.0,0.6104435399999999,0.142904739
30,42,597.0,0.6141906749999999,0.14051989699999998
30,42,598.0,0.6002860099999999,0.13953894
30,42,599.0,0.6054768699999998,0.140817566
30,42,600.0,0.6073707899999999,0.13751686100000002
30,42,601.0,0.6059450049999999,0.14429182399999999
30,42,602.0,0.6007595199999999,0.13431401099999998
30,42,603.0,0.6044548949999998,0.13519399999999998
30,42,604.0,0.6243729849999998,0.143244446
30,42,605.0,0.6231933599999999,0.14181556699999998
30,42,606.0,0.6171870749999999,0.134562866
30,42,607.0,0.6148150649999999,0.132127243
30,42,608.0,0.613874635,0.138339828
30,42,609.0,0.6079409799999999,0.134867966
30,42,610.0,0.5991816999999998,0.135564285
30,42,611.0,0.609589415,0.131211411
30,42,612.0,0.6028537599999999,0.134456039
30,42,613.0,0.5949345699999999,0.129471146
30,42,614.0,0.5740002449999998,0.12489939900000001
30,42,615.0,0.6021908549999999,0.127078156
30,42,616.0,0.5736143799999999,0.12403597999999999
30,42,617.0,0.5775161749999999,0.124392075
30,42,618.0,0.6051713849999999,0.132348969
30,42,619.0,0.6003230599999999,0.128143326
30,42,620.0,0.6097263199999998,0.13148506199999999
30,42,621.0,0.6205097649999999,0.129158066
30,42,622.0,0.5878405749999999,0.12706353
30,42,623.0,0.5925794699999999,0.12217668899999999
30,42,624.0,0.5931541749999999,0.1262491
30,42,625.0,0.5769367049999998,0.11795325499999999
30,42,626.0,0.5799703349999998,0.118765945
30,42,627.0,0.5911455699999999,0.122650154
30,42,628.0,0.5718992299999999,0.113535439
30,42,629.0,0.591609985,0.12084023999999999
30,42,630.0,0.5746441649999999,0.115636368
30,42,631.0,0.6015528549999999,0.118440804
30,42,632.0,0.5625876449999998,0.112525627
30,42,633.0,0.6032699599999999,0.116732819
30,42,634.0,0.5859992049999998,0.111411697
30,42,635.0,0.5977251599999999,0.123019348
30,42,636.0,0.5773381949999999,0.109709175
30,42,637.0,0.5984938349999999,0.116653679
30,42,638.0,0.6096483749999999,0.121818314
30,42,639.0,0.6058547349999999,0.11447350299999999
30,42,640.0,0.58824066,0.121781685
30,42,641.0,0.5964613049999999,0.118761833
30,42,642.0,0.5911771849999999,0.114963043
30,42,643.0,0.6020772699999999,0.11715625
30,42,644.0,0.5966438,0.117798157
30,42,645.0,0.6024525749999999,0.11424885600000001
30,42,646.0,0.5780990599999999,0.112606155
30,42,647.0,0.5796870099999999,0.108412941
30,42,648.0,0.5715667099999998,0.108476105
30,42,649.0,0.5909039899999999,0.110112534
30,42,650.0,0.5567601299999999,0.105478516
30,42,651.0,0.60170514,0.115494232
30,42,652.0,0.5890205699999999,0.11118763699999999
30,42,653.0,0.6018202499999998,0.108154091
30,42,654.0,0.5944294449999998,0.114284988
30,42,655.0,0.5657721549999999,0.10498387099999999
30,42,656.0,0.4890524594999999,0.08806353
30,42,657.0,0.5240585949999998,0.0993432007
30,42,658.0,0.5876265249999999,0.107645714
30,42,659.0,0.5914563599999999,0.108055748
30,42,660.0,0.5946910999999999,0.109118439
30,42,661.0,0.5983247049999999,0.105039917
30,42,662.0,0.60605353,0.109262489
30,42,663.0,0.5996338499999999,0.109252808
30,42,664.0,0.5910736099999999,0.109101669
30,42,665.0,0.5938235449999999,0.102648674
30,42,666.0,0.6015745849999998,0.10765741699999999
30,42,667.0,0.5905441299999998,0.10119104
30,42,668.0,0.5939830949999999,0.104233841
30,42,669.0,0.6031542349999999,0.11099983199999999
30,42,670.0,0.5962728899999998,0.10671325699999999
30,42,671.0,0.5908254999999999,0.10622841599999999
30,42,672.0,0.58890344,0.10309063
30,42,673.0,0.5938637699999999,0.107006882
30,42,674.0,0.5951447749999998,0.102855179
30,42,675.0,0.5868085949999998,0.102808571
30,42,676.0,0.5979462899999999,0.107773323
30,42,677.0,0.5863853149999999,0.101383522
30,42,678.0,0.5967711199999999,0.10285942799999999
30,42,679.0,0.5886089499999999,0.09874309540000001
30,42,680.0,0.5849685649999999,0.10065815
30,42,681.0,0.58583307,0.0988171768
30,42,682.0,0.5857919299999998,0.0988173447
30,42,683.0,0.5893167699999999,0.09856360630000001
30,42,684.0,0.5796776099999998,0.094753273
30,42,685.0,0.5870223999999998,0.10217765799999999
30,42,686.0,0.5634912099999999,0.0923983078
30,42,687.0,0.33225884999999994,0.0514183655
30,42,688.0,0.45347961449999996,0.0732792664
30,42,689.0,0.4915682069999999,0.07899947360000001
30,42,690.0,0.5119934999999999,0.0799969635
30,42,691.0,0.5291074199999999,0.08536746220000001
30,42,692.0,0.5473916,0.0876544724
30,42,693.0,0.5300583499999999,0.0835819778
30,42,694.0,0.5113836049999999,0.0827996979
30,42,695.0,0.5322319349999999,0.0804930267
30,42,696.0,0.5336483749999998,0.08637096409999999
30,42,697.0,0.5710340599999998,0.09177638240000001
30,42,698.0,0.5601999499999998,0.08408253480000001
30,42,699.0,0.5531211549999999,0.0896244354
30,42,700.0,0.5478468649999999,0.0833447113
30,42,701.0,0.5229046649999999,0.0834816055
30,42,702.0,0.5242329699999999,0.0875578461
30,42,703.0,0.5368120099999999,0.0858636017
30,42,704.0,0.5427606799999999,0.0858085861
30,42,705.0,0.5482628799999999,0.0844087601
30,42,706.0,0.550382995,0.0895407333
30,42,707.0,0.5464835199999999,0.08390502929999999
30,42,708.0,0.5652666649999999,0.0860793915
30,42,709.0,0.5460458349999999,0.08431073759999999
30,42,710.0,0.5575800799999998,0.08602346799999999
30,42,711.0,0.5564289549999999,0.0840443573
30,42,712.0,0.5467341899999999,0.08724224850000001
30,42,713.0,0.5471253649999999,0.0826780167
30,42,714.0,0.5549992049999999,0.0853559418
30,42,715.0,0.52354132,0.0812150955
30,42,716.0,0.5417665999999999,0.08196378330000001
30,42,717.0,0.4829304809999999,0.069788475
30,42,718.0,0.40986853049999994,0.0590145988
30,42,719.0,0.37490512099999995,0.053974227900000005
30,42,720.0,0.40869738749999995,0.0592404442
30,42,721.0,0.5024764999999999,0.0700461426
30,42,722.0,0.5100721149999999,0.07038629910000001
30,42,723.0,0.49986138899999993,0.0725083389
30,42,724.0,0.42068319699999995,0.0570078392
30,42,725.0,0.42247146599999996,0.058312149
30,42,726.0,0.4690540465,0.065411911
30,42,727.0,0.45486834699999995,0.06344331360000001
30,42,728.0,0.4068982849999999,0.0560689964
30,42,729.0,0.40645187399999994,0.058370216399999994
30,42,730.0,0.47285409549999996,0.0665793304
30,42,731.0,0.439696045,0.0629445267
30,42,732.0,0.4573789059999999,0.062320167499999995
30,42,733.0,0.4923236084999999,0.06785562899999999
30,42,734.0,0.5306077899999999,0.07600689699999999
30,42,735.0,0.5075655799999998,0.0723564301
30,42,736.0,0.5125230099999999,0.06930310819999999
30,42,737.0,0.51855835,0.07241301730000001
30,42,738.0,0.5234208999999999,0.0753965149
30,42,739.0,0.50681238,0.07353287509999999
30,42,740.0,0.5204884049999998,0.0742029495
30,42,741.0,0.5210871599999999,0.0752622147
30,42,742.0,0.514042845,0.070027092
30,42,743.0,0.52887732,0.07288961790000001
30,42,744.0,0.5351948249999999,0.076941597
30,42,745.0,0.52293695,0.06897142789999999
30,42,746.0,0.5311603399999999,0.076350769
30,42,747.0,0.5393605349999999,0.0725055771
30,42,748.0,0.5296954949999999,0.0709169464
30,42,749.0,0.5299711899999998,0.07152941130000001
30,42,750.0,0.5226090099999999,0.0740368652
30,42,751.0,0.5212992549999999,0.0692383041
30,42,752.0,0.5301331199999999,0.0719966049
30,42,753.0,0.5252885149999998,0.0725834045
30,42,754.0,0.5336405049999998,0.0719460678
30,42,755.0,0.53072455,0.0697741241
30,42,756.0,0.5204222399999999,0.0707035522
30,42,757.0,0.524771055,0.0718638153
30,42,758.0,0.5250856949999999,0.0713109741
30,42,759.0,0.5037640999999998,0.0667117844
30,42,760.0,0.08877890799999999,0.010924658799999999
30,42,761.0,0.04953846359999999,0.00563290834
30,42,762.0,0.2639020995,0.0351328125
30,42,763.0,0.20382514949999997,0.023737516400000002
30,42,764.0,0.24187956249999995,0.0293548412
30,42,765.0,0.3320020445,0.0406275368
30,42,766.0,0.3916922299999999,0.0489413681
30,42,767.0,0.4238549194999999,0.0548900452
30,42,768.0,0.49190237449999996,0.0623463783
30,42,769.0,0.5022081899999999,0.0670331802
30,42,770.0,0.4986680909999999,0.0653285828
30,42,771.0,0.5062772849999999,0.0631533775
30,42,772.0,0.507377715,0.0617161064
30,42,773.0,0.5053520799999999,0.0680723114
30,42,774.0,0.5105787049999999,0.0677955551
30,42,775.0,0.49146792599999994,0.063871273
30,42,776.0,0.5118912649999998,0.06925119019999999
30,42,777.0,0.5086972349999999,0.0638099327
30,42,778.0,0.5062145399999999,0.0611149597
30,42,779.0,0.5081026299999999,0.0634093552
30,42,780.0,0.5020219749999999,0.062193832399999996
30,42,781.0,0.5015055249999999,0.0625112152
30,42,782.0,0.5077445999999999,0.06286997600000001
30,42,783.0,0.49622726449999993,0.061969634999999995
30,42,784.0,0.49846496599999995,0.062267086
30,42,785.0,0.4997358704999999,0.0649080124
30,42,786.0,0.4891480409999999,0.0617799606
30,42,787.0,0.49511730949999994,0.0600031548
30,42,788.0,0.48260626199999995,0.058809558899999996
30,42,789.0,0.48808166499999994,0.0601430626
30,42,790.0,0.4720210569999999,0.0595738029
30,42,791.0,0.47219216899999994,0.060047218299999996
30,42,792.0,0.4680227659999999,0.054976947799999995
30,42,793.0,0.4707424619999999,0.0575421104
30,42,794.0,0.47649923699999996,0.0543426895
30,42,795.0,0.46929165649999993,0.056503017399999994
30,42,796.0,0.453906555,0.0545996361
30,42,797.0,0.47447381599999994,0.055468448600000005
30,42,798.0,0.4764257504999999,0.056755085000000004
30,42,799.0,0.4798569944999999,0.0540040283
30,42,800.0,0.45822332749999994,0.0521416931
30,42,801.0,0.46154226699999995,0.051851959200000006
30,42,802.0,0.467047699,0.0509894142
30,42,803.0,0.45931323249999995,0.0537889366
30,42,804.0,0.462877228,0.0535026665
30,42,805.0,0.45294885249999994,0.0521564713
30,42,806.0,0.47490032949999994,0.0591682854
30,42,807.0,0.4669263915,0.0538061638
30,42,808.0,0.47005932599999994,0.0560471802
30,42,809.0,0.45401800549999993,0.0538082237
30,42,810.0,0.44719705199999993,0.0519845085
30,42,811.0,0.45346749899999994,0.056142391199999996
30,42,812.0,0.4422510679999999,0.0483465767
30,42,813.0,0.42021627799999994,0.0478829536
30,42,814.0,0.39137948599999994,0.0411511993
30,42,815.0,0.364441162,0.040015117600000004
30,42,816.0,0.38287689199999997,0.0429536819
30,42,817.0,0.30952151499999997,0.0327126465
30,42,818.0,0.3670996704999999,0.0404234085
30,42,819.0,0.3672882384999999,0.039440860700000004
30,42,820.0,0.34559442149999997,0.0381750374
30,42,821.0,0.4359120485,0.0499920769
30,42,822.0,0.40652703849999994,0.0443419266
30,42,823.0,0.2796850585,0.029000526399999997
30,42,824.0,0.39697100849999994,0.0433541107
30,42,825.0,0.4240513915,0.046150199899999994
30,42,826.0,0.40068466199999997,0.0435078545
30,42,827.0,0.4248926389999999,0.047217411
30,42,828.0,0.3618004759999999,0.0403056107
30,42,829.0,0.40823998999999994,0.044082408899999995
30,42,830.0,0.39348187249999994,0.0428313446
45,21,360.0,0.307903269057409,0.306273529
45,21,361.0,0.24642982097781507,0.235832581
45,21,362.0,0.2740095960823266,0.26019332900000003
45,21,363.0,0.29509364787855286,0.277396912
45,21,364.0,0.2983367408045631,0.281188385
45,21,365.0,0.28261291549865547,0.263089905
45,21,366.0,0.39248349454986087,0.364266968
45,21,367.0,0.3552238999582354,0.31620107999999997
45,21,368.0,0.33868174916684857,0.304870728
45,21,369.0,0.3288288002412153,0.29233316000000004
45,21,370.0,0.3822850843636382,0.331406921
45,21,371.0,0.3086922255698382,0.262167053
45,21,372.0,0.32813278513699845,0.274258392
45,21,373.0,0.3305439358222444,0.277694397
45,21,374.0,0.25863848270994255,0.209911423
45,21,375.0,0.238919616520309,0.199146805
45,21,376.0,0.34487191112888643,0.277930695
45,21,377.0,0.3562635208748477,0.281311188
45,21,378.0,0.46433428760087025,0.36471658300000004
45,21,379.0,0.3603237096276446,0.282418182
45,21,380.0,0.33992499067349186,0.256120209
45,21,381.0,0.38405548458225774,0.28851034499999995
45,21,382.0,0.28940215953891796,0.213455444
45,21,383.0,0.20343676560223703,0.147537186
45,21,384.0,0.22512486265918513,0.167851944
45,21,385.0,0.34113683451773,0.243267303
45,21,386.0,0.26613073301916756,0.184915726
45,21,387.0,0.3073157757522212,0.216952942
45,21,388.0,0.3056499057148509,0.21287004099999998
45,21,389.0,0.3496198503218417,0.238797272
45,21,390.0,0.42608867502928693,0.292685699
45,21,391.0,0.4784051687813678,0.328441803
45,21,392.0,0.4263667879045022,0.284512604
45,21,393.0,0.22986509792375934,0.154303802
45,21,394.0,0.2551972711917658,0.16512442
45,21,395.0,0.42970655505542277,0.27373989899999995
45,21,396.0,0.4443149307277172,0.280617371
45,21,397.0,0.18147953380487442,0.11718548599999999
45,21,398.0,0.5088444236049213,0.32079751599999995
45,21,399.0,0.6120447250891581,0.381031586
45,21,400.0,0.6032336838634677,0.370968445
45,21,401.0,0.6013811107658064,0.36514813199999996
45,21,402.0,0.6388884989080834,0.38695605499999997
45,21,403.0,0.5999841605083892,0.356209167
45,21,404.0,0.6454375663519414,0.382725372
45,21,405.0,0.5933569768570932,0.348164337
45,21,406.0,0.5899089247879153,0.338380585
45,21,407.0,0.5764746299222098,0.336425659
45,21,408.0,0.6248111872985177,0.361811249
45,21,409.0,0.692854418929338,0.38919528200000003
45,21,410.0,0.580292894110639,0.318317902
45,21,411.0,0.6831773621084181,0.380789703
45,21,412.0,0.7095937818019977,0.387303436
45,21,413.0,0.6705634214175469,0.370320038
45,21,414.0,0.6600581127461536,0.348993561
45,21,415.0,0.7049931428510586,0.372009369
45,21,416.0,0.7024806354797973,0.375290863
45,21,417.0,0.6814138250682168,0.358582458
45,21,418.0,0.6673529996532546,0.349229462
45,21,419.0,0.6855373918018114,0.352767151
45,21,420.0,0.5808489466199082,0.30302365099999995
45,21,421.0,0.7288414263757942,0.367051605
45,21,422.0,0.698885068208142,0.350375183
45,21,423.0,0.5913724682406643,0.29222582999999996
45,21,424.0,0.6512085313724613,0.318460083
45,21,425.0,0.6762224337569355,0.32459481799999995
45,21,426.0,0.6507665033671924,0.311564209
45,21,427.0,0.626864533467202,0.29669387799999997
45,21,428.0,0.635445237487348,0.295103424
45,21,429.0,0.5792643436577928,0.269094696
45,21,430.0,0.46296733210600416,0.213293884
45,21,431.0,0.4160309182813373,0.195594223
45,21,432.0,0.7510023862434184,0.33897699
45,21,433.0,0.6695592124085363,0.301929871
45,21,434.0,0.6366031771674429,0.283461609
45,21,435.0,0.693135854499318,0.30431131
45,21,436.0,0.769920858468437,0.338898102
45,21,437.0,0.7797918711439026,0.34586795000000004
45,21,438.0,0.6989255507784716,0.303650238
45,21,439.0,0.6760098788727243,0.292210876
45,21,440.0,0.7590381315525854,0.32092160000000003
45,21,441.0,0.7574184822570742,0.318624908
45,21,442.0,0.7993813664910636,0.33622247299999997
45,21,443.0,0.8049339507746023,0.33980575599999996
45,21,444.0,0.8009932446830497,0.32741513099999997
45,21,445.0,0.8418038064932142,0.34493838499999996
45,21,446.0,0.7507352342304183,0.30621106
45,21,447.0,0.8582312617362653,0.337381714
45,21,448.0,0.871686054213344,0.351402222
45,21,449.0,0.8798107959819911,0.34777938799999997
45,21,450.0,0.9009015143809505,0.350983093
45,21,451.0,0.9742522746621145,0.385192291
45,21,452.0,0.905875169129528,0.354217712
45,21,453.0,0.8420216660924976,0.331908478
45,21,454.0,0.8999600582703428,0.347804077
45,21,455.0,0.9062093902207237,0.34487933299999995
45,21,456.0,0.9291216510433584,0.347234894
45,21,457.0,0.9355090031663592,0.347704224
45,21,458.0,0.9199572289611294,0.338640076
45,21,459.0,0.9206138412470715,0.340415588
45,21,460.0,0.9129669551700823,0.33115683
45,21,461.0,0.9471839513066487,0.343239685
45,21,462.0,0.9337139631048423,0.33562274200000003
45,21,463.0,0.9332607147291697,0.332286102
45,21,464.0,0.937667524397677,0.332530304
45,21,465.0,0.9243398767909236,0.322495728
45,21,466.0,0.956025027599977,0.336632141
45,21,467.0,0.9222162229949862,0.323583954
45,21,468.0,0.9772774188933867,0.34413656600000003
45,21,469.0,0.9691288617683491,0.332874969
45,21,470.0,0.956809131238567,0.323984131
45,21,471.0,0.9567632046531289,0.322278656
45,21,472.0,0.9685999953934963,0.32390939300000005
45,21,473.0,0.9579667216079117,0.316670288
45,21,474.0,0.9640666418954279,0.315096924
45,21,475.0,1.0026579066464314,0.32893695100000003
45,21,476.0,0.9729913618499024,0.31229983499999997
45,21,477.0,0.9651208249690919,0.30582653800000004
45,21,478.0,1.012271525382477,0.323728088
45,21,479.0,0.9661710411737138,0.306236328
45,21,480.0,0.9859023609279775,0.310457947
45,21,481.0,0.9824732536636811,0.314187347
45,21,482.0,1.0047965793904012,0.315755585
45,21,483.0,1.0075001031733188,0.310697052
45,21,484.0,0.9689944619824491,0.294712158
45,21,485.0,0.9759546978774314,0.29573489399999997
45,21,486.0,0.7909855977642555,0.240803528
45,21,487.0,0.8902373400290278,0.26673642000000003
45,21,488.0,0.9666896332870358,0.28978283699999996
45,21,489.0,0.8984679003274795,0.26311764499999996
45,21,490.0,1.0242390813798894,0.300497009
45,21,491.0,0.9588640683975087,0.286103333
45,21,492.0,0.9221437162656432,0.272993225
45,21,493.0,0.9939087542346573,0.287355835
45,21,494.0,0.9605068542269004,0.287571259
45,21,495.0,1.0270667306871764,0.294168091
45,21,496.0,1.0009036949304604,0.290378937
45,21,497.0,0.9720472258045945,0.27016564899999995
45,21,498.0,0.9497022413971665,0.272819885
45,21,499.0,0.9485153838781483,0.26442773399999997
45,21,500.0,0.9450479514263117,0.26881545999999995
45,21,501.0,0.9235658706371691,0.25603259300000003
45,21,502.0,0.9158277536432713,0.25512672399999997
45,21,503.0,0.9686296868072383,0.263534851
45,21,504.0,0.8962155530973662,0.243072968
45,21,505.0,0.9739878874366288,0.264834656
45,21,506.0,1.042047777796107,0.273299866
45,21,507.0,0.9682163192540245,0.257529968
45,21,508.0,0.9326990456707376,0.249758698
45,21,509.0,1.006804394953445,0.26072421300000004
45,21,510.0,0.9775203171437921,0.25465741
45,21,511.0,0.9783923707238261,0.255844788
45,21,512.0,1.0271590010510534,0.272914581
45,21,513.0,0.9420040830074736,0.241735321
45,21,514.0,0.9222636981442749,0.236518173
45,21,515.0,0.9425940575503565,0.24425824
45,21,516.0,0.9903206540106112,0.246066376
45,21,517.0,0.73039054884095,0.18331839
45,21,518.0,0.9041638575819716,0.226012451
45,21,519.0,0.8573052559088269,0.21630136100000003
45,21,520.0,0.9438994261659016,0.23094949299999998
45,21,521.0,0.9453671535694749,0.232558319
45,21,522.0,0.9829232210638891,0.23876362599999998
45,21,523.0,0.9160519135639752,0.22621885700000002
45,21,524.0,0.9940593821211856,0.242662354
45,21,525.0,0.9854844113228215,0.238077179
45,21,526.0,0.9396879406035614,0.224376205
45,21,527.0,0.8208230502697971,0.195008942
45,21,528.0,0.986008101676036,0.238736725
45,21,529.0,1.013884952138314,0.246237579
45,21,530.0,0.9582030579073877,0.229008469
45,21,531.0,1.0438536083071046,0.24349704
45,21,532.0,0.9963333951030748,0.23184397899999998
45,21,533.0,0.8754313442748479,0.204248199
45,21,534.0,0.9525077936175412,0.211017517
45,21,535.0,0.9716683862755059,0.219955353
45,21,536.0,1.031585496572349,0.235121353
45,21,537.0,0.9578044476726972,0.21442103599999998
45,21,538.0,1.002772366021102,0.227255829
45,21,539.0,0.9992617788424096,0.227643753
45,21,540.0,0.9783391114410671,0.21454325900000001
45,21,541.0,0.8939970338556646,0.195723679
45,21,542.0,0.9988793047844657,0.22141329999999998
45,21,543.0,0.957621717138303,0.211426361
45,21,544.0,1.0106117407060657,0.215830276
45,21,545.0,0.9944063735608496,0.212337997
45,21,546.0,0.9708911910701681,0.214851303
45,21,547.0,1.0147058253295254,0.21164238
45,21,548.0,0.9441957463336255,0.198697769
45,21,549.0,0.9939371516429899,0.21432200599999998
45,21,550.0,0.9732347762882583,0.206200577
45,21,551.0,0.9688208814098033,0.19958479299999998
45,21,552.0,1.0114282934748444,0.211099533
45,21,553.0,0.9731259313414301,0.205927673
45,21,554.0,1.006037205309061,0.207793213
45,21,555.0,1.0099083391644126,0.20729359400000003
45,21,556.0,0.9824460654079443,0.20535107400000002
45,21,557.0,0.9535117438254698,0.19735903899999999
45,21,558.0,0.9900720635506174,0.20480806000000001
45,21,559.0,0.9362001434764265,0.190310654
45,21,560.0,0.9406224104991706,0.188318634
45,21,561.0,1.034249493086198,0.206093658
45,21,562.0,0.9501685217508165,0.190663101
45,21,563.0,0.9944244118548378,0.19284964
45,21,564.0,0.9808533498097286,0.196314529
45,21,565.0,0.9930822736866709,0.192665085
45,21,566.0,0.9162175533274682,0.182048553
45,21,567.0,0.9832149733218066,0.194026581
45,21,568.0,0.983185713243201,0.188983047
45,21,569.0,0.9624096149354632,0.181860107
45,21,570.0,0.966722174341106,0.192824936
45,21,571.0,0.9300314287701688,0.17583927900000001
45,21,572.0,0.9828047099673622,0.187922012
45,21,573.0,0.9943686494140733,0.18582145700000002
45,21,574.0,0.9862436601580528,0.181586136
45,21,575.0,0.9646515252694862,0.175435257
45,21,576.0,0.9465422731159254,0.17306395
45,21,577.0,0.9844923758641558,0.180801086
45,21,578.0,0.9581753534637009,0.173976456
45,21,579.0,0.9518285680567369,0.181942352
45,21,580.0,0.9856354705444863,0.17611149599999998
45,21,581.0,0.9693601846807465,0.170411102
45,21,582.0,0.985723512409812,0.18385797099999998
45,21,583.0,0.9949438666384329,0.176826874
45,21,584.0,0.9954135128203614,0.177461288
45,21,585.0,0.9895602030938521,0.174784195
45,21,586.0,0.9485916029180923,0.168474747
45,21,587.0,0.9874613263195272,0.177742813
45,21,588.0,0.9834493226512276,0.173524139
45,21,589.0,0.8621342436810416,0.15066339099999998
45,21,590.0,0.8998297172773668,0.150350876
45,21,591.0,0.957606606266389,0.166230942
45,21,592.0,0.9265098814363681,0.156470505
45,21,593.0,0.9587011934215303,0.167699371
45,21,594.0,0.9526616105556528,0.163352646
45,21,595.0,0.9509607359041866,0.158717804
45,21,596.0,0.9701993577954552,0.16390426600000002
45,21,597.0,0.9761641924034935,0.163605087
45,21,598.0,0.9535499841601965,0.16051944
45,21,599.0,0.9590850392666295,0.160660797
45,21,600.0,0.9602424670014147,0.162265228
45,21,601.0,0.9564471137798028,0.160635849
45,21,602.0,0.9475033231554395,0.155084579
45,21,603.0,0.9530202551150705,0.156088898
45,21,604.0,0.9836876459207587,0.162914749
45,21,605.0,0.9813950713858635,0.162268585
45,21,606.0,0.9712128044474553,0.161406586
45,21,607.0,0.9668244573370047,0.15706546
45,21,608.0,0.9646029258204153,0.15349505600000002
45,21,609.0,0.9549795560818569,0.15430159000000002
45,21,610.0,0.9406346646596885,0.153386703
45,21,611.0,0.956492432253409,0.155460678
45,21,612.0,0.9452143760783316,0.156207565
45,21,613.0,0.9322425163196002,0.148200516
45,21,614.0,0.8990512280666196,0.14579634100000002
45,21,615.0,0.9427420055021842,0.14992569
45,21,616.0,0.8973971426708645,0.13502662699999998
45,21,617.0,0.9030790285004109,0.143444916
45,21,618.0,0.9460367129805805,0.150039261
45,21,619.0,0.9380673437849633,0.14973907500000003
45,21,620.0,0.9524540181468321,0.144706741
45,21,621.0,0.9691162540544406,0.145289597
45,21,622.0,0.9180286517839856,0.14017688
45,21,623.0,0.925360224805108,0.147414154
45,21,624.0,0.9262766493356613,0.141959259
45,21,625.0,0.9010161434612486,0.137463623
45,21,626.0,0.9058275242746117,0.138803497
45,21,627.0,0.9237583592451436,0.137226303
45,21,628.0,0.9058503143261695,0.13285951199999999
45,21,629.0,0.9295139609566286,0.136133331
45,21,630.0,0.9016175094943764,0.133165756
45,21,631.0,0.9397628656380959,0.141523117
45,21,632.0,0.8779002570988352,0.130446091
45,21,633.0,0.9400282923105499,0.14134024
45,21,634.0,0.9119670637550777,0.12954676799999998
45,21,635.0,0.9294157296825862,0.13518928500000002
45,21,636.0,0.8969251630365581,0.13109162900000002
45,21,637.0,0.928461411299629,0.135540833
45,21,638.0,0.9441566503996938,0.133514557
45,21,639.0,0.9374595925776014,0.135247498
45,21,640.0,0.9090857238298954,0.131535248
45,21,641.0,0.9216858080562824,0.13490704299999998
45,21,642.0,0.9123200090338393,0.132422394
45,21,643.0,0.9290963578337956,0.132241425
45,21,644.0,0.9198924933353118,0.130090103
45,21,645.0,0.9289388356561508,0.13594004799999998
45,21,646.0,0.893928762695941,0.125142204
45,21,647.0,0.9003729096356066,0.125449112
45,21,648.0,0.8918632896459594,0.12327613100000001
45,21,649.0,0.9173414854140285,0.127101089
45,21,650.0,0.8577528050038432,0.118748001
45,21,651.0,0.9260240920066249,0.130026291
45,21,652.0,0.9092956426200262,0.122719894
45,21,653.0,0.9257510710073411,0.133591339
45,21,654.0,0.9143891943944219,0.118124718
45,21,655.0,0.876343193824527,0.119206932
45,21,656.0,0.7536286586104912,0.10141715999999999
45,21,657.0,0.8061303895905056,0.108227478
45,21,658.0,0.9012091482571732,0.122761833
45,21,659.0,0.9053722040760701,0.12050444
45,21,660.0,0.9106311339844497,0.127199738
45,21,661.0,0.9149620781664036,0.12271217300000001
45,21,662.0,0.9267660662231919,0.128395432
45,21,663.0,0.9167932018869642,0.119377419
45,21,664.0,0.9030655581162291,0.116448151
45,21,665.0,0.9070123948235748,0.121219551
45,21,666.0,0.9183629577279949,0.12242874100000001
45,21,667.0,0.9009340554350207,0.11886297600000001
45,21,668.0,0.9059241150609219,0.11997358699999999
45,21,669.0,0.9194766155530246,0.11806012
45,21,670.0,0.9087067923769252,0.120765373
45,21,671.0,0.8998842705655353,0.118481865
45,21,672.0,0.8968372908768599,0.116162186
45,21,673.0,0.9039460757644341,0.119834267
45,21,674.0,0.9057228229735216,0.117847694
45,21,675.0,0.8925871407157245,0.114196938
45,21,676.0,0.9093924950358453,0.117055237
45,21,677.0,0.891568341265391,0.112587776
45,21,678.0,0.9069587042056791,0.11503108199999999
45,21,679.0,0.894358096720274,0.110583603
45,21,680.0,0.8884485932178637,0.114011002
45,21,681.0,0.8897093363244482,0.111125122
45,21,682.0,0.889057991984026,0.108424637
45,21,683.0,0.8945750158675386,0.115687126
45,21,684.0,0.8796358294800543,0.10937564799999999
45,21,685.0,0.8902032433400391,0.115217438
45,21,686.0,0.854401903749546,0.110705711
45,21,687.0,0.5591266036744403,0.0622771416
45,21,688.0,0.732590853011968,0.084745842
45,21,689.0,0.7779050698353912,0.0897420273
45,21,690.0,0.8046018015062757,0.0941962738
45,21,691.0,0.8211988775239979,0.0988904266
45,21,692.0,0.8401035399535798,0.09715561680000001
45,21,693.0,0.8204850320151865,0.0976401596
45,21,694.0,0.8006599781860088,0.0894730835
45,21,695.0,0.81997059061867,0.0961776962
45,21,696.0,0.8234995625736732,0.100254189
45,21,697.0,0.8658556193912059,0.102307747
45,21,698.0,0.8496638923357986,0.100717873
45,21,699.0,0.8467856636804536,0.0985363007
45,21,700.0,0.838051268587203,0.0966832275
45,21,701.0,0.8056239667848876,0.0905376816
45,21,702.0,0.8057663922327541,0.0893762894
45,21,703.0,0.8218780182319885,0.0943830643
45,21,704.0,0.8290520620043982,0.0933194351
45,21,705.0,0.8373975907944029,0.0952865372
45,21,706.0,0.8373054052833397,0.09381679529999999
45,21,707.0,0.8294862326391146,0.0968601761
45,21,708.0,0.8565828685500989,0.09825902560000001
45,21,709.0,0.8268377783323159,0.0971454697
45,21,710.0,0.8450137530817494,0.09139382929999999
45,21,711.0,0.8410225524949523,0.09309889219999999
45,21,712.0,0.8269359176824767,0.09446634670000001
45,21,713.0,0.8265500777962544,0.0940894623
45,21,714.0,0.8391010534566882,0.091728096
45,21,715.0,0.7968133597227608,0.0888106232
45,21,716.0,0.8227619017084716,0.09138234710000001
45,21,717.0,0.7522020989637186,0.0796219635
45,21,718.0,0.6542756240064208,0.06813441469999999
45,21,719.0,0.6044499301545254,0.0605723763
45,21,720.0,0.6609825650599938,0.0684623795
45,21,721.0,0.7712423703317967,0.0813754196
45,21,722.0,0.7823364868198839,0.0832058334
45,21,723.0,0.7700874528260845,0.081170517
45,21,724.0,0.6677164362753284,0.0677006302
45,21,725.0,0.6773364811978017,0.0717406921
45,21,726.0,0.7342556440043904,0.07734170530000001
45,21,727.0,0.7194381224096769,0.07331001279999999
45,21,728.0,0.6568180405803126,0.064377182
45,21,729.0,0.6527723750936945,0.0670852661
45,21,730.0,0.7367662478441965,0.07664438629999999
45,21,731.0,0.695201241989379,0.0695762634
45,21,732.0,0.7193730403015365,0.0715292282
45,21,733.0,0.7558117800867264,0.07896163939999999
45,21,734.0,0.8026064168804453,0.08452623749999999
45,21,735.0,0.7753599379714595,0.079514534
45,21,736.0,0.7771400439377576,0.0837779465
45,21,737.0,0.7864704522658027,0.0792866669
45,21,738.0,0.7911294020703455,0.08179965970000001
45,21,739.0,0.7657065303368364,0.08025318149999999
45,21,740.0,0.782530269433268,0.0828948593
45,21,741.0,0.7812475989453992,0.0802701492
45,21,742.0,0.7699695427703218,0.08044600680000001
45,21,743.0,0.7922205314733266,0.0822326508
45,21,744.0,0.8010501314235963,0.08252910610000001
45,21,745.0,0.7819303671111772,0.0818314209
45,21,746.0,0.7937786341946033,0.0859307709
45,21,747.0,0.8060482167114639,0.082586647
45,21,748.0,0.7914261606442737,0.08232798
45,21,749.0,0.791732924779156,0.0808828659
45,21,750.0,0.7805635367742114,0.0748068085
45,21,751.0,0.778572557423628,0.0782501068
45,21,752.0,0.7913331053918697,0.0831157074
45,21,753.0,0.7839975655017049,0.0791311264
45,21,754.0,0.7963790971641628,0.0781974869
45,21,755.0,0.7919429354931683,0.0783139954
45,21,756.0,0.7765105350547387,0.0778695068
45,21,757.0,0.7827483058092468,0.0809505768
45,21,758.0,0.7829676361906354,0.0785187302
45,21,759.0,0.7562041748528103,0.0740899429
45,21,760.0,0.19220907240054294,0.0158519754
45,21,761.0,0.1236064860717854,0.009494569780000002
45,21,762.0,0.4470860001788007,0.0416251564
45,21,763.0,0.37252628599881316,0.0315586567
45,21,764.0,0.4182398505692994,0.0353154945
45,21,765.0,0.5408228356377632,0.0475486298
45,21,766.0,0.6120742453830591,0.061371383700000004
45,21,767.0,0.6576725338705425,0.0600335503
45,21,768.0,0.7417229885985684,0.0708545151
45,21,769.0,0.7525790505177014,0.07251901250000001
45,21,770.0,0.7467368706519277,0.0726522827
45,21,771.0,0.7549007932073206,0.07355998990000001
45,21,772.0,0.75510234692423,0.0734256668
45,21,773.0,0.7520201462467837,0.07511175540000001
45,21,774.0,0.7597754459354644,0.0711475906
45,21,775.0,0.7312544070533898,0.0740649872
45,21,776.0,0.761526815082175,0.0752937088
45,21,777.0,0.7566145301311363,0.0691562042
45,21,778.0,0.7528267783074224,0.0675998001
45,21,779.0,0.7555449745560494,0.0725020142
45,21,780.0,0.7464294135524001,0.07162175750000001
45,21,781.0,0.7454879503707249,0.0725524902
45,21,782.0,0.7546958807332005,0.071372139
45,21,783.0,0.7374412449064495,0.0661783905
45,21,784.0,0.7410437630377639,0.0698601227
45,21,785.0,0.7431069945592492,0.0716782379
45,21,786.0,0.7284315024326048,0.0664596634
45,21,787.0,0.7383162400506931,0.06857328800000001
45,21,788.0,0.7219157538602764,0.0675758286
45,21,789.0,0.7297389428710188,0.0704666367
45,21,790.0,0.7102089152041553,0.0614630699
45,21,791.0,0.7092943079380296,0.0620233383
45,21,792.0,0.701588896754082,0.0613043442
45,21,793.0,0.7038901877942689,0.06502668760000001
45,21,794.0,0.7076390558160857,0.0663818741
45,21,795.0,0.6993163496045504,0.0641874237
45,21,796.0,0.6865771633321681,0.059209758800000005
45,21,797.0,0.7100718071992832,0.06580770870000001
45,21,798.0,0.7116968022220602,0.062669075
45,21,799.0,0.7154487744426464,0.0608383026
45,21,800.0,0.6872653231871528,0.062138252299999995
45,21,801.0,0.694342260692409,0.0602878685
45,21,802.0,0.7001109813560054,0.062485038799999996
45,21,803.0,0.6889006808598082,0.0637432175
45,21,804.0,0.6943035480103525,0.0633190422
45,21,805.0,0.6778612435248965,0.0587653885
45,21,806.0,0.7064273823845817,0.0630867119
45,21,807.0,0.6966719498480352,0.0623314819
45,21,808.0,0.6989693560435661,0.06283310319999999
45,21,809.0,0.6785937707948666,0.058664985700000005
45,21,810.0,0.6706219012696714,0.0578313141
45,21,811.0,0.6807006760595851,0.0584700165
45,21,812.0,0.6681168163982922,0.0549593048
45,21,813.0,0.6425372370741502,0.0541041718
45,21,814.0,0.6095430930201915,0.0528701706
45,21,815.0,0.5725018586594507,0.045047420500000004
45,21,816.0,0.5957433759765706,0.052036582899999996
45,21,817.0,0.49279831317028433,0.042335331
45,21,818.0,0.5719271611585752,0.046287014
45,21,819.0,0.5731432349155784,0.045837825799999996
45,21,820.0,0.5383250021464252,0.0449155579
45,21,821.0,0.6544031139448551,0.0552271881
45,21,822.0,0.6176131478574884,0.0523688774
45,21,823.0,0.45307940402211916,0.0336950912
45,21,824.0,0.6115348516024479,0.0476950722
45,21,825.0,0.6403796209395123,0.0530350952
45,21,826.0,0.6145088090809369,0.048739673600000005
45,21,827.0,0.642210269484316,0.050443008399999996
45,21,828.0,0.5673377432851469,0.044425460800000004
45,21,829.0,0.6226429539555604,0.0500211296
45,21,830.0,0.6027802622466334,0.0491388321
45,42,360.0,0.307903269057409,0.307802246
45,42,361.0,0.24642982097781507,0.241049316
45,42,362.0,0.2740095960823266,0.260224091
45,42,363.0,0.29509364787855286,0.280285065
45,42,364.0,0.2983367408045631,0.28044751
45,42,365.0,0.28261291549865547,0.26339605699999996
45,42,366.0,0.39248349454986087,0.359348206
45,42,367.0,0.3552238999582354,0.31765954599999996
45,42,368.0,0.33868174916684857,0.303452698
45,42,369.0,0.3288288002412153,0.285977875
45,42,370.0,0.3822850843636382,0.332587646
45,42,371.0,0.3086922255698382,0.26269140599999996
45,42,372.0,0.32813278513699845,0.279895721
45,42,373.0,0.3305439358222444,0.27817807
45,42,374.0,0.25863848270994255,0.214904022
45,42,375.0,0.238919616520309,0.192404251
45,42,376.0,0.34487191112888643,0.2815513
45,42,377.0,0.3562635208748477,0.28035144
45,42,378.0,0.46433428760087025,0.368775208
45,42,379.0,0.3603237096276446,0.274662964
45,42,380.0,0.33992499067349186,0.26103421
45,42,381.0,0.38405548458225774,0.294137207
45,42,382.0,0.28940215953891796,0.216592361
45,42,383.0,0.20343676560223703,0.150686325
45,42,384.0,0.22512486265918513,0.164337479
45,42,385.0,0.34113683451773,0.246644592
45,42,386.0,0.26613073301916756,0.188650482
45,42,387.0,0.3073157757522212,0.21762385599999998
45,42,388.0,0.3056499057148509,0.21645425399999998
45,42,389.0,0.3496198503218417,0.23867984
45,42,390.0,0.42608867502928693,0.293940918
45,42,391.0,0.4784051687813678,0.323909851
45,42,392.0,0.4263667879045022,0.287991333
45,42,393.0,0.22986509792375934,0.15357995600000002
45,42,394.0,0.2551972711917658,0.168627228
45,42,395.0,0.42970655505542277,0.275909943
45,42,396.0,0.4443149307277172,0.287685974
45,42,397.0,0.18147953380487442,0.112624084
45,42,398.0,0.5088444236049213,0.32463916
45,42,399.0,0.6120447250891581,0.384549042
45,42,400.0,0.6032336838634677,0.36487735
45,42,401.0,0.6013811107658064,0.366037201
45,42,402.0,0.6388884989080834,0.389459778
45,42,403.0,0.5999841605083892,0.3550448
45,42,404.0,0.6454375663519414,0.377380859
45,42,405.0,0.5933569768570932,0.346112396
45,42,406.0,0.5899089247879153,0.34454501299999996
45,42,407.0,0.5764746299222098,0.32847891199999996
45,42,408.0,0.6248111872985177,0.355231079
45,42,409.0,0.692854418929338,0.392433716
45,42,410.0,0.580292894110639,0.32383093300000004
45,42,411.0,0.6831773621084181,0.37597347999999997
45,42,412.0,0.7095937818019977,0.38626709
45,42,413.0,0.6705634214175469,0.360790314
45,42,414.0,0.6600581127461536,0.350924774
45,42,415.0,0.7049931428510586,0.376188416
45,42,416.0,0.7024806354797973,0.37287271099999997
45,42,417.0,0.6814138250682168,0.36120459
45,42,418.0,0.6673529996532546,0.346561066
45,42,419.0,0.6855373918018114,0.346416473
45,42,420.0,0.5808489466199082,0.296176605
45,42,421.0,0.7288414263757942,0.36950708
45,42,422.0,0.698885068208142,0.34662832600000004
45,42,423.0,0.5913724682406643,0.29533248900000003
45,42,424.0,0.6512085313724613,0.317304779
45,42,425.0,0.6762224337569355,0.322917786
45,42,426.0,0.6507665033671924,0.31321756
45,42,427.0,0.626864533467202,0.304496796
45,42,428.0,0.635445237487348,0.297614594
45,42,429.0,0.5792643436577928,0.269690887
45,42,430.0,0.46296733210600416,0.21380601500000002
45,42,431.0,0.4160309182813373,0.189459808
45,42,432.0,0.7510023862434184,0.34429251099999997
45,42,433.0,0.6695592124085363,0.305346893
45,42,434.0,0.6366031771674429,0.280117188
45,42,435.0,0.693135854499318,0.305557861
45,42,436.0,0.769920858468437,0.340413605
45,42,437.0,0.7797918711439026,0.340583801
45,42,438.0,0.6989255507784716,0.30634726
45,42,439.0,0.6760098788727243,0.289638062
45,42,440.0,0.7590381315525854,0.32775824
45,42,441.0,0.7574184822570742,0.32160229500000004
45,42,442.0,0.7993813664910636,0.33083837899999996
45,42,443.0,0.8049339507746023,0.33580557299999997
45,42,444.0,0.8009932446830497,0.33261615
45,42,445.0,0.8418038064932142,0.341587952
45,42,446.0,0.7507352342304183,0.30335562099999996
45,42,447.0,0.8582312617362653,0.343522644
45,42,448.0,0.871686054213344,0.345269318
45,42,449.0,0.8798107959819911,0.354920685
45,42,450.0,0.9009015143809505,0.356464844
45,42,451.0,0.9742522746621145,0.38436508199999997
45,42,452.0,0.905875169129528,0.35085037199999997
45,42,453.0,0.8420216660924976,0.32555825800000004
45,42,454.0,0.8999600582703428,0.34222347999999997
45,42,455.0,0.9062093902207237,0.340776611
45,42,456.0,0.9291216510433584,0.345542572
45,42,457.0,0.9355090031663592,0.345048492
45,42,458.0,0.9199572289611294,0.339898407
45,42,459.0,0.9206138412470715,0.333726562
45,42,460.0,0.9129669551700823,0.33687313799999996
45,42,461.0,0.9471839513066487,0.348164368
45,42,462.0,0.9337139631048423,0.333733978
45,42,463.0,0.9332607147291697,0.329689087
45,42,464.0,0.937667524397677,0.33192160000000004
45,42,465.0,0.9243398767909236,0.33180502300000003
45,42,466.0,0.956025027599977,0.33766445900000003
45,42,467.0,0.9222162229949862,0.325246613
45,42,468.0,0.9772774188933867,0.33546283
45,42,469.0,0.9691288617683491,0.334426361
45,42,470.0,0.956809131238567,0.319733704
45,42,471.0,0.9567632046531289,0.319243622
45,42,472.0,0.9685999953934963,0.322997253
45,42,473.0,0.9579667216079117,0.32083065800000005
45,42,474.0,0.9640666418954279,0.322190765
45,42,475.0,1.0026579066464314,0.324218231
45,42,476.0,0.9729913618499024,0.31624987800000004
45,42,477.0,0.9651208249690919,0.30882498199999997
45,42,478.0,1.012271525382477,0.32191107199999996
45,42,479.0,0.9661710411737138,0.304822113
45,42,480.0,0.9859023609279775,0.310734528
45,42,481.0,0.9824732536636811,0.310097443
45,42,482.0,1.0047965793904012,0.31330188
45,42,483.0,1.0075001031733188,0.311427704
45,42,484.0,0.9689944619824491,0.303888245
45,42,485.0,0.9759546978774314,0.303496155
45,42,486.0,0.7909855977642555,0.242110535
45,42,487.0,0.8902373400290278,0.27057428
45,42,488.0,0.9666896332870358,0.290278503
45,42,489.0,0.8984679003274795,0.27429443400000003
45,42,490.0,1.0242390813798894,0.311590546
45,42,491.0,0.9588640683975087,0.27894140599999995
45,42,492.0,0.9221437162656432,0.267450104
45,42,493.0,0.9939087542346573,0.295564178
45,42,494.0,0.9605068542269004,0.27140451000000004
45,42,495.0,1.0270667306871764,0.292334595
45,42,496.0,1.0009036949304604,0.28575253300000003
45,42,497.0,0.9720472258045945,0.278270081
45,42,498.0,0.9497022413971665,0.272682007
45,42,499.0,0.9485153838781483,0.26039291400000003
45,42,500.0,0.9450479514263117,0.26565670799999996
45,42,501.0,0.9235658706371691,0.25673898300000003
45,42,502.0,0.9158277536432713,0.25315971400000004
45,42,503.0,0.9686296868072383,0.265283569
45,42,504.0,0.8962155530973662,0.242350433
45,42,505.0,0.9739878874366288,0.261036896
45,42,506.0,1.042047777796107,0.28300930799999996
45,42,507.0,0.9682163192540245,0.257947266
45,42,508.0,0.9326990456707376,0.24651199299999998
45,42,509.0,1.006804394953445,0.270213562
45,42,510.0,0.9775203171437921,0.259862427
45,42,511.0,0.9783923707238261,0.261270508
45,42,512.0,1.0271590010510534,0.273114532
45,42,513.0,0.9420040830074736,0.24117610199999998
45,42,514.0,0.9222636981442749,0.237078323
45,42,515.0,0.9425940575503565,0.23890023800000001
45,42,516.0,0.9903206540106112,0.257361237
45,42,517.0,0.73039054884095,0.185087662
45,42,518.0,0.9041638575819716,0.227109299
45,42,519.0,0.8573052559088269,0.21859429900000002
45,42,520.0,0.9438994261659016,0.232218979
45,42,521.0,0.9453671535694749,0.23787265
45,42,522.0,0.9829232210638891,0.241471573
45,42,523.0,0.9160519135639752,0.22664292900000002
45,42,524.0,0.9940593821211856,0.241884247
45,42,525.0,0.9854844113228215,0.239215149
45,42,526.0,0.9396879406035614,0.219654404
45,42,527.0,0.8208230502697971,0.193807068
45,42,528.0,0.986008101676036,0.236914886
45,42,529.0,1.013884952138314,0.24662657200000002
45,42,530.0,0.9582030579073877,0.223862579
45,42,531.0,1.0438536083071046,0.244980209
45,42,532.0,0.9963333951030748,0.22994482400000002
45,42,533.0,0.8754313442748479,0.202691498
45,42,534.0,0.9525077936175412,0.220095642
45,42,535.0,0.9716683862755059,0.223065323
45,42,536.0,1.031585496572349,0.23704594399999998
45,42,537.0,0.9578044476726972,0.219293915
45,42,538.0,1.002772366021102,0.225784576
45,42,539.0,0.9992617788424096,0.22405360400000002
45,42,540.0,0.9783391114410671,0.216726242
45,42,541.0,0.8939970338556646,0.191083923
45,42,542.0,0.9988793047844657,0.224088943
45,42,543.0,0.957621717138303,0.215612839
45,42,544.0,1.0106117407060657,0.218934082
45,42,545.0,0.9944063735608496,0.219704498
45,42,546.0,0.9708911910701681,0.208221039
45,42,547.0,1.0147058253295254,0.21553547699999998
45,42,548.0,0.9441957463336255,0.199896713
45,42,549.0,0.9939371516429899,0.211860367
45,42,550.0,0.9732347762882583,0.205062469
45,42,551.0,0.9688208814098033,0.20231327799999999
45,42,552.0,1.0114282934748444,0.217181137
45,42,553.0,0.9731259313414301,0.204872437
45,42,554.0,1.006037205309061,0.20821906999999998
45,42,555.0,1.0099083391644126,0.206777817
45,42,556.0,0.9824460654079443,0.20029657
45,42,557.0,0.9535117438254698,0.19426091
45,42,558.0,0.9900720635506174,0.203182205
45,42,559.0,0.9362001434764265,0.19009501599999998
45,42,560.0,0.9406224104991706,0.184762024
45,42,561.0,1.034249493086198,0.20963827499999999
45,42,562.0,0.9501685217508165,0.185949982
45,42,563.0,0.9944244118548378,0.195681351
45,42,564.0,0.9808533498097286,0.19169306900000002
45,42,565.0,0.9930822736866709,0.193947739
45,42,566.0,0.9162175533274682,0.178456863
45,42,567.0,0.9832149733218066,0.18695625300000002
45,42,568.0,0.983185713243201,0.189906906
45,42,569.0,0.9624096149354632,0.179791
45,42,570.0,0.966722174341106,0.18538888499999998
45,42,571.0,0.9300314287701688,0.179842331
45,42,572.0,0.9828047099673622,0.18754653899999998
45,42,573.0,0.9943686494140733,0.182551025
45,42,574.0,0.9862436601580528,0.183534805
45,42,575.0,0.9646515252694862,0.183628113
45,42,576.0,0.9465422731159254,0.173945572
45,42,577.0,0.9844923758641558,0.178993408
45,42,578.0,0.9581753534637009,0.17409729
45,42,579.0,0.9518285680567369,0.16944989000000002
45,42,580.0,0.9856354705444863,0.182648163
45,42,581.0,0.9693601846807465,0.174313812
45,42,582.0,0.985723512409812,0.18369928
45,42,583.0,0.9949438666384329,0.18462918099999998
45,42,584.0,0.9954135128203614,0.178753067
45,42,585.0,0.9895602030938521,0.174721069
45,42,586.0,0.9485916029180923,0.1691194
45,42,587.0,0.9874613263195272,0.178766479
45,42,588.0,0.9834493226512276,0.172029846
45,42,589.0,0.8621342436810416,0.14876689099999998
45,42,590.0,0.8998297172773668,0.15512411499999998
45,42,591.0,0.957606606266389,0.159499649
45,42,592.0,0.9265098814363681,0.160885208
45,42,593.0,0.9587011934215303,0.161470886
45,42,594.0,0.9526616105556528,0.162406555
45,42,595.0,0.9509607359041866,0.163848267
45,42,596.0,0.9701993577954552,0.16171911600000002
45,42,597.0,0.9761641924034935,0.16300747699999998
45,42,598.0,0.9535499841601965,0.163884018
45,42,599.0,0.9590850392666295,0.16104786699999998
45,42,600.0,0.9602424670014147,0.165130737
45,42,601.0,0.9564471137798028,0.16231753499999999
45,42,602.0,0.9475033231554395,0.15806636000000002
45,42,603.0,0.9530202551150705,0.160050552
45,42,604.0,0.9836876459207587,0.165797897
45,42,605.0,0.9813950713858635,0.163003479
45,42,606.0,0.9712128044474553,0.16395684800000002
45,42,607.0,0.9668244573370047,0.159686768
45,42,608.0,0.9646029258204153,0.151804123
45,42,609.0,0.9549795560818569,0.15688609299999998
45,42,610.0,0.9406346646596885,0.154409546
45,42,611.0,0.956492432253409,0.154299438
45,42,612.0,0.9452143760783316,0.146228851
45,42,613.0,0.9322425163196002,0.147774734
45,42,614.0,0.8990512280666196,0.147544296
45,42,615.0,0.9427420055021842,0.147471405
45,42,616.0,0.8973971426708645,0.143530792
45,42,617.0,0.9030790285004109,0.138153854
45,42,618.0,0.9460367129805805,0.149274277
45,42,619.0,0.9380673437849633,0.14577215599999999
45,42,620.0,0.9524540181468321,0.14775022899999998
45,42,621.0,0.9691162540544406,0.148073486
45,42,622.0,0.9180286517839856,0.14120268200000002
45,42,623.0,0.925360224805108,0.147471298
45,42,624.0,0.9262766493356613,0.143082932
45,42,625.0,0.9010161434612486,0.139895477
45,42,626.0,0.9058275242746117,0.13657843
45,42,627.0,0.9237583592451436,0.136554962
45,42,628.0,0.9058503143261695,0.133213699
45,42,629.0,0.9295139609566286,0.136897797
45,42,630.0,0.9016175094943764,0.13612330600000003
45,42,631.0,0.9397628656380959,0.136038666
45,42,632.0,0.8779002570988352,0.128212479
45,42,633.0,0.9400282923105499,0.13890945400000002
45,42,634.0,0.9119670637550777,0.13155012500000002
45,42,635.0,0.9294157296825862,0.13597421299999998
45,42,636.0,0.8969251630365581,0.130758667
45,42,637.0,0.928461411299629,0.134199646
45,42,638.0,0.9441566503996938,0.136403641
45,42,639.0,0.9374595925776014,0.134397751
45,42,640.0,0.9090857238298954,0.126889603
45,42,641.0,0.9216858080562824,0.132436371
45,42,642.0,0.9123200090338393,0.12979480000000002
45,42,643.0,0.9290963578337956,0.13210734600000001
45,42,644.0,0.9198924933353118,0.133158325
45,42,645.0,0.9289388356561508,0.13281723
45,42,646.0,0.893928762695941,0.12446159400000001
45,42,647.0,0.9003729096356066,0.13103694200000002
45,42,648.0,0.8918632896459594,0.120106506
45,42,649.0,0.9173414854140285,0.125324867
45,42,650.0,0.8577528050038432,0.119148033
45,42,651.0,0.9260240920066249,0.13147027600000002
45,42,652.0,0.9092956426200262,0.12333582300000001
45,42,653.0,0.9257510710073411,0.128425873
45,42,654.0,0.9143891943944219,0.12503286
45,42,655.0,0.876343193824527,0.118864357
45,42,656.0,0.7536286586104912,0.10560672
45,42,657.0,0.8061303895905056,0.110681946
45,42,658.0,0.9012091482571732,0.122297516
45,42,659.0,0.9053722040760701,0.124292389
45,42,660.0,0.9106311339844497,0.12040255000000001
45,42,661.0,0.9149620781664036,0.125970047
45,42,662.0,0.9267660662231919,0.13072863799999998
45,42,663.0,0.9167932018869642,0.121095406
45,42,664.0,0.9030655581162291,0.121368141
45,42,665.0,0.9070123948235748,0.119139473
45,42,666.0,0.9183629577279949,0.124312447
45,42,667.0,0.9009340554350207,0.119435509
45,42,668.0,0.9059241150609219,0.116618111
45,42,669.0,0.9194766155530246,0.121253204
45,42,670.0,0.9087067923769252,0.118625603
45,42,671.0,0.8998842705655353,0.119391182
45,42,672.0,0.8968372908768599,0.111412971
45,42,673.0,0.9039460757644341,0.116469116
45,42,674.0,0.9057228229735216,0.11570446
45,42,675.0,0.8925871407157245,0.10986721799999999
45,42,676.0,0.9093924950358453,0.117056412
45,42,677.0,0.891568341265391,0.119163673
45,42,678.0,0.9069587042056791,0.11866346
45,42,679.0,0.894358096720274,0.11318656199999999
45,42,680.0,0.8884485932178637,0.115969421
45,42,681.0,0.8897093363244482,0.11355738100000001
45,42,682.0,0.889057991984026,0.112328453
45,42,683.0,0.8945750158675386,0.117754677
45,42,684.0,0.8796358294800543,0.109091309
45,42,685.0,0.8902032433400391,0.111121635
45,42,686.0,0.854401903749546,0.104693718
45,42,687.0,0.5591266036744403,0.060148716
45,42,688.0,0.732590853011968,0.0846919556
45,42,689.0,0.7779050698353912,0.0954386063
45,42,690.0,0.8046018015062757,0.0927713394
45,42,691.0,0.8211988775239979,0.100235962
45,42,692.0,0.8401035399535798,0.097321106
45,42,693.0,0.8204850320151865,0.105260536
45,42,694.0,0.8006599781860088,0.0910391846
45,42,695.0,0.81997059061867,0.0976859131
45,42,696.0,0.8234995625736732,0.0947291183
45,42,697.0,0.8658556193912059,0.10332330299999999
45,42,698.0,0.8496638923357986,0.0990854263
45,42,699.0,0.8467856636804536,0.09866567229999999
45,42,700.0,0.838051268587203,0.100285965
45,42,701.0,0.8056239667848876,0.093581398
45,42,702.0,0.8057663922327541,0.0926498642
45,42,703.0,0.8218780182319885,0.09112436680000001
45,42,704.0,0.8290520620043982,0.0975806351
45,42,705.0,0.8373975907944029,0.0982462311
45,42,706.0,0.8373054052833397,0.0919321976
45,42,707.0,0.8294862326391146,0.0975887146
45,42,708.0,0.8565828685500989,0.0955265884
45,42,709.0,0.8268377783323159,0.09599323269999999
45,42,710.0,0.8450137530817494,0.104031403
45,42,711.0,0.8410225524949523,0.0999403839
45,42,712.0,0.8269359176824767,0.0988517761
45,42,713.0,0.8265500777962544,0.0904379501
45,42,714.0,0.8391010534566882,0.0934426575
45,42,715.0,0.7968133597227608,0.08829234309999999
45,42,716.0,0.8227619017084716,0.0879140701
45,42,717.0,0.7522020989637186,0.07990988160000001
45,42,718.0,0.6542756240064208,0.06906382750000001
45,42,719.0,0.6044499301545254,0.0607825127
45,42,720.0,0.6609825650599938,0.0697313614
45,42,721.0,0.7712423703317967,0.0858778687
45,42,722.0,0.7823364868198839,0.08787191009999999
45,42,723.0,0.7700874528260845,0.0803453293
45,42,724.0,0.6677164362753284,0.0717524948
45,42,725.0,0.6773364811978017,0.0710933685
45,42,726.0,0.7342556440043904,0.0744799271
45,42,727.0,0.7194381224096769,0.0737890778
45,42,728.0,0.6568180405803126,0.0696122589
45,42,729.0,0.6527723750936945,0.0655316467
45,42,730.0,0.7367662478441965,0.07285201259999999
45,42,731.0,0.695201241989379,0.0688826141
45,42,732.0,0.7193730403015365,0.0719825134
45,42,733.0,0.7558117800867264,0.07622904970000001
45,42,734.0,0.8026064168804453,0.0817294998
45,42,735.0,0.7753599379714595,0.0819449081
45,42,736.0,0.7771400439377576,0.0797727966
45,42,737.0,0.7864704522658027,0.08328174590000001
45,42,738.0,0.7911294020703455,0.0838583908
45,42,739.0,0.7657065303368364,0.0834717789
45,42,740.0,0.782530269433268,0.0845942307
45,42,741.0,0.7812475989453992,0.0810700607
45,42,742.0,0.7699695427703218,0.07925515749999999
45,42,743.0,0.7922205314733266,0.0851304398
45,42,744.0,0.8010501314235963,0.0887233887
45,42,745.0,0.7819303671111772,0.07864169309999999
45,42,746.0,0.7937786341946033,0.08208273320000001
45,42,747.0,0.8060482167114639,0.088525795
45,42,748.0,0.7914261606442737,0.0824406815
45,42,749.0,0.791732924779156,0.08043081669999999
45,42,750.0,0.7805635367742114,0.08606474300000001
45,42,751.0,0.778572557423628,0.07769418330000001
45,42,752.0,0.7913331053918697,0.07952845759999999
45,42,753.0,0.7839975655017049,0.0830845947
45,42,754.0,0.7963790971641628,0.0801279831
45,42,755.0,0.7919429354931683,0.0832552948
45,42,756.0,0.7765105350547387,0.0798642654
45,42,757.0,0.7827483058092468,0.0782243347
45,42,758.0,0.7829676361906354,0.0773597412
45,42,759.0,0.7562041748528103,0.07550148009999999
45,42,760.0,0.19220907240054294,0.015822524100000002
45,42,761.0,0.1236064860717854,0.0092677784
45,42,762.0,0.4470860001788007,0.0396633759
45,42,763.0,0.37252628599881316,0.0325787506
45,42,764.0,0.4182398505692994,0.03679419330000001
45,42,765.0,0.5408228356377632,0.0484356575
45,42,766.0,0.6120742453830591,0.0559999084
45,42,767.0,0.6576725338705425,0.06582012179999999
45,42,768.0,0.7417229885985684,0.0711275711
45,42,769.0,0.7525790505177014,0.0713495712
45,42,770.0,0.7467368706519277,0.0725215836
45,42,771.0,0.7549007932073206,0.07276841740000001
45,42,772.0,0.75510234692423,0.0728196945
45,42,773.0,0.7520201462467837,0.0723484879
45,42,774.0,0.7597754459354644,0.0751265717
45,42,775.0,0.7312544070533898,0.06723028560000001
45,42,776.0,0.761526815082175,0.0714355698
45,42,777.0,0.7566145301311363,0.0729308929
45,42,778.0,0.7528267783074224,0.07155928040000001
45,42,779.0,0.7555449745560494,0.0729090195
45,42,780.0,0.7464294135524001,0.0720882568
45,42,781.0,0.7454879503707249,0.0692727127
45,42,782.0,0.7546958807332005,0.0688003006
45,42,783.0,0.7374412449064495,0.0721581573
45,42,784.0,0.7410437630377639,0.0705579071
45,42,785.0,0.7431069945592492,0.0742281036
45,42,786.0,0.7284315024326048,0.07152718350000001
45,42,787.0,0.7383162400506931,0.07028441619999999
45,42,788.0,0.7219157538602764,0.064338707
45,42,789.0,0.7297389428710188,0.06871385960000001
45,42,790.0,0.7102089152041553,0.0649256973
45,42,791.0,0.7092943079380296,0.0637659912
45,42,792.0,0.701588896754082,0.0623916779
45,42,793.0,0.7038901877942689,0.06632714079999999
45,42,794.0,0.7076390558160857,0.06446138
45,42,795.0,0.6993163496045504,0.0642613373
45,42,796.0,0.6865771633321681,0.0618507614
45,42,797.0,0.7100718071992832,0.0627495155
45,42,798.0,0.7116968022220602,0.061539688099999997
45,42,799.0,0.7154487744426464,0.062429046599999996
45,42,800.0,0.6872653231871528,0.064492569
45,42,801.0,0.694342260692409,0.0622504654
45,42,802.0,0.7001109813560054,0.061414115899999996
45,42,803.0,0.6889006808598082,0.0609681168
45,42,804.0,0.6943035480103525,0.061750827800000005
45,42,805.0,0.6778612435248965,0.058205181099999996
45,42,806.0,0.7064273823845817,0.0632273521
45,42,807.0,0.6966719498480352,0.0605048561
45,42,808.0,0.6989693560435661,0.0614734039
45,42,809.0,0.6785937707948666,0.0581345787
45,42,810.0,0.6706219012696714,0.056652977
45,42,811.0,0.6807006760595851,0.0555024223
45,42,812.0,0.6681168163982922,0.0532652512
45,42,813.0,0.6425372370741502,0.0530113907
45,42,814.0,0.6095430930201915,0.0480473175
45,42,815.0,0.5725018586594507,0.0480712814
45,42,816.0,0.5957433759765706,0.0459197006
45,42,817.0,0.49279831317028433,0.0401142502
45,42,818.0,0.5719271611585752,0.044282455400000004
45,42,819.0,0.5731432349155784,0.046679386100000005
45,42,820.0,0.5383250021464252,0.0433566971
45,42,821.0,0.6544031139448551,0.0565724945
45,42,822.0,0.6176131478574884,0.0523807373
45,42,823.0,0.45307940402211916,0.0357876129
45,42,824.0,0.6115348516024479,0.0480059319
45,42,825.0,0.6403796209395123,0.0568021851
45,42,826.0,0.6145088090809369,0.0468836632
45,42,827.0,0.642210269484316,0.052539772
45,42,828.0,0.5673377432851469,0.0467606201
45,42,829.0,0.6226429539555604,0.0475394058
45,42,830.0,0.6027802622466334,0.049011055
60,21,360.0,0.45344400872534335,0.345917664
60,21,361.0,0.36232279720526855,0.271096405
60,21,362.0,0.4018840734683929,0.29351315299999997
60,21,363.0,0.43189605046863044,0.320786011
60,21,364.0,0.43574749493599185,0.31400466899999996
60,21,365.0,0.41205796843902254,0.298730621
60,21,366.0,0.5712119931335539,0.410756134
60,21,367.0,0.516103092700098,0.363531036
60,21,368.0,0.49126654759875615,0.341559113
60,21,369.0,0.47633548501849665,0.32874469
60,21,370.0,0.5528814223089231,0.375519653
60,21,371.0,0.4457080298259673,0.304901123
60,21,372.0,0.47309248834919915,0.312525818
60,21,373.0,0.4757830136384318,0.309698395
60,21,374.0,0.371694017396426,0.23910536200000002
60,21,375.0,0.3429215868867521,0.22221475200000002
60,21,376.0,0.4943164543780006,0.32034643599999996
60,21,377.0,0.5099024798467866,0.320024139
60,21,378.0,0.6638510224269363,0.406299927
60,21,379.0,0.514525229055419,0.316210938
60,21,380.0,0.4848051337931713,0.296107056
60,21,381.0,0.5470413531517153,0.323614777
60,21,382.0,0.4114997094111842,0.241874329
60,21,383.0,0.2887557517449506,0.169614365
60,21,384.0,0.3191463507215957,0.18498320000000001
60,21,385.0,0.48287766695131473,0.275472473
60,21,386.0,0.37626063083838496,0.21064819299999998
60,21,387.0,0.43387843631146805,0.24476409899999998
60,21,388.0,0.4310506399335577,0.24413674900000001
60,21,389.0,0.49251330894695877,0.273662872
60,21,390.0,0.5994079815460115,0.32566195699999995
60,21,391.0,0.6722538053801849,0.363459229
60,21,392.0,0.5985382556156768,0.313295441
60,21,393.0,0.3222038161705643,0.16893580600000002
60,21,394.0,0.35732832391256986,0.183750946
60,21,395.0,0.6010483765549709,0.31093631
60,21,396.0,0.6206595382781521,0.314209229
60,21,397.0,0.2532187396486399,0.125063293
60,21,398.0,0.7093651927708482,0.361297028
60,21,399.0,0.8523268841473024,0.41821383700000003
60,21,400.0,0.8391557289477498,0.413482574
60,21,401.0,0.8355975925622183,0.40891622899999996
60,21,402.0,0.8867662445513579,0.424892578
60,21,403.0,0.8318421903121366,0.394828186
60,21,404.0,0.8941312709953024,0.418204742
60,21,405.0,0.8211095859804587,0.385892609
60,21,406.0,0.8155771506973102,0.377758575
60,21,407.0,0.7960269874734444,0.375997498
60,21,408.0,0.8621748573854209,0.394987335
60,21,409.0,0.9551712615879546,0.431240906
60,21,410.0,0.7992534924209777,0.361433472
60,21,411.0,0.9399588325501579,0.419845367
60,21,412.0,0.9752971550361546,0.426286804
60,21,413.0,0.9210445519431224,0.401918976
60,21,414.0,0.9056353879143481,0.384927795
60,21,415.0,0.9664539011702366,0.41657727099999997
60,21,416.0,0.9619942773726863,0.40171173099999996
60,21,417.0,0.9325254160800767,0.393901184
60,21,418.0,0.9125710995848744,0.38302474999999997
60,21,419.0,0.9364557251508335,0.385476746
60,21,420.0,0.7928589427047681,0.320362183
60,21,421.0,0.9940429244201213,0.403778259
60,21,422.0,0.9525344913615601,0.38559988399999995
60,21,423.0,0.8052811011114259,0.320782806
60,21,424.0,0.886098755471391,0.347574249
60,21,425.0,0.9192104833429877,0.358631958
60,21,426.0,0.883966886715657,0.34111261000000004
60,21,427.0,0.8508368172920335,0.326828033
60,21,428.0,0.8618747293535362,0.32740261800000003
60,21,429.0,0.7849973208398111,0.301461121
60,21,430.0,0.6269074066736464,0.237829926
60,21,431.0,0.5631282617332882,0.21177179000000002
60,21,432.0,1.0155166998067717,0.37236688199999995
60,21,433.0,0.9046934553839218,0.33178619400000003
60,21,434.0,0.8597031645913689,0.314774567
60,21,435.0,0.935478484764695,0.338058411
60,21,436.0,1.0383021919110098,0.369059845
60,21,437.0,1.0505342724639686,0.378361053
60,21,438.0,0.9410713894056376,0.336019836
60,21,439.0,0.9098874947046434,0.313756775
60,21,440.0,1.0208603190352348,0.35641357399999996
60,21,441.0,1.0180393971669794,0.352018463
60,21,442.0,1.0735803602724596,0.371612762
60,21,443.0,1.080540805628518,0.369472107
60,21,444.0,1.0744996635590849,0.35774694799999995
60,21,445.0,1.128985686479199,0.36720608499999996
60,21,446.0,1.0061250959756853,0.33098822
60,21,447.0,1.14923632222656,0.371936493
60,21,448.0,1.1669383664541402,0.383333923
60,21,449.0,1.176751664035091,0.377090057
60,21,450.0,1.2039650747468469,0.386751892
60,21,451.0,1.3012895378996383,0.41662484699999996
60,21,452.0,1.2094257286483774,0.38698510700000005
60,21,453.0,1.1234586430702143,0.35682961999999996
60,21,454.0,1.1997541907657718,0.380990479
60,21,455.0,1.2076577291262975,0.37644863900000003
60,21,456.0,1.2375488211045222,0.384513397
60,21,457.0,1.245354680459755,0.381477081
60,21,458.0,1.224029653596459,0.373924103
60,21,459.0,1.2243260767716664,0.370246124
60,21,460.0,1.2136818537965461,0.366818359
60,21,461.0,1.2585037433512571,0.37984118699999997
60,21,462.0,1.2397517299241287,0.36471279900000003
60,21,463.0,1.2389371897305994,0.364685455
60,21,464.0,1.2439673683846706,0.366571472
60,21,465.0,1.2257157097948328,0.356822601
60,21,466.0,1.2666586715659933,0.365483734
60,21,467.0,1.2214174092094998,0.348018646
60,21,468.0,1.2936950060634371,0.36821414199999997
60,21,469.0,1.282452853168782,0.369732758
60,21,470.0,1.2655805825215842,0.356685364
60,21,471.0,1.2648261877923475,0.34933505200000003
60,21,472.0,1.280190318500125,0.35773526
60,21,473.0,1.2659805043927976,0.349163879
60,21,474.0,1.2742801627730143,0.345352081
60,21,475.0,1.3253477495975323,0.35239807100000003
60,21,476.0,1.285941904975803,0.342542206
60,21,477.0,1.2752809763706436,0.337631195
60,21,478.0,1.3371979822294544,0.34872738600000003
60,21,479.0,1.2755775034688996,0.33609536700000003
60,21,480.0,1.300620567916231,0.33596621699999996
60,21,481.0,1.2947312401000812,0.333554596
60,21,482.0,1.3230291830852505,0.343964752
60,21,483.0,1.325590054845257,0.346022308
60,21,484.0,1.2743759365224188,0.323684998
60,21,485.0,1.283132709091515,0.31864056399999996
60,21,486.0,1.0396569414309118,0.26015155
60,21,487.0,1.1694046076182754,0.287554108
60,21,488.0,1.2693763112445933,0.311329651
60,21,489.0,1.1794338832746762,0.290850677
60,21,490.0,1.3437624201491245,0.325350861
60,21,491.0,1.257557688539909,0.304448669
60,21,492.0,1.208934778846972,0.290960571
60,21,493.0,1.3025218747287155,0.315877838
60,21,494.0,1.2583711721824458,0.303717804
60,21,495.0,1.3451867288294583,0.332101227
60,21,496.0,1.310585991519611,0.311857208
60,21,497.0,1.272356971498576,0.30012914999999996
60,21,498.0,1.2427904312006737,0.28343539399999995
60,21,499.0,1.2408107923904166,0.298012848
60,21,500.0,1.2359459553064358,0.283227448
60,21,501.0,1.2077794143557832,0.276078888
60,21,502.0,1.1979213952229806,0.27283084100000005
60,21,503.0,1.2672674874248537,0.28182180799999995
60,21,504.0,1.1735912775290607,0.261514984
60,21,505.0,1.2735267206717218,0.284809387
60,21,506.0,1.3623405270149187,0.303423279
60,21,507.0,1.2658178042001886,0.276527527
60,21,508.0,1.218077097265579,0.26890289300000003
60,21,509.0,1.3142804472319012,0.28936706500000003
60,21,510.0,1.2752674403935824,0.27253378300000003
60,21,511.0,1.2759790188268563,0.275633667
60,21,512.0,1.3392171637596482,0.28991922
60,21,513.0,1.2274645701554892,0.266117889
60,21,514.0,1.201475563480112,0.253039886
60,21,515.0,1.2274450153018717,0.262183929
60,21,516.0,1.2893240719274888,0.274691711
60,21,517.0,0.950577897487298,0.194374146
60,21,518.0,1.1766105278750365,0.243863495
60,21,519.0,1.1153245341061853,0.23166209399999999
60,21,520.0,1.2278182982316648,0.251998474
60,21,521.0,1.2293573119767303,0.250671555
60,21,522.0,1.2780582418982942,0.26542904700000003
60,21,523.0,1.1909135869375895,0.23965425099999998
60,21,524.0,1.292174603204299,0.26035272200000004
60,21,525.0,1.2810793888399044,0.257784393
60,21,526.0,1.2213120052576052,0.247201706
60,21,527.0,1.0667736257653189,0.207693985
60,21,528.0,1.2813512948359305,0.24855484
60,21,529.0,1.317549823034998,0.260684906
60,21,530.0,1.2450938769094053,0.240603729
60,21,531.0,1.3561231574360695,0.271826782
60,21,532.0,1.2941857393584915,0.249482208
60,21,533.0,1.1368944036716393,0.21987484699999998
60,21,534.0,1.2366401959111257,0.238769012
60,21,535.0,1.2613017242065658,0.236307861
60,21,536.0,1.3386882647250489,0.250639297
60,21,537.0,1.242543163627385,0.226061584
60,21,538.0,1.300632622989852,0.244553772
60,21,539.0,1.2959313261431218,0.24164776599999999
60,21,540.0,1.268515681179074,0.23531364400000002
60,21,541.0,1.1597403703298237,0.216366425
60,21,542.0,1.2952426887227944,0.239600525
60,21,543.0,1.2410761425741363,0.225978836
60,21,544.0,1.3094852732314006,0.24013472
60,21,545.0,1.2886544697455364,0.226601913
60,21,546.0,1.25841514895245,0.221540543
60,21,547.0,1.3144900860013953,0.23801846299999999
60,21,548.0,1.222411770917871,0.219183594
60,21,549.0,1.2866567569851028,0.22829522700000002
60,21,550.0,1.2595538164738538,0.21764466899999999
60,21,551.0,1.253466792378528,0.218045654
60,21,552.0,1.308417334004724,0.22870048499999998
60,21,553.0,1.2585857732775034,0.221770721
60,21,554.0,1.300923763410096,0.225793732
60,21,555.0,1.3057236918900632,0.225326675
60,21,556.0,1.270178588518405,0.21876535000000003
60,21,557.0,1.2327835682817228,0.21059599299999998
60,21,558.0,1.2800432673865625,0.224580017
60,21,559.0,1.210378962810323,0.210508118
60,21,560.0,1.2161067682284126,0.204017426
60,21,561.0,1.33714797792264,0.219018326
60,21,562.0,1.2284004751491049,0.20156044
60,21,563.0,1.285649915850663,0.214282578
60,21,564.0,1.2681398607948478,0.209095016
60,21,565.0,1.2839982062198032,0.21371669
60,21,566.0,1.1846072072677392,0.194392654
60,21,567.0,1.2714660045631627,0.205716232
60,21,568.0,1.2716898028480088,0.211635651
60,21,569.0,1.2466795088019564,0.200119614
60,21,570.0,1.252292817001412,0.196153427
60,21,571.0,1.204404218908598,0.188208649
60,21,572.0,1.273948951357337,0.20258126799999998
60,21,573.0,1.288482684946442,0.201126465
60,21,574.0,1.278612714663067,0.200462418
60,21,575.0,1.2501615891044766,0.196043152
60,21,576.0,1.2268367277185075,0.18572464
60,21,577.0,1.2760113648756874,0.192108856
60,21,578.0,1.240848854206913,0.190048401
60,21,579.0,1.2319813949309593,0.186044769
60,21,580.0,1.2750879393081402,0.19358003199999999
60,21,581.0,1.2530881227707236,0.19059816000000002
60,21,582.0,1.2734086381079157,0.19079466199999998
60,21,583.0,1.2845223507749357,0.197490158
60,21,584.0,1.2840595208183911,0.19782044999999998
60,21,585.0,1.2761888654424471,0.185931488
60,21,586.0,1.2228519716306145,0.185211945
60,21,587.0,1.2729456003052744,0.189031631
60,21,588.0,1.2684483390436758,0.184360794
60,21,589.0,1.1169706405526825,0.165852905
60,21,590.0,1.1662169586325337,0.166631012
60,21,591.0,1.2385081953865806,0.179024002
60,21,592.0,1.2021165175417068,0.17074295
60,21,593.0,1.2363231526710543,0.181768295
60,21,594.0,1.232312181994189,0.169777908
60,21,595.0,1.228281968232851,0.177601257
60,21,596.0,1.2516558812976908,0.17755166600000002
60,21,597.0,1.2593567610534766,0.17922403
60,21,598.0,1.229888852388811,0.17385313400000002
60,21,599.0,1.2354816531067048,0.172926666
60,21,600.0,1.2359231182165382,0.177539841
60,21,601.0,1.230158428776501,0.173815613
60,21,602.0,1.2182211865722605,0.17260046399999998
60,21,603.0,1.2251357585626805,0.16787561
60,21,604.0,1.2641391438587632,0.17565245100000001
60,21,605.0,1.260944722554364,0.173985733
60,21,606.0,1.2474472230019031,0.171443466
60,21,607.0,1.2414350494822266,0.170178314
60,21,608.0,1.2381566929956926,0.169364014
60,21,609.0,1.2256323028881944,0.165037857
60,21,610.0,1.2068865335042271,0.165773788
60,21,611.0,1.2269574516597952,0.165224426
60,21,612.0,1.2120844785995197,0.164873611
60,21,613.0,1.1951317628525642,0.165313492
60,21,614.0,1.1523586469160942,0.15670639
60,21,615.0,1.2080932792826227,0.15938069200000002
60,21,616.0,1.1496370928026693,0.153007431
60,21,617.0,1.1566738696378174,0.153588257
60,21,618.0,1.211529581482299,0.154337997
60,21,619.0,1.2010993187434378,0.154721024
60,21,620.0,1.2193433649699763,0.159005539
60,21,621.0,1.240568495802946,0.165388611
60,21,622.0,1.1751333570040554,0.149653778
60,21,623.0,1.1844762209254167,0.146296661
60,21,624.0,1.1856587612937763,0.149718414
60,21,625.0,1.1533589322382276,0.148481644
60,21,626.0,1.15955917183459,0.14886949200000002
60,21,627.0,1.1827818075818963,0.150021713
60,21,628.0,1.1669803340452074,0.14728833
60,21,629.0,1.1932624903197657,0.148438614
60,21,630.0,1.1565092728495743,0.14238684100000001
60,21,631.0,1.2031221982021056,0.149155899
60,21,632.0,1.1233589548859848,0.13801687599999998
60,21,633.0,1.2020871332997567,0.152521622
60,21,634.0,1.1655480925721746,0.14350569200000002
60,21,635.0,1.1873948304592188,0.15185553
60,21,636.0,1.1454340376912444,0.139972031
60,21,637.0,1.1849508894492309,0.140016541
60,21,638.0,1.2040700456860396,0.14766156
60,21,639.0,1.195061666756382,0.148208908
60,21,640.0,1.158255483172495,0.138190582
60,21,641.0,1.1742488332976462,0.140711807
60,21,642.0,1.1616378666305316,0.141113037
60,21,643.0,1.1829722032669183,0.14352626000000002
60,21,644.0,1.170789910514423,0.138998871
60,21,645.0,1.182352917160926,0.139599625
60,21,646.0,1.1392287231860159,0.136831848
60,21,647.0,1.1497618437620845,0.135110336
60,21,648.0,1.1414108040946613,0.129923843
60,21,649.0,1.171201359183761,0.133556702
60,21,650.0,1.0913267969622376,0.126858536
60,21,651.0,1.1776404139454708,0.13988874799999998
60,21,652.0,1.1579437313476406,0.135132172
60,21,653.0,1.1770362486430286,0.13553749099999998
60,21,654.0,1.1625914298821305,0.12983845500000002
60,21,655.0,1.1178438539673183,0.132399353
60,21,656.0,0.9589807341341215,0.108318237
60,21,657.0,1.024956601874627,0.115434769
60,21,658.0,1.1443007655081063,0.132954361
60,21,659.0,1.1486228558112814,0.132818024
60,21,660.0,1.1554669073530712,0.12829649399999998
60,21,661.0,1.1602670523393892,0.129720688
60,21,662.0,1.1752271302347772,0.135332703
60,21,663.0,1.1624905725636059,0.13026928699999998
60,21,664.0,1.1447237323153148,0.129450363
60,21,665.0,1.149582334016388,0.127274185
60,21,666.0,1.1636926677855828,0.128947632
60,21,667.0,1.1412746389204245,0.126178116
60,21,668.0,1.147450889613102,0.126364937
60,21,669.0,1.1643707310357299,0.129714859
60,21,670.0,1.1505746865458228,0.125956581
60,21,671.0,1.1391096879942657,0.12127465100000001
60,21,672.0,1.1351851899539682,0.12584674099999998
60,21,673.0,1.143931812705332,0.12567746
60,21,674.0,1.1460826041161387,0.122463692
60,21,675.0,1.1292074755851083,0.122202164
60,21,676.0,1.1503910631794583,0.126180717
60,21,677.0,1.127706731502636,0.119916473
60,21,678.0,1.146947469045882,0.125734634
60,21,679.0,1.130901793665834,0.12049334
60,21,680.0,1.1232159221302958,0.12032165500000001
60,21,681.0,1.1247798860672442,0.118900879
60,21,682.0,1.1236245129158011,0.12354528000000001
60,21,683.0,1.1306901457174032,0.11903842199999999
60,21,684.0,1.1116339928287198,0.112432365
60,21,685.0,1.1246640205284717,0.12159228500000001
60,21,686.0,1.0793666137450508,0.113560173
60,21,687.0,0.7434129312911599,0.0684053421
60,21,688.0,0.9540938047420902,0.0983564224
60,21,689.0,1.0035679308044068,0.0951310959
60,21,690.0,1.0334693891067148,0.102212471
60,21,691.0,1.0491582706806577,0.104526619
60,21,692.0,1.0672508230833122,0.108247353
60,21,693.0,1.0466536472706267,0.104430229
60,21,694.0,1.0269176384592105,0.104650284
60,21,695.0,1.0437942478936815,0.09979226679999999
60,21,696.0,1.0491840695774366,0.10621813199999999
60,21,697.0,1.0938355426531905,0.10741141500000001
60,21,698.0,1.0735126977076621,0.108562241
60,21,699.0,1.074498823514443,0.110166748
60,21,700.0,1.0630371938017071,0.104326279
60,21,701.0,1.025159156556318,0.09891780850000001
60,21,702.0,1.0242713506136285,0.09681698609999999
60,21,703.0,1.043005073584229,0.0983295059
60,21,704.0,1.050996781991114,0.10090708200000001
60,21,705.0,1.0614526184601487,0.10142796300000001
60,21,706.0,1.059373923664207,0.102005447
60,21,707.0,1.0483641340456415,0.0992666626
60,21,708.0,1.0818182797016405,0.10746739200000001
60,21,709.0,1.0439052463696845,0.101430283
60,21,710.0,1.0672506152372152,0.104938164
60,21,711.0,1.0609523762061608,0.103540825
60,21,712.0,1.0435248793520884,0.0986113205
60,21,713.0,1.0424647603348076,0.0983988647
60,21,714.0,1.0586618256156912,0.09867057800000001
60,21,715.0,1.0083451347777785,0.09270623019999999
60,21,716.0,1.0401643803560052,0.0984928436
60,21,717.0,0.9620376219441458,0.0826549835
60,21,718.0,0.8498781843277208,0.0762931824
60,21,719.0,0.7850826858298875,0.0661374054
60,21,720.0,0.8614413996863463,0.0729505997
60,21,721.0,0.9798524573203147,0.0897095032
60,21,722.0,0.9936548411161775,0.0917945251
60,21,723.0,0.980255548844506,0.08731613919999999
60,21,724.0,0.8643974830053954,0.0739257126
60,21,725.0,0.8793511185378045,0.0784478455
60,21,726.0,0.9415250135121399,0.0789174576
60,21,727.0,0.9274215559846513,0.083866951
60,21,728.0,0.8558414655172013,0.0742872467
60,21,729.0,0.8473463391411727,0.071788681
60,21,730.0,0.9428111564995542,0.0804342651
60,21,731.0,0.8958180719755233,0.0756977386
60,21,732.0,0.9245405752546436,0.0799597321
60,21,733.0,0.9604665739193944,0.0856616745
60,21,734.0,1.012911435584567,0.0884545898
60,21,735.0,0.9830248902397117,0.0842625351
60,21,736.0,0.981851434477838,0.0857134705
60,21,737.0,0.9937518879229258,0.0870358047
60,21,738.0,0.9980491406175203,0.0884356384
60,21,739.0,0.9658320862700651,0.0874206543
60,21,740.0,0.9848277646048023,0.08216481020000001
60,21,741.0,0.9819969007649118,0.0894772797
60,21,742.0,0.9674211043219451,0.0875089951
60,21,743.0,0.9953953443316875,0.0878954315
60,21,744.0,1.006135774068914,0.0886702423
60,21,745.0,0.9816906482013713,0.0857294312
60,21,746.0,0.9963162411050556,0.0889617081
60,21,747.0,1.0117243485828373,0.0886801147
60,21,748.0,0.9932718327211,0.0892089386
60,21,749.0,0.9935981770740081,0.08509268950000001
60,21,750.0,0.9794854097734288,0.0843440399
60,21,751.0,0.976967362969639,0.0868411102
60,21,752.0,0.9927376509315374,0.0885462112
60,21,753.0,0.9834772412888706,0.08249124910000001
60,21,754.0,0.9989618880918388,0.0848488007
60,21,755.0,0.9933500607958238,0.0882372589
60,21,756.0,0.9739595268384851,0.0829724731
60,21,757.0,0.9816435970411839,0.08133142089999999
60,21,758.0,0.9817788095874765,0.0853346329
60,21,759.0,0.9512145214218738,0.0813148956
60,21,760.0,0.28203575661020214,0.019066333799999998
60,21,761.0,0.20075045286232046,0.0114960775
60,21,762.0,0.5961827981532444,0.0453587418
60,21,763.0,0.5049161212121214,0.0362877121
60,21,764.0,0.5636501814691584,0.0434063148
60,21,765.0,0.7075921772296295,0.0511761551
60,21,766.0,0.7869330859370868,0.0653220062
60,21,767.0,0.8407962296118083,0.0637456589
60,21,768.0,0.9351348025832034,0.0771774826
60,21,769.0,0.9457517544183583,0.08069797520000001
60,21,770.0,0.9382027841786502,0.0756771774
60,21,771.0,0.9465714734438022,0.07687079620000001
60,21,772.0,0.9460241800296268,0.07608953859999999
60,21,773.0,0.9421251691169626,0.0785676346
60,21,774.0,0.9518282043435037,0.08072004699999999
60,21,775.0,0.9160516903237002,0.0752094879
60,21,776.0,0.9539101727154716,0.0795101318
60,21,777.0,0.9476675411755942,0.0767179489
60,21,778.0,0.9428702540731085,0.0796179199
60,21,779.0,0.946224942038732,0.07825051120000001
60,21,780.0,0.9347675471902205,0.07238688659999999
60,21,781.0,0.9334918657896838,0.07107382200000001
60,21,782.0,0.9449846810772103,0.0762750626
60,21,783.0,0.9233039169588014,0.0723612976
60,21,784.0,0.9279682085400279,0.07544847110000001
60,21,785.0,0.930648106831531,0.0741263199
60,21,786.0,0.9128630887100142,0.0705928802
60,21,787.0,0.9258035693830147,0.0712336502
60,21,788.0,0.9065542755087794,0.0745563278
60,21,789.0,0.9161644901325431,0.0719269562
60,21,790.0,0.894282020037339,0.0688693085
60,21,791.0,0.8924437252332339,0.0694597168
60,21,792.0,0.8819044731973064,0.0717638474
60,21,793.0,0.8838390267250423,0.06988155360000001
60,21,794.0,0.8857184923768432,0.0677341843
60,21,795.0,0.876626230226575,0.0644193802
60,21,796.0,0.8666345920342227,0.0668071442
60,21,797.0,0.8918672554232048,0.0710534439
60,21,798.0,0.8931673500798738,0.0683200073
60,21,799.0,0.8970643604738556,0.06934631349999999
60,21,800.0,0.864108931135083,0.0677191238
60,21,801.0,0.8742211391162011,0.06463521579999999
60,21,802.0,0.8799989921423756,0.0638464622
60,21,803.0,0.8661283222434244,0.062057727800000004
60,21,804.0,0.8729556681551751,0.06525664519999999
60,21,805.0,0.8514128107880906,0.061830143
60,21,806.0,0.8848466559425994,0.06749605560000001
60,21,807.0,0.8738382346441718,0.0666544647
60,21,808.0,0.8753622921305139,0.067926857
60,21,809.0,0.8518377365447622,0.0627821655
60,21,810.0,0.8430741977191863,0.06302029420000001
60,21,811.0,0.8561237265789805,0.0635191765
60,21,812.0,0.8427838488461611,0.058596241
60,21,813.0,0.8153262873865451,0.056329731
60,21,814.0,0.7803251492934357,0.0531973343
60,21,815.0,0.7371363610817334,0.0505507469
60,21,816.0,0.7628783106279953,0.0516214905
60,21,817.0,0.642100116312999,0.0424523621
60,21,818.0,0.7338937870328329,0.0522942619
60,21,819.0,0.7350243139154412,0.0488350067
60,21,820.0,0.6907495584262316,0.0488189507
60,21,821.0,0.8231434033399763,0.0632476578
60,21,822.0,0.7811610456734224,0.0548483353
60,21,823.0,0.5946088454792887,0.03734618
60,21,824.0,0.778594420040633,0.0535905533
60,21,825.0,0.8079326162863452,0.0577530708
60,21,826.0,0.7812077720740835,0.0508609009
60,21,827.0,0.8105190106810268,0.0546622887
60,21,828.0,0.7295390813469259,0.0469342918
60,21,829.0,0.7894263444957439,0.055393596600000004
60,21,830.0,0.7659922807704591,0.047886982
60,42,360.0,0.45344400872534335,0.343345917
60,42,361.0,0.36232279720526855,0.27412795999999995
60,42,362.0,0.4018840734683929,0.29178576700000003
60,42,363.0,0.43189605046863044,0.318001129
60,42,364.0,0.43574749493599185,0.314112
60,42,365.0,0.41205796843902254,0.301060577
60,42,366.0,0.5712119931335539,0.413805542
60,42,367.0,0.516103092700098,0.35518814099999996
60,42,368.0,0.49126654759875615,0.348977295
60,42,369.0,0.47633548501849665,0.318302795
60,42,370.0,0.5528814223089231,0.368065735
60,42,371.0,0.4457080298259673,0.297500519
60,42,372.0,0.47309248834919915,0.31335433999999995
60,42,373.0,0.4757830136384318,0.31228079200000003
60,42,374.0,0.371694017396426,0.239466187
60,42,375.0,0.3429215868867521,0.218830261
60,42,376.0,0.4943164543780006,0.314174225
60,42,377.0,0.5099024798467866,0.317999512
60,42,378.0,0.6638510224269363,0.40974084499999996
60,42,379.0,0.514525229055419,0.310452362
60,42,380.0,0.4848051337931713,0.28586361699999996
60,42,381.0,0.5470413531517153,0.325671021
60,42,382.0,0.4114997094111842,0.241218857
60,42,383.0,0.2887557517449506,0.168944382
60,42,384.0,0.3191463507215957,0.18312271100000002
60,42,385.0,0.48287766695131473,0.275042572
60,42,386.0,0.37626063083838496,0.213873276
60,42,387.0,0.43387843631146805,0.236596664
60,42,388.0,0.4310506399335577,0.239316284
60,42,389.0,0.49251330894695877,0.271339569
60,42,390.0,0.5994079815460115,0.32659024
60,42,391.0,0.6722538053801849,0.36129303
60,42,392.0,0.5985382556156768,0.317662323
60,42,393.0,0.3222038161705643,0.17417243999999998
60,42,394.0,0.35732832391256986,0.18967094399999998
60,42,395.0,0.6010483765549709,0.311257721
60,42,396.0,0.6206595382781521,0.31649780299999997
60,42,397.0,0.2532187396486399,0.130058487
60,42,398.0,0.7093651927708482,0.357140808
60,42,399.0,0.8523268841473024,0.425038635
60,42,400.0,0.8391557289477498,0.411848816
60,42,401.0,0.8355975925622183,0.404475555
60,42,402.0,0.8867662445513579,0.433018921
60,42,403.0,0.8318421903121366,0.398251617
60,42,404.0,0.8941312709953024,0.41791922
60,42,405.0,0.8211095859804587,0.37969812000000003
60,42,406.0,0.8155771506973102,0.373822571
60,42,407.0,0.7960269874734444,0.361520813
60,42,408.0,0.8621748573854209,0.392934601
60,42,409.0,0.9551712615879546,0.432741333
60,42,410.0,0.7992534924209777,0.354104034
60,42,411.0,0.9399588325501579,0.41551736499999997
60,42,412.0,0.9752971550361546,0.429898865
60,42,413.0,0.9210445519431224,0.399032806
60,42,414.0,0.9056353879143481,0.385548157
60,42,415.0,0.9664539011702366,0.412387146
60,42,416.0,0.9619942773726863,0.413939423
60,42,417.0,0.9325254160800767,0.388429626
60,42,418.0,0.9125710995848744,0.381738403
60,42,419.0,0.9364557251508335,0.381304626
60,42,420.0,0.7928589427047681,0.32768798800000004
60,42,421.0,0.9940429244201213,0.403109314
60,42,422.0,0.9525344913615601,0.378921173
60,42,423.0,0.8052811011114259,0.319340576
60,42,424.0,0.886098755471391,0.35113501
60,42,425.0,0.9192104833429877,0.356309418
60,42,426.0,0.883966886715657,0.341454132
60,42,427.0,0.8508368172920335,0.327098328
60,42,428.0,0.8618747293535362,0.331197906
60,42,429.0,0.7849973208398111,0.295116058
60,42,430.0,0.6269074066736464,0.237234695
60,42,431.0,0.5631282617332882,0.207656433
60,42,432.0,1.0155166998067717,0.372379578
60,42,433.0,0.9046934553839218,0.335828217
60,42,434.0,0.8597031645913689,0.312049377
60,42,435.0,0.935478484764695,0.335099396
60,42,436.0,1.0383021919110098,0.371674591
60,42,437.0,1.0505342724639686,0.372702087
60,42,438.0,0.9410713894056376,0.329632568
60,42,439.0,0.9098874947046434,0.316634491
60,42,440.0,1.0208603190352348,0.356443787
60,42,441.0,1.0180393971669794,0.354858337
60,42,442.0,1.0735803602724596,0.365138763
60,42,443.0,1.080540805628518,0.367368958
60,42,444.0,1.0744996635590849,0.36772540299999995
60,42,445.0,1.128985686479199,0.375881256
60,42,446.0,1.0061250959756853,0.330918945
60,42,447.0,1.14923632222656,0.381279785
60,42,448.0,1.1669383664541402,0.376299408
60,42,449.0,1.176751664035091,0.373320038
60,42,450.0,1.2039650747468469,0.395378906
60,42,451.0,1.3012895378996383,0.422631439
60,42,452.0,1.2094257286483774,0.38875485200000004
60,42,453.0,1.1234586430702143,0.350184113
60,42,454.0,1.1997541907657718,0.376807373
60,42,455.0,1.2076577291262975,0.3737742
60,42,456.0,1.2375488211045222,0.3790914
60,42,457.0,1.245354680459755,0.37994928
60,42,458.0,1.224029653596459,0.37000579800000005
60,42,459.0,1.2243260767716664,0.368870941
60,42,460.0,1.2136818537965461,0.36150140399999997
60,42,461.0,1.2585037433512571,0.37226119999999996
60,42,462.0,1.2397517299241287,0.364585571
60,42,463.0,1.2389371897305994,0.361767914
60,42,464.0,1.2439673683846706,0.35240991200000005
60,42,465.0,1.2257157097948328,0.352892517
60,42,466.0,1.2666586715659933,0.36252032500000003
60,42,467.0,1.2214174092094998,0.34874945100000004
60,42,468.0,1.2936950060634371,0.374723633
60,42,469.0,1.282452853168782,0.36446725500000005
60,42,470.0,1.2655805825215842,0.352401489
60,42,471.0,1.2648261877923475,0.34189743
60,42,472.0,1.280190318500125,0.348940613
60,42,473.0,1.2659805043927976,0.345427185
60,42,474.0,1.2742801627730143,0.34638699300000003
60,42,475.0,1.3253477495975323,0.357036957
60,42,476.0,1.285941904975803,0.346517242
60,42,477.0,1.2752809763706436,0.33339004499999997
60,42,478.0,1.3371979822294544,0.34650177000000004
60,42,479.0,1.2755775034688996,0.333885315
60,42,480.0,1.300620567916231,0.340354614
60,42,481.0,1.2947312401000812,0.333782013
60,42,482.0,1.3230291830852505,0.337719147
60,42,483.0,1.325590054845257,0.339564056
60,42,484.0,1.2743759365224188,0.327470459
60,42,485.0,1.283132709091515,0.326160553
60,42,486.0,1.0396569414309118,0.26303256199999997
60,42,487.0,1.1694046076182754,0.295830627
60,42,488.0,1.2693763112445933,0.316780151
60,42,489.0,1.1794338832746762,0.292974915
60,42,490.0,1.3437624201491245,0.323833191
60,42,491.0,1.257557688539909,0.309220001
60,42,492.0,1.208934778846972,0.296227173
60,42,493.0,1.3025218747287155,0.312200043
60,42,494.0,1.2583711721824458,0.304976135
60,42,495.0,1.3451867288294583,0.314035126
60,42,496.0,1.310585991519611,0.303828125
60,42,497.0,1.272356971498576,0.301553833
60,42,498.0,1.2427904312006737,0.29454538
60,42,499.0,1.2408107923904166,0.289421356
60,42,500.0,1.2359459553064358,0.285807892
60,42,501.0,1.2077794143557832,0.27518545499999997
60,42,502.0,1.1979213952229806,0.272372925
60,42,503.0,1.2672674874248537,0.286877655
60,42,504.0,1.1735912775290607,0.26508709700000005
60,42,505.0,1.2735267206717218,0.28308075000000005
60,42,506.0,1.3623405270149187,0.30383673099999997
60,42,507.0,1.2658178042001886,0.278932953
60,42,508.0,1.218077097265579,0.27155242900000004
60,42,509.0,1.3142804472319012,0.28295846599999996
60,42,510.0,1.2752674403935824,0.278828644
60,42,511.0,1.2759790188268563,0.276217865
60,42,512.0,1.3392171637596482,0.293495026
60,42,513.0,1.2274645701554892,0.270767212
60,42,514.0,1.201475563480112,0.257396759
60,42,515.0,1.2274450153018717,0.255583176
60,42,516.0,1.2893240719274888,0.27184906000000003
60,42,517.0,0.950577897487298,0.194941437
60,42,518.0,1.1766105278750365,0.250771118
60,42,519.0,1.1153245341061853,0.230554398
60,42,520.0,1.2278182982316648,0.257086517
60,42,521.0,1.2293573119767303,0.25970150799999997
60,42,522.0,1.2780582418982942,0.25714929200000003
60,42,523.0,1.1909135869375895,0.246403046
60,42,524.0,1.292174603204299,0.260634186
60,42,525.0,1.2810793888399044,0.260524109
60,42,526.0,1.2213120052576052,0.242228836
60,42,527.0,1.0667736257653189,0.214074722
60,42,528.0,1.2813512948359305,0.249698654
60,42,529.0,1.317549823034998,0.25939288299999996
60,42,530.0,1.2450938769094053,0.248092865
60,42,531.0,1.3561231574360695,0.270322479
60,42,532.0,1.2941857393584915,0.245448914
60,42,533.0,1.1368944036716393,0.220715149
60,42,534.0,1.2366401959111257,0.23769880699999998
60,42,535.0,1.2613017242065658,0.23707363899999997
60,42,536.0,1.3386882647250489,0.251638107
60,42,537.0,1.242543163627385,0.237347092
60,42,538.0,1.300632622989852,0.242593765
60,42,539.0,1.2959313261431218,0.246666412
60,42,540.0,1.268515681179074,0.234815628
60,42,541.0,1.1597403703298237,0.213403229
60,42,542.0,1.2952426887227944,0.235738388
60,42,543.0,1.2410761425741363,0.2214039
60,42,544.0,1.3094852732314006,0.244615463
60,42,545.0,1.2886544697455364,0.238022614
60,42,546.0,1.25841514895245,0.223972656
60,42,547.0,1.3144900860013953,0.232438965
60,42,548.0,1.222411770917871,0.220870789
60,42,549.0,1.2866567569851028,0.227757935
60,42,550.0,1.2595538164738538,0.21977912900000002
60,42,551.0,1.253466792378528,0.221733734
60,42,552.0,1.308417334004724,0.231810791
60,42,553.0,1.2585857732775034,0.215529556
60,42,554.0,1.300923763410096,0.22840493799999997
60,42,555.0,1.3057236918900632,0.23188883999999998
60,42,556.0,1.270178588518405,0.218061768
60,42,557.0,1.2327835682817228,0.208077194
60,42,558.0,1.2800432673865625,0.215701736
60,42,559.0,1.210378962810323,0.204895096
60,42,560.0,1.2161067682284126,0.20529614300000001
60,42,561.0,1.33714797792264,0.22664215100000001
60,42,562.0,1.2284004751491049,0.20460656700000002
60,42,563.0,1.285649915850663,0.21341532900000001
60,42,564.0,1.2681398607948478,0.20772732500000002
60,42,565.0,1.2839982062198032,0.213764984
60,42,566.0,1.1846072072677392,0.196454712
60,42,567.0,1.2714660045631627,0.207852753
60,42,568.0,1.2716898028480088,0.204326187
60,42,569.0,1.2466795088019564,0.20116941800000002
60,42,570.0,1.252292817001412,0.196520203
60,42,571.0,1.204404218908598,0.19286908
60,42,572.0,1.273948951357337,0.199619019
60,42,573.0,1.288482684946442,0.20590081799999999
60,42,574.0,1.278612714663067,0.195520508
60,42,575.0,1.2501615891044766,0.197474487
60,42,576.0,1.2268367277185075,0.183136368
60,42,577.0,1.2760113648756874,0.200091782
60,42,578.0,1.240848854206913,0.190216095
60,42,579.0,1.2319813949309593,0.186125595
60,42,580.0,1.2750879393081402,0.193681442
60,42,581.0,1.2530881227707236,0.19061372399999998
60,42,582.0,1.2734086381079157,0.19819276400000002
60,42,583.0,1.2845223507749357,0.193467148
60,42,584.0,1.2840595208183911,0.201843872
60,42,585.0,1.2761888654424471,0.19446885700000002
60,42,586.0,1.2228519716306145,0.18545425399999999
60,42,587.0,1.2729456003052744,0.186887619
60,42,588.0,1.2684483390436758,0.183766235
60,42,589.0,1.1169706405526825,0.160703583
60,42,590.0,1.1662169586325337,0.168318634
60,42,591.0,1.2385081953865806,0.175701248
60,42,592.0,1.2021165175417068,0.172677612
60,42,593.0,1.2363231526710543,0.177336578
60,42,594.0,1.232312181994189,0.17070578
60,42,595.0,1.228281968232851,0.171972015
60,42,596.0,1.2516558812976908,0.179901947
60,42,597.0,1.2593567610534766,0.179253098
60,42,598.0,1.229888852388811,0.173326981
60,42,599.0,1.2354816531067048,0.17047135900000002
60,42,600.0,1.2359231182165382,0.17789357
60,42,601.0,1.230158428776501,0.172860336
60,42,602.0,1.2182211865722605,0.17523292499999998
60,42,603.0,1.2251357585626805,0.172663788
60,42,604.0,1.2641391438587632,0.18027252200000002
60,42,605.0,1.260944722554364,0.174172333
60,42,606.0,1.2474472230019031,0.172051727
60,42,607.0,1.2414350494822266,0.170618713
60,42,608.0,1.2381566929956926,0.174158829
60,42,609.0,1.2256323028881944,0.168963684
60,42,610.0,1.2068865335042271,0.16351620500000003
60,42,611.0,1.2269574516597952,0.165131546
60,42,612.0,1.2120844785995197,0.16662638899999999
60,42,613.0,1.1951317628525642,0.16596334799999998
60,42,614.0,1.1523586469160942,0.155588425
60,42,615.0,1.2080932792826227,0.158358261
60,42,616.0,1.1496370928026693,0.156989349
60,42,617.0,1.1566738696378174,0.154986191
60,42,618.0,1.211529581482299,0.159803726
60,42,619.0,1.2010993187434378,0.15748374899999998
60,42,620.0,1.2193433649699763,0.15948414600000002
60,42,621.0,1.240568495802946,0.158882217
60,42,622.0,1.1751333570040554,0.150259369
60,42,623.0,1.1844762209254167,0.151689606
60,42,624.0,1.1856587612937763,0.157100235
60,42,625.0,1.1533589322382276,0.14640557899999998
60,42,626.0,1.15955917183459,0.15393156400000002
60,42,627.0,1.1827818075818963,0.153575974
60,42,628.0,1.1669803340452074,0.145521332
60,42,629.0,1.1932624903197657,0.14823024
60,42,630.0,1.1565092728495743,0.14299794
60,42,631.0,1.2031221982021056,0.151982178
60,42,632.0,1.1233589548859848,0.13858642599999998
60,42,633.0,1.2020871332997567,0.149562805
60,42,634.0,1.1655480925721746,0.142109756
60,42,635.0,1.1873948304592188,0.143966843
60,42,636.0,1.1454340376912444,0.142215698
60,42,637.0,1.1849508894492309,0.144422531
60,42,638.0,1.2040700456860396,0.145121094
60,42,639.0,1.195061666756382,0.148044373
60,42,640.0,1.158255483172495,0.13896740700000002
60,42,641.0,1.1742488332976462,0.141163239
60,42,642.0,1.1616378666305316,0.14089421100000002
60,42,643.0,1.1829722032669183,0.140649811
60,42,644.0,1.170789910514423,0.138833496
60,42,645.0,1.182352917160926,0.14036331200000002
60,42,646.0,1.1392287231860159,0.13459837300000002
60,42,647.0,1.1497618437620845,0.136985397
60,42,648.0,1.1414108040946613,0.131594849
60,42,649.0,1.171201359183761,0.137520218
60,42,650.0,1.0913267969622376,0.13032664500000002
60,42,651.0,1.1776404139454708,0.131940857
60,42,652.0,1.1579437313476406,0.134587769
60,42,653.0,1.1770362486430286,0.13559259
60,42,654.0,1.1625914298821305,0.136878021
60,42,655.0,1.1178438539673183,0.12887851
60,42,656.0,0.9589807341341215,0.108774208
60,42,657.0,1.024956601874627,0.114086769
60,42,658.0,1.1443007655081063,0.131584442
60,42,659.0,1.1486228558112814,0.135799332
60,42,660.0,1.1554669073530712,0.133404663
60,42,661.0,1.1602670523393892,0.128466949
60,42,662.0,1.1752271302347772,0.133925339
60,42,663.0,1.1624905725636059,0.128333618
60,42,664.0,1.1447237323153148,0.132083878
60,42,665.0,1.149582334016388,0.133465881
60,42,666.0,1.1636926677855828,0.126174461
60,42,667.0,1.1412746389204245,0.128500519
60,42,668.0,1.147450889613102,0.125644379
60,42,669.0,1.1643707310357299,0.130984772
60,42,670.0,1.1505746865458228,0.126451347
60,42,671.0,1.1391096879942657,0.12406858800000001
60,42,672.0,1.1351851899539682,0.127687424
60,42,673.0,1.143931812705332,0.122731995
60,42,674.0,1.1460826041161387,0.12742171500000002
60,42,675.0,1.1292074755851083,0.118440002
60,42,676.0,1.1503910631794583,0.119810577
60,42,677.0,1.127706731502636,0.12264802600000001
60,42,678.0,1.146947469045882,0.11740952299999999
60,42,679.0,1.130901793665834,0.120670113
60,42,680.0,1.1232159221302958,0.124594742
60,42,681.0,1.1247798860672442,0.123965302
60,42,682.0,1.1236245129158011,0.11959745
60,42,683.0,1.1306901457174032,0.118754379
60,42,684.0,1.1116339928287198,0.114984283
60,42,685.0,1.1246640205284717,0.121265366
60,42,686.0,1.0793666137450508,0.115529907
60,42,687.0,0.7434129312911599,0.0704871826
60,42,688.0,0.9540938047420902,0.0950631104
60,42,689.0,1.0035679308044068,0.0982388077
60,42,690.0,1.0334693891067148,0.099070488
60,42,691.0,1.0491582706806577,0.105730484
60,42,692.0,1.0672508230833122,0.10551938599999999
60,42,693.0,1.0466536472706267,0.10221134899999999
60,42,694.0,1.0269176384592105,0.10004864499999999
60,42,695.0,1.0437942478936815,0.10071240199999999
60,42,696.0,1.0491840695774366,0.10394028500000001
60,42,697.0,1.0938355426531905,0.108357727
60,42,698.0,1.0735126977076621,0.110228775
60,42,699.0,1.074498823514443,0.104974991
60,42,700.0,1.0630371938017071,0.102682159
60,42,701.0,1.025159156556318,0.0989906464
60,42,702.0,1.0242713506136285,0.0951969223
60,42,703.0,1.043005073584229,0.103086678
60,42,704.0,1.050996781991114,0.103519699
60,42,705.0,1.0614526184601487,0.104836288
60,42,706.0,1.059373923664207,0.0988797455
60,42,707.0,1.0483641340456415,0.103354416
60,42,708.0,1.0818182797016405,0.10359668000000001
60,42,709.0,1.0439052463696845,0.0970616455
60,42,710.0,1.0672506152372152,0.0992832642
60,42,711.0,1.0609523762061608,0.102687668
60,42,712.0,1.0435248793520884,0.101980927
60,42,713.0,1.0424647603348076,0.101660812
60,42,714.0,1.0586618256156912,0.10509112500000001
60,42,715.0,1.0083451347777785,0.0985102997
60,42,716.0,1.0401643803560052,0.09408625030000001
60,42,717.0,0.9620376219441458,0.0857423935
60,42,718.0,0.8498781843277208,0.0764473724
60,42,719.0,0.7850826858298875,0.06604628750000001
60,42,720.0,0.8614413996863463,0.0737599869
60,42,721.0,0.9798524573203147,0.0876654587
60,42,722.0,0.9936548411161775,0.0902112961
60,42,723.0,0.980255548844506,0.0868622131
60,42,724.0,0.8643974830053954,0.0767123947
60,42,725.0,0.8793511185378045,0.07795922849999999
60,42,726.0,0.9415250135121399,0.0839482498
60,42,727.0,0.9274215559846513,0.0810374451
60,42,728.0,0.8558414655172013,0.0756256332
60,42,729.0,0.8473463391411727,0.06953548429999999
60,42,730.0,0.9428111564995542,0.0823430862
60,42,731.0,0.8958180719755233,0.0757428665
60,42,732.0,0.9245405752546436,0.0793548813
60,42,733.0,0.9604665739193944,0.0823753357
60,42,734.0,1.012911435584567,0.08577400969999999
60,42,735.0,0.9830248902397117,0.0861617584
60,42,736.0,0.981851434477838,0.0881413193
60,42,737.0,0.9937518879229258,0.08786056519999999
60,42,738.0,0.9980491406175203,0.0838782349
60,42,739.0,0.9658320862700651,0.0860612793
60,42,740.0,0.9848277646048023,0.0879193726
60,42,741.0,0.9819969007649118,0.09136133580000001
60,42,742.0,0.9674211043219451,0.0860734406
60,42,743.0,0.9953953443316875,0.0897784653
60,42,744.0,1.006135774068914,0.0887038422
60,42,745.0,0.9816906482013713,0.0877596664
60,42,746.0,0.9963162411050556,0.0883718567
60,42,747.0,1.0117243485828373,0.08914563750000001
60,42,748.0,0.9932718327211,0.0895457764
60,42,749.0,0.9935981770740081,0.0842208176
60,42,750.0,0.9794854097734288,0.0853721848
60,42,751.0,0.976967362969639,0.08867738339999999
60,42,752.0,0.9927376509315374,0.0867449493
60,42,753.0,0.9834772412888706,0.08631252290000001
60,42,754.0,0.9989618880918388,0.0915212479
60,42,755.0,0.9933500607958238,0.0838406143
60,42,756.0,0.9739595268384851,0.084789566
60,42,757.0,0.9816435970411839,0.0843001785
60,42,758.0,0.9817788095874765,0.0856852722
60,42,759.0,0.9512145214218738,0.0831153946
60,42,760.0,0.28203575661020214,0.0178135834
60,42,761.0,0.20075045286232046,0.013074604
60,42,762.0,0.5961827981532444,0.0446036186
60,42,763.0,0.5049161212121214,0.0369394989
60,42,764.0,0.5636501814691584,0.0429225731
60,42,765.0,0.7075921772296295,0.0515794296
60,42,766.0,0.7869330859370868,0.0629803505
60,42,767.0,0.8407962296118083,0.0683751678
60,42,768.0,0.9351348025832034,0.0774861526
60,42,769.0,0.9457517544183583,0.07983174130000001
60,42,770.0,0.9382027841786502,0.073424469
60,42,771.0,0.9465714734438022,0.0823760834
60,42,772.0,0.9460241800296268,0.08098319239999999
60,42,773.0,0.9421251691169626,0.0782356949
60,42,774.0,0.9518282043435037,0.0764999084
60,42,775.0,0.9160516903237002,0.074934021
60,42,776.0,0.9539101727154716,0.0765607452
60,42,777.0,0.9476675411755942,0.07620346069999999
60,42,778.0,0.9428702540731085,0.07731632229999999
60,42,779.0,0.946224942038732,0.0765911102
60,42,780.0,0.9347675471902205,0.0738310928
60,42,781.0,0.9334918657896838,0.0736220169
60,42,782.0,0.9449846810772103,0.0755332642
60,42,783.0,0.9233039169588014,0.07485694890000001
60,42,784.0,0.9279682085400279,0.0758459244
60,42,785.0,0.930648106831531,0.0736932831
60,42,786.0,0.9128630887100142,0.0706705399
60,42,787.0,0.9258035693830147,0.07357743069999999
60,42,788.0,0.9065542755087794,0.0709812469
60,42,789.0,0.9161644901325431,0.0762595749
60,42,790.0,0.894282020037339,0.0723706207
60,42,791.0,0.8924437252332339,0.0699676285
60,42,792.0,0.8819044731973064,0.071136795
60,42,793.0,0.8838390267250423,0.07128730009999999
60,42,794.0,0.8857184923768432,0.0669818573
60,42,795.0,0.876626230226575,0.0676238022
60,42,796.0,0.8666345920342227,0.0634656715
60,42,797.0,0.8918672554232048,0.0711726532
60,42,798.0,0.8931673500798738,0.0671644363
60,42,799.0,0.8970643604738556,0.0686994095
60,42,800.0,0.864108931135083,0.06727135470000001
60,42,801.0,0.8742211391162011,0.0654975662
60,42,802.0,0.8799989921423756,0.0630699005
60,42,803.0,0.8661283222434244,0.063370472
60,42,804.0,0.8729556681551751,0.06870717620000001
60,42,805.0,0.8514128107880906,0.06686360929999999
60,42,806.0,0.8848466559425994,0.0658368759
60,42,807.0,0.8738382346441718,0.06464985660000001
60,42,808.0,0.8753622921305139,0.0634034119
60,42,809.0,0.8518377365447622,0.0631498833
60,42,810.0,0.8430741977191863,0.061148750300000006
60,42,811.0,0.8561237265789805,0.0665980377
60,42,812.0,0.8427838488461611,0.057642662000000004
60,42,813.0,0.8153262873865451,0.0587905083
60,42,814.0,0.7803251492934357,0.0555170937
60,42,815.0,0.7371363610817334,0.0490143051
60,42,816.0,0.7628783106279953,0.0519165382
60,42,817.0,0.642100116312999,0.0411763725
60,42,818.0,0.7338937870328329,0.0499176025
60,42,819.0,0.7350243139154412,0.0492547989
60,42,820.0,0.6907495584262316,0.047749622299999996
60,42,821.0,0.8231434033399763,0.0563228226
60,42,822.0,0.7811610456734224,0.058249259899999996
60,42,823.0,0.5946088454792887,0.036660549199999996
60,42,824.0,0.778594420040633,0.052008525800000004
60,42,825.0,0.8079326162863452,0.0577926025
60,42,826.0,0.7812077720740835,0.0559181557
60,42,827.0,0.8105190106810268,0.0585178223
60,42,828.0,0.7295390813469259,0.0525553131
60,42,829.0,0.7894263444957439,0.052347229
60,42,830.0,0.7659922807704591,0.0540410881
75,21,360.0,0.5505982372493193,0.366053955
75,21,361.0,0.4396235947587607,0.28864898699999997
75,21,362.0,0.4870732858938758,0.317064209
75,21,363.0,0.5229385880254211,0.33794912699999996
75,21,364.0,0.5271032593291618,0.3346716
75,21,365.0,0.4980444201814442,0.31841323899999996
75,21,366.0,0.6898311035390691,0.433961945
75,21,367.0,0.6227878098621039,0.387797485
75,21,368.0,0.5923714044662735,0.362677246
75,21,369.0,0.5740126241140864,0.351185333
75,21,370.0,0.6657613099211678,0.399861511
75,21,371.0,0.5362968872519348,0.315207672
75,21,372.0,0.5688677602596024,0.32796356200000004
75,21,373.0,0.5716680255944541,0.33016271999999997
75,21,374.0,0.4462762437140104,0.253261444
75,21,375.0,0.41149038590963694,0.233668701
75,21,376.0,0.592782737217918,0.34266390999999996
75,21,377.0,0.6110636967899842,0.335038971
75,21,378.0,0.795152687347565,0.43488559
75,21,379.0,0.6159482136905826,0.33329217499999997
75,21,380.0,0.5800435288312478,0.30944046
75,21,381.0,0.6541184959280694,0.344392242
75,21,382.0,0.4916502317269413,0.25168322800000004
75,21,383.0,0.34471805084768486,0.17623558
75,21,384.0,0.3807824457468417,0.19582925399999998
75,21,385.0,0.5757327071544347,0.29196505700000003
75,21,386.0,0.4483687191722421,0.21929376199999998
75,21,387.0,0.5166936747140388,0.25901547199999997
75,21,388.0,0.5130652042912845,0.25412640400000003
75,21,389.0,0.5859223292085433,0.29239169299999995
75,21,390.0,0.7126370112251202,0.346641876
75,21,391.0,0.7988320958687686,0.388776733
75,21,392.0,0.7109132132340441,0.337736938
75,21,393.0,0.38243290388770534,0.18022749300000002
75,21,394.0,0.42391341586373626,0.200061707
75,21,395.0,0.7127051640536457,0.317678497
75,21,396.0,0.7355107172449187,0.333327271
75,21,397.0,0.2999186428465962,0.132970291
75,21,398.0,0.839848511394894,0.374564697
75,21,399.0,1.008612503367348,0.450164246
75,21,400.0,0.9925354793664606,0.443274719
75,21,401.0,0.9877925710556993,0.431111816
75,21,402.0,1.0477652828545994,0.447615021
75,21,403.0,0.9823659611265744,0.415680176
75,21,404.0,1.055529829312933,0.442270813
75,21,405.0,0.968852021305745,0.40256842
75,21,406.0,0.9619104900158496,0.402908203
75,21,407.0,0.9383220075779297,0.384217804
75,21,408.0,1.0159699120899004,0.42100073200000004
75,21,409.0,1.125068713102844,0.456162872
75,21,410.0,0.941016035560777,0.379062073
75,21,411.0,1.1061357651891426,0.431246918
75,21,412.0,1.1471757029409897,0.449994751
75,21,413.0,1.0830331279870329,0.419266418
75,21,414.0,1.0643834088441158,0.404217621
75,21,415.0,1.1354106684212393,0.43132241800000004
75,21,416.0,1.129621836307256,0.424431641
75,21,417.0,1.094682956533482,0.409429596
75,21,418.0,1.0708738122042494,0.396744141
75,21,419.0,1.0983714505530076,0.403489929
75,21,420.0,0.9296273788688691,0.341562408
75,21,421.0,1.1650698555840668,0.415868195
75,21,422.0,1.1160677429498276,0.397242828
75,21,423.0,0.9431446211900987,0.33885824600000003
75,21,424.0,1.0374411295491828,0.371369049
75,21,425.0,1.0757094493943344,0.37275119
75,21,426.0,1.0341200447362027,0.362007812
75,21,427.0,0.9950052357931823,0.344801483
75,21,428.0,1.0075858594436184,0.346399109
75,21,429.0,0.9173462540438359,0.311998993
75,21,430.0,0.732339681281646,0.245725662
75,21,431.0,0.6577148956815391,0.218810699
75,21,432.0,1.1855404801391547,0.391046204
75,21,433.0,1.0557891224417417,0.345309906
75,21,434.0,1.0030372084757821,0.32940081800000004
75,21,435.0,1.0911405684544406,0.350571777
75,21,436.0,1.2106395701131047,0.393656647
75,21,437.0,1.224321600346225,0.391576141
75,21,438.0,1.0964713102453065,0.353114288
75,21,439.0,1.059962453270515,0.335632965
75,21,440.0,1.188819460245367,0.369092285
75,21,441.0,1.1851892212124249,0.370156921
75,21,442.0,1.2493876749754325,0.38245343000000004
75,21,443.0,1.2572217970710333,0.38389743
75,21,444.0,1.249790466044995,0.378183746
75,21,445.0,1.3130262974480396,0.389483612
75,21,446.0,1.1697497372346628,0.340520538
75,21,447.0,1.33562403556149,0.399784485
75,21,448.0,1.3560294504640447,0.387646881
75,21,449.0,1.3668629847539548,0.40425338699999996
75,21,450.0,1.3979400447779342,0.407176453
75,21,451.0,1.5105696813970366,0.432573425
75,21,452.0,1.4036463385300613,0.407577637
75,21,453.0,1.3034906100761063,0.364644775
75,21,454.0,1.3914734611486768,0.391753143
75,21,455.0,1.4004118103303747,0.397122925
75,21,456.0,1.4347303532199893,0.400115875
75,21,457.0,1.4434050626066601,0.394312347
75,21,458.0,1.4183568962422721,0.388391113
75,21,459.0,1.4183921525349317,0.381779877
75,21,460.0,1.4058076458626743,0.383564087
75,21,461.0,1.457369597166195,0.390263458
75,21,462.0,1.4351983442828264,0.38237207
75,21,463.0,1.4341423362139778,0.380359436
75,21,464.0,1.4395275562214465,0.37869412199999997
75,21,465.0,1.4181024520611112,0.370881531
75,21,466.0,1.4648996168339055,0.377273254
75,21,467.0,1.4123400283592185,0.362051575
75,21,468.0,1.4955705919812545,0.379343506
75,21,469.0,1.4823312069172896,0.37528680400000003
75,21,470.0,1.4625260762787404,0.377270599
75,21,471.0,1.4612849485252832,0.36412442
75,21,472.0,1.47888456140615,0.37263799999999997
75,21,473.0,1.4623862295376102,0.36461816399999997
75,21,474.0,1.4721009126244131,0.363787354
75,21,475.0,1.531126968817259,0.364959808
75,21,476.0,1.4855005351237014,0.354768402
75,21,477.0,1.47304750061566,0.34884912100000004
75,21,478.0,1.5443608191262392,0.362314423
75,21,479.0,1.4728100277512668,0.349019592
75,21,480.0,1.5011904643497036,0.347334686
75,21,481.0,1.493667157866486,0.34716595499999997
75,21,482.0,1.525717929078914,0.359187408
75,21,483.0,1.5281404034364392,0.359016052
75,21,484.0,1.4688082453492428,0.339960052
75,21,485.0,1.478690477929874,0.340080963
75,21,486.0,1.197954017940159,0.272140869
75,21,487.0,1.347081780098123,0.298391724
75,21,488.0,1.4620016075328401,0.32690911899999997
75,21,489.0,1.3582203537639752,0.304188568
75,21,490.0,1.5470482372786571,0.34147289999999997
75,21,491.0,1.447571206947286,0.316952332
75,21,492.0,1.3913556664941609,0.305607391
75,21,493.0,1.4988011212480201,0.324263733
75,21,494.0,1.4477972432498958,0.311455078
75,21,495.0,1.547477195278854,0.33952114899999997
75,21,496.0,1.5074962213288836,0.32866436800000004
75,21,497.0,1.463288365622331,0.31422283900000003
75,21,498.0,1.42911626674724,0.302959137
75,21,499.0,1.4266142001016286,0.30115844700000005
75,21,500.0,1.420846821200247,0.30124710099999996
75,21,501.0,1.38842888226273,0.288914734
75,21,502.0,1.3772350093433228,0.286916809
75,21,503.0,1.4571099563040888,0.30127652
75,21,504.0,1.3499641124230277,0.270046936
75,21,505.0,1.4639102286692962,0.294721741
75,21,506.0,1.5659065481037613,0.317228607
75,21,507.0,1.454961853177521,0.292013794
75,21,508.0,1.3993963614869718,0.271948914
75,21,509.0,1.5096157813472848,0.302505768
75,21,510.0,1.4643890670791622,0.293864838
75,21,511.0,1.464980503462599,0.284074677
75,21,512.0,1.53739440751891,0.300824432
75,21,513.0,1.4087203951918488,0.276544312
75,21,514.0,1.3787526430238133,0.26868228099999997
75,21,515.0,1.4082809472371787,0.267660797
75,21,516.0,1.4791338185656242,0.291932434
75,21,517.0,1.090340772211015,0.203748703
75,21,518.0,1.3495396363186651,0.249767975
75,21,519.0,1.2790841178973802,0.239785156
75,21,520.0,1.4080091550281775,0.26663348400000003
75,21,521.0,1.409578668584798,0.263343231
75,21,522.0,1.465346975721093,0.27090551799999996
75,21,523.0,1.3653293167047478,0.251330872
75,21,524.0,1.481340167019517,0.267949341
75,21,525.0,1.4686483653064752,0.27375653099999997
75,21,526.0,1.4000071357054507,0.247988876
75,21,527.0,1.2228314375962341,0.21779605100000002
75,21,528.0,1.4687455181260833,0.256796539
75,21,529.0,1.510223145847597,0.26904541
75,21,530.0,1.4271207412641929,0.254521027
75,21,531.0,1.5542419795292033,0.272196594
75,21,532.0,1.4831499836032016,0.265884735
75,21,533.0,1.3027627463289642,0.231083649
75,21,534.0,1.4168757069432074,0.251204575
75,21,535.0,1.4450183132846954,0.250441544
75,21,536.0,1.5334706815829084,0.25981753500000004
75,21,537.0,1.4231256817059195,0.24640547200000001
75,21,538.0,1.4895273060268517,0.249067566
75,21,539.0,1.4840654398050672,0.249925598
75,21,540.0,1.4525213353255608,0.249472733
75,21,541.0,1.3282748855047521,0.223863129
75,21,542.0,1.4831753294968837,0.250352066
75,21,543.0,1.420797655575689,0.236081757
75,21,544.0,1.4989731526376822,0.248016403
75,21,545.0,1.4752161103475199,0.248850754
75,21,546.0,1.4407223485130163,0.23136232
75,21,547.0,1.504543965633414,0.240664413
75,21,548.0,1.3987645977002876,0.23062997400000002
75,21,549.0,1.47219712849597,0.23424911499999998
75,21,550.0,1.4410257361557954,0.240591232
75,21,551.0,1.4338645359463371,0.226074142
75,21,552.0,1.4966315552495921,0.23581831399999997
75,21,553.0,1.4394828724927222,0.228922363
75,21,554.0,1.4877865917767796,0.236484039
75,21,555.0,1.4931675713698709,0.23737471
75,21,556.0,1.4524997565426017,0.22534510800000002
75,21,557.0,1.4097445760047214,0.215926208
75,21,558.0,1.4637840690971242,0.226044785
75,21,559.0,1.3841128745301556,0.215512253
75,21,560.0,1.3906688352761194,0.218613525
75,21,561.0,1.5290812151912447,0.23030012500000002
75,21,562.0,1.404702462510009,0.210626587
75,21,563.0,1.4701869788959128,0.219157837
75,21,564.0,1.4501828095815985,0.21982522599999998
75,21,565.0,1.4683429685379774,0.223963165
75,21,566.0,1.354677482722021,0.20082804899999998
75,21,567.0,1.454130702981774,0.21697108499999998
75,21,568.0,1.4545249939040652,0.214190506
75,21,569.0,1.4269010704127782,0.21177801500000001
75,21,570.0,1.4333405405040915,0.207938141
75,21,571.0,1.3783391301775787,0.198117035
75,21,572.0,1.4585613178136376,0.207712311
75,21,573.0,1.4749610769516048,0.212474716
75,21,574.0,1.464009506525722,0.210253983
75,21,575.0,1.4311917322516707,0.207558121
75,21,576.0,1.4045649822871533,0.201911179
75,21,577.0,1.4608559808658284,0.199992477
75,21,578.0,1.420044909579262,0.192843277
75,21,579.0,1.4095550903353784,0.198719193
75,21,580.0,1.4585317218463203,0.19937196399999998
75,21,581.0,1.4328688982416316,0.19936363199999999
75,21,582.0,1.4556666119788981,0.198552292
75,21,583.0,1.467950686741405,0.20293788100000001
75,21,584.0,1.4668591808984401,0.204462494
75,21,585.0,1.457699277309966,0.20220137
75,21,586.0,1.3965126189103605,0.184644028
75,21,587.0,1.4537125923286067,0.198555542
75,21,588.0,1.4489314236958664,0.194933151
75,21,589.0,1.2785789869865223,0.16728604100000002
75,21,590.0,1.3351430721148057,0.17809672499999998
75,21,591.0,1.416534937970951,0.18408322100000002
75,21,592.0,1.3769908232944368,0.180217636
75,21,593.0,1.41213344580275,0.184253281
75,21,594.0,1.4095886948948748,0.185778641
75,21,595.0,1.4039649395046043,0.177708221
75,21,596.0,1.4299065003249853,0.190008301
75,21,597.0,1.4387071374616294,0.184647705
75,21,598.0,1.404888528801927,0.18009320099999998
75,21,599.0,1.410465011782259,0.181778473
75,21,600.0,1.41041807744636,0.179544418
75,21,601.0,1.4033775020540882,0.181798294
75,21,602.0,1.3895311098823668,0.17660356100000002
75,21,603.0,1.3973240738785095,0.181070068
75,21,604.0,1.4415886390903236,0.185228622
75,21,605.0,1.4378151435980844,0.18466655
75,21,606.0,1.4222062169118752,0.18073007200000002
75,21,607.0,1.4151542049578205,0.178779541
75,21,608.0,1.4111932232626985,0.175462067
75,21,609.0,1.3968280226704186,0.17508242799999998
75,21,610.0,1.375287480714584,0.168618073
75,21,611.0,1.3980139767406783,0.17470143100000002
75,21,612.0,1.380854053295938,0.169573532
75,21,613.0,1.3613736476016707,0.166118149
75,21,614.0,1.312533781528473,0.161648987
75,21,615.0,1.375875739202052,0.173355698
75,21,616.0,1.3091181422363576,0.160468567
75,21,617.0,1.317003545334076,0.160222961
75,21,618.0,1.3793762737150401,0.165583725
75,21,619.0,1.3673826142114653,0.16166716
75,21,620.0,1.3880593480193666,0.160850998
75,21,621.0,1.4121652827179845,0.169031418
75,21,622.0,1.3376592895737722,0.162546967
75,21,623.0,1.3482716268494621,0.154976257
75,21,624.0,1.3496225320730773,0.156616837
75,21,625.0,1.3128733624119633,0.150546967
75,21,626.0,1.3199527293854185,0.15440759299999998
75,21,627.0,1.3465283142589175,0.158008087
75,21,628.0,1.33232735969414,0.150343842
75,21,629.0,1.3601585708677486,0.156260345
75,21,630.0,1.3177085359576515,0.148174408
75,21,631.0,1.3696042919082216,0.155810242
75,21,632.0,1.27850776927535,0.144886246
75,21,633.0,1.3677052237781877,0.152257004
75,21,634.0,1.3257886117464004,0.15088176
75,21,635.0,1.3504009716964835,0.152022278
75,21,636.0,1.3024426191916154,0.151033844
75,21,637.0,1.3469790828642716,0.14831758099999998
75,21,638.0,1.368234995456874,0.149107407
75,21,639.0,1.3577534252195471,0.15212943999999998
75,21,640.0,1.3156035903970025,0.14581016500000002
75,21,641.0,1.3337379301560446,0.14645585600000002
75,21,642.0,1.319059209359068,0.14698239100000002
75,21,643.0,1.3432705555431086,0.15111824
75,21,644.0,1.3291950554246499,0.148565033
75,21,645.0,1.3423480191049368,0.147904404
75,21,646.0,1.294139569085126,0.145963913
75,21,647.0,1.3073346181536643,0.135797256
75,21,648.0,1.2992028943109837,0.139329086
75,21,649.0,1.3315991482137004,0.14264859000000002
75,21,650.0,1.238783007150803,0.131620071
75,21,651.0,1.3364722826443618,0.141664719
75,21,652.0,1.3149434090725085,0.144489975
75,21,653.0,1.3356517383141877,0.141123138
75,21,654.0,1.319260595234591,0.140033524
75,21,655.0,1.2704314702565818,0.12834884600000002
75,21,656.0,1.0886303590541135,0.117272644
75,21,657.0,1.163087186573768,0.119664047
75,21,658.0,1.297703893339682,0.134299545
75,21,659.0,1.3021019757897163,0.137752701
75,21,660.0,1.3099503549505134,0.13881759600000002
75,21,661.0,1.31502936681179,0.130856674
75,21,662.0,1.3319798775373908,0.136224289
75,21,663.0,1.3174975970757066,0.13604780600000002
75,21,664.0,1.2971735324462417,0.13501855499999998
75,21,665.0,1.3026036873231492,0.13623085000000001
75,21,666.0,1.3184480777480332,0.138019119
75,21,667.0,1.2928747375118919,0.128895706
75,21,668.0,1.2997957506053852,0.13103886399999998
75,21,669.0,1.3188332889675574,0.133058151
75,21,670.0,1.3031246111212669,0.130407532
75,21,671.0,1.2899859238246925,0.129480164
75,21,672.0,1.285506375190469,0.130187576
75,21,673.0,1.2952799990711923,0.129756134
75,21,674.0,1.297664164810447,0.128108047
75,21,675.0,1.2784246416987397,0.12480877700000001
75,21,676.0,1.3023673928882642,0.129318283
75,21,677.0,1.2766151825076106,0.128870026
75,21,678.0,1.2982782424952521,0.128345566
75,21,679.0,1.2800579449969283,0.130732025
75,21,680.0,1.2712467019947116,0.125418915
75,21,681.0,1.2730009778433848,0.122178612
75,21,682.0,1.2715200203665182,0.121966949
75,21,683.0,1.2795641347367543,0.129118652
75,21,684.0,1.257907913503963,0.1184813
75,21,685.0,1.2724835893337914,0.11973185700000001
75,21,686.0,1.2211975450832913,0.119502342
75,21,687.0,0.8620903328872798,0.07340271
75,21,688.0,1.095266027999263,0.097700531
75,21,689.0,1.146984208145928,0.105143852
75,21,690.0,1.1784204283698962,0.102350594
75,21,691.0,1.1934232945556589,0.10989199100000001
75,21,692.0,1.210655961874377,0.112219887
75,21,693.0,1.1896482535820976,0.109929703
75,21,694.0,1.1702259773040564,0.10095554400000001
75,21,695.0,1.1852456988954878,0.10827709199999999
75,21,696.0,1.1918718148342153,0.10790091700000001
75,21,697.0,1.237565583217123,0.118567406
75,21,698.0,1.2146409951225734,0.108487381
75,21,699.0,1.2182180599387784,0.111526237
75,21,700.0,1.2050238319071924,0.110558151
75,21,701.0,1.163792167538085,0.10369744900000001
75,21,702.0,1.1622273773587548,0.101560364
75,21,703.0,1.1825896346953912,0.10537944
75,21,704.0,1.1910641269767888,0.105534424
75,21,705.0,1.2028266790671656,0.10431320200000001
75,21,706.0,1.1994261275364568,0.106204231
75,21,707.0,1.1863649074911509,0.103124268
75,21,708.0,1.223810103984172,0.107563507
75,21,709.0,1.1807402054935703,0.104515701
75,21,710.0,1.2073528046447328,0.105245644
75,21,711.0,1.199573286336092,0.1066884
75,21,712.0,1.1800530265422318,0.105209312
75,21,713.0,1.1785496595861955,0.10388320899999999
75,21,714.0,1.1970524710701922,0.10188119500000001
75,21,715.0,1.1417591096626833,0.0959355087
75,21,716.0,1.1772548843123463,0.103835228
75,21,717.0,1.0947350778910683,0.0864718704
75,21,718.0,0.9751603669661396,0.0750374451
75,21,719.0,0.9018109666448452,0.0724682007
75,21,720.0,0.989271702932754,0.07458158109999999
75,21,721.0,1.111567678051054,0.0921177292
75,21,722.0,1.1270793263472978,0.0929000015
75,21,723.0,1.1130672682371094,0.09179319
75,21,724.0,0.9902106311321984,0.0798272858
75,21,725.0,1.0080382797821354,0.0761259995
75,21,726.0,1.072761559683599,0.0857818375
75,21,727.0,1.0594353958434006,0.0821349945
75,21,728.0,0.9828934918573439,0.077083313
75,21,729.0,0.9710912112377319,0.0774129562
75,21,730.0,1.073217998273554,0.08797195429999999
75,21,731.0,1.0230875973408846,0.0797384644
75,21,732.0,1.0545521191915632,0.0784861374
75,21,733.0,1.089722212630376,0.0881120987
75,21,734.0,1.1454940550551955,0.0945529709
75,21,735.0,1.114096636071669,0.0874306946
75,21,736.0,1.1109354409607148,0.08855872340000001
75,21,737.0,1.124461937817286,0.09167711640000001
75,21,738.0,1.1284802278916815,0.0875749054
75,21,739.0,1.0919856279820863,0.0868358994
75,21,740.0,1.1122858728806746,0.09276389310000001
75,21,741.0,1.1084567207423246,0.0899546356
75,21,742.0,1.0917959104905448,0.088797142
75,21,743.0,1.1233755127441671,0.0915952606
75,21,744.0,1.135313399690532,0.0898116531
75,21,745.0,1.107506240069998,0.0921343613
75,21,746.0,1.1238763935813894,0.09071371460000001
75,21,747.0,1.1412612908103306,0.0925518112
75,21,748.0,1.1203946076886897,0.09069908139999999
75,21,749.0,1.120732063535362,0.08860242460000001
75,21,750.0,1.1047639863084215,0.08842088320000001
75,21,751.0,1.1019134908987511,0.08712738040000001
75,21,752.0,1.1195753576991225,0.0891274719
75,21,753.0,1.1091013410017572,0.09259238430000001
75,21,754.0,1.126539296536336,0.0829038315
75,21,755.0,1.1201860160065025,0.0891668243
75,21,756.0,1.0983024737897522,0.086217041
75,21,757.0,1.106894992547864,0.0884076843
75,21,758.0,1.1069749325692475,0.081980751
75,21,759.0,1.0741170627141474,0.0817410965
75,21,760.0,0.3454649868002669,0.019864364599999997
75,21,761.0,0.2557920330931443,0.0149213667
75,21,762.0,0.6938118335877095,0.047414135
75,21,763.0,0.5931971348522092,0.037121696499999995
75,21,764.0,0.6579313799436528,0.042431263000000004
75,21,765.0,0.8141766621792843,0.0586712761
75,21,766.0,0.8985249681215791,0.0654652328
75,21,767.0,0.9568738678094596,0.0718249359
75,21,768.0,1.0571429737391271,0.0808832703
75,21,769.0,1.0674337639665037,0.0806717453
75,21,770.0,1.058827683609791,0.0789319916
75,21,771.0,1.0672699815833981,0.0829086761
75,21,772.0,1.0662377932454254,0.0805367813
75,21,773.0,1.0618239179081315,0.08045175930000001
75,21,774.0,1.0727534265881422,0.0795734177
75,21,775.0,1.0324076321128408,0.0761808548
75,21,776.0,1.0750414827076809,0.08072448730000001
75,21,777.0,1.0679597588752094,0.0804813156
75,21,778.0,1.0625260687097777,0.08102150729999999
75,21,779.0,1.0662804775076893,0.0778405609
75,21,780.0,1.0533481312861266,0.0803157425
75,21,781.0,1.051860325395152,0.08159110259999999
75,21,782.0,1.0647910198835515,0.0780511398
75,21,783.0,1.0403222737853213,0.0738412933
75,21,784.0,1.0456575071312795,0.0745232544
75,21,785.0,1.0487272000887093,0.0787803345
75,21,786.0,1.0289939922871856,0.0731445541
75,21,787.0,1.0438678590788475,0.07573773959999999
75,21,788.0,1.0228612133049773,0.07225876619999999
75,21,789.0,1.0335911037537266,0.0752842026
75,21,790.0,1.0103074810295452,0.0728502274
75,21,791.0,1.0078657750888187,0.0728853683
75,21,792.0,0.9955152059924303,0.07153568269999999
75,21,793.0,0.9972093432991583,0.0727879181
75,21,794.0,0.9978317955608775,0.074099411
75,21,795.0,0.9882765385317032,0.0705391769
75,21,796.0,0.9801907444620627,0.0655712204
75,21,797.0,1.0063884688115758,0.0686904297
75,21,798.0,1.0074662971448403,0.0723877106
75,21,799.0,1.0114297516100774,0.06968029020000001
75,21,800.0,0.9755375706605639,0.07082456969999999
75,21,801.0,0.987595068201998,0.06788494110000001
75,21,802.0,0.9933304363214963,0.0697682953
75,21,803.0,0.977788902280187,0.065080574
75,21,804.0,0.9855151884165412,0.0651269073
75,21,805.0,0.9607414029423688,0.0664530411
75,21,806.0,0.9971839974054766,0.0664229202
75,21,807.0,0.9854158429453074,0.06710302729999999
75,21,808.0,0.9864213330934412,0.0692497177
75,21,809.0,0.9609607173671535,0.068335907
75,21,810.0,0.9517215759853714,0.0644754257
75,21,811.0,0.9666506280513408,0.06745881649999999
75,21,812.0,0.9529084670036826,0.0611127396
75,21,813.0,0.924489884062514,0.061784236900000004
75,21,814.0,0.8885419856135626,0.0579968948
75,21,815.0,0.8420164198646041,0.0522510338
75,21,816.0,0.8689443735136074,0.054761966700000005
75,21,817.0,0.7383664595636774,0.0450032043
75,21,818.0,0.8371349108570287,0.050717144
75,21,819.0,0.8378258095887243,0.054202507
75,21,820.0,0.78797409660953,0.049274604799999996
75,21,821.0,0.9294768654088393,0.0627098503
75,21,822.0,0.8843542035685023,0.0578729744
75,21,823.0,0.686319836624225,0.0420660744
75,21,824.0,0.8842124752038626,0.0544340401
75,21,825.0,0.9136436169383616,0.057927593199999995
75,21,826.0,0.886669973065923,0.0569593582
75,21,827.0,0.9167031097190661,0.060423637399999994
75,21,828.0,0.8327096569135011,0.048639835400000005
75,21,829.0,0.8948446158908432,0.0537815056
75,21,830.0,0.8692600796084493,0.0538681984
75,42,360.0,0.5505982372493193,0.367940277
75,42,361.0,0.4396235947587607,0.29036004600000004
75,42,362.0,0.4870732858938758,0.313310608
75,42,363.0,0.5229385880254211,0.33559835800000004
75,42,364.0,0.5271032593291618,0.337064697
75,42,365.0,0.4980444201814442,0.31773580900000004
75,42,366.0,0.6898311035390691,0.43045813
75,42,367.0,0.6227878098621039,0.38659722900000004
75,42,368.0,0.5923714044662735,0.36451712
75,42,369.0,0.5740126241140864,0.348164978
75,42,370.0,0.6657613099211678,0.396763824
75,42,371.0,0.5362968872519348,0.317518219
75,42,372.0,0.5688677602596024,0.337023224
75,42,373.0,0.5716680255944541,0.330306396
75,42,374.0,0.4462762437140104,0.254404694
75,42,375.0,0.41149038590963694,0.231408371
75,42,376.0,0.592782737217918,0.336849091
75,42,377.0,0.6110636967899842,0.337984192
75,42,378.0,0.795152687347565,0.438420898
75,42,379.0,0.6159482136905826,0.326517853
75,42,380.0,0.5800435288312478,0.305573578
75,42,381.0,0.6541184959280694,0.346848114
75,42,382.0,0.4916502317269413,0.258036926
75,42,383.0,0.34471805084768486,0.181410492
75,42,384.0,0.3807824457468417,0.195228943
75,42,385.0,0.5757327071544347,0.287832367
75,42,386.0,0.4483687191722421,0.232848816
75,42,387.0,0.5166936747140388,0.257773071
75,42,388.0,0.5130652042912845,0.25678662100000005
75,42,389.0,0.5859223292085433,0.286230286
75,42,390.0,0.7126370112251202,0.349801239
75,42,391.0,0.7988320958687686,0.38322818000000003
75,42,392.0,0.7109132132340441,0.33784634399999997
75,42,393.0,0.38243290388770534,0.176941925
75,42,394.0,0.42391341586373626,0.199485062
75,42,395.0,0.7127051640536457,0.322297791
75,42,396.0,0.7355107172449187,0.334285583
75,42,397.0,0.2999186428465962,0.139041809
75,42,398.0,0.839848511394894,0.375084442
75,42,399.0,1.008612503367348,0.446593933
75,42,400.0,0.9925354793664606,0.43580722
75,42,401.0,0.9877925710556993,0.42520239299999996
75,42,402.0,1.0477652828545994,0.447532227
75,42,403.0,0.9823659611265744,0.420907471
75,42,404.0,1.055529829312933,0.445240784
75,42,405.0,0.968852021305745,0.402051453
75,42,406.0,0.9619104900158496,0.403113129
75,42,407.0,0.9383220075779297,0.387426544
75,42,408.0,1.0159699120899004,0.40832574499999996
75,42,409.0,1.125068713102844,0.451169159
75,42,410.0,0.941016035560777,0.37899008199999995
75,42,411.0,1.1061357651891426,0.436360443
75,42,412.0,1.1471757029409897,0.460172791
75,42,413.0,1.0830331279870329,0.42311437999999996
75,42,414.0,1.0643834088441158,0.408500641
75,42,415.0,1.1354106684212393,0.42978814699999995
75,42,416.0,1.129621836307256,0.433534027
75,42,417.0,1.094682956533482,0.41238137799999997
75,42,418.0,1.0708738122042494,0.400683868
75,42,419.0,1.0983714505530076,0.40344177200000003
75,42,420.0,0.9296273788688691,0.351128357
75,42,421.0,1.1650698555840668,0.421535645
75,42,422.0,1.1160677429498276,0.40872091699999996
75,42,423.0,0.9431446211900987,0.337548126
75,42,424.0,1.0374411295491828,0.366947968
75,42,425.0,1.0757094493943344,0.372530975
75,42,426.0,1.0341200447362027,0.363832184
75,42,427.0,0.9950052357931823,0.344464508
75,42,428.0,1.0075858594436184,0.34321545400000003
75,42,429.0,0.9173462540438359,0.313499146
75,42,430.0,0.732339681281646,0.249939529
75,42,431.0,0.6577148956815391,0.220625992
75,42,432.0,1.1855404801391547,0.39070401
75,42,433.0,1.0557891224417417,0.348632629
75,42,434.0,1.0030372084757821,0.32718130500000003
75,42,435.0,1.0911405684544406,0.351129547
75,42,436.0,1.2106395701131047,0.386330322
75,42,437.0,1.224321600346225,0.38948141500000005
75,42,438.0,1.0964713102453065,0.346309174
75,42,439.0,1.059962453270515,0.336865173
75,42,440.0,1.188819460245367,0.36510864299999995
75,42,441.0,1.1851892212124249,0.37157595800000004
75,42,442.0,1.2493876749754325,0.383381561
75,42,443.0,1.2572217970710333,0.374650574
75,42,444.0,1.249790466044995,0.38477520800000004
75,42,445.0,1.3130262974480396,0.395599518
75,42,446.0,1.1697497372346628,0.343247284
75,42,447.0,1.33562403556149,0.393356384
75,42,448.0,1.3560294504640447,0.39528961199999996
75,42,449.0,1.3668629847539548,0.392684265
75,42,450.0,1.3979400447779342,0.409627106
75,42,451.0,1.5105696813970366,0.432078827
75,42,452.0,1.4036463385300613,0.409091431
75,42,453.0,1.3034906100761063,0.366631622
75,42,454.0,1.3914734611486768,0.39450103799999997
75,42,455.0,1.4004118103303747,0.39353384399999997
75,42,456.0,1.4347303532199893,0.395941406
75,42,457.0,1.4434050626066601,0.398974487
75,42,458.0,1.4183568962422721,0.384119751
75,42,459.0,1.4183921525349317,0.379897186
75,42,460.0,1.4058076458626743,0.377585114
75,42,461.0,1.457369597166195,0.39286788899999997
75,42,462.0,1.4351983442828264,0.385494598
75,42,463.0,1.4341423362139778,0.375495117
75,42,464.0,1.4395275562214465,0.37392837500000004
75,42,465.0,1.4181024520611112,0.364581299
75,42,466.0,1.4648996168339055,0.38343658399999997
75,42,467.0,1.4123400283592185,0.357964905
75,42,468.0,1.4955705919812545,0.386680511
75,42,469.0,1.4823312069172896,0.380165894
75,42,470.0,1.4625260762787404,0.36961114500000003
75,42,471.0,1.4612849485252832,0.361960175
75,42,472.0,1.47888456140615,0.367693939
75,42,473.0,1.4623862295376102,0.366775085
75,42,474.0,1.4721009126244131,0.359212677
75,42,475.0,1.531126968817259,0.376567963
75,42,476.0,1.4855005351237014,0.360731079
75,42,477.0,1.47304750061566,0.349235077
75,42,478.0,1.5443608191262392,0.37387512199999995
75,42,479.0,1.4728100277512668,0.342100739
75,42,480.0,1.5011904643497036,0.35443704200000004
75,42,481.0,1.493667157866486,0.352716858
75,42,482.0,1.525717929078914,0.359023193
75,42,483.0,1.5281404034364392,0.35067742900000004
75,42,484.0,1.4688082453492428,0.341876129
75,42,485.0,1.478690477929874,0.33919552599999997
75,42,486.0,1.197954017940159,0.279028168
75,42,487.0,1.347081780098123,0.30441745
75,42,488.0,1.4620016075328401,0.33384567299999995
75,42,489.0,1.3582203537639752,0.307590576
75,42,490.0,1.5470482372786571,0.341737701
75,42,491.0,1.447571206947286,0.319542145
75,42,492.0,1.3913556664941609,0.30900973499999995
75,42,493.0,1.4988011212480201,0.324731934
75,42,494.0,1.4477972432498958,0.315485046
75,42,495.0,1.547477195278854,0.331496521
75,42,496.0,1.5074962213288836,0.31754211400000004
75,42,497.0,1.463288365622331,0.309520081
75,42,498.0,1.42911626674724,0.305900452
75,42,499.0,1.4266142001016286,0.299792999
75,42,500.0,1.420846821200247,0.307142883
75,42,501.0,1.38842888226273,0.290378479
75,42,502.0,1.3772350093433228,0.28584622200000004
75,42,503.0,1.4571099563040888,0.301428314
75,42,504.0,1.3499641124230277,0.27212793
75,42,505.0,1.4639102286692962,0.29536734000000003
75,42,506.0,1.5659065481037613,0.313106903
75,42,507.0,1.454961853177521,0.288374207
75,42,508.0,1.3993963614869718,0.27784445199999996
75,42,509.0,1.5096157813472848,0.292156372
75,42,510.0,1.4643890670791622,0.28579931599999997
75,42,511.0,1.464980503462599,0.290023193
75,42,512.0,1.53739440751891,0.301168335
75,42,513.0,1.4087203951918488,0.277295105
75,42,514.0,1.3787526430238133,0.266430023
75,42,515.0,1.4082809472371787,0.272361267
75,42,516.0,1.4791338185656242,0.279111847
75,42,517.0,1.090340772211015,0.206709915
75,42,518.0,1.3495396363186651,0.256856964
75,42,519.0,1.2790841178973802,0.245688644
75,42,520.0,1.4080091550281775,0.262968811
75,42,521.0,1.409578668584798,0.267062897
75,42,522.0,1.465346975721093,0.271514954
75,42,523.0,1.3653293167047478,0.256907318
75,42,524.0,1.481340167019517,0.272747894
75,42,525.0,1.4686483653064752,0.26722247299999996
75,42,526.0,1.4000071357054507,0.25624057
75,42,527.0,1.2228314375962341,0.218684677
75,42,528.0,1.4687455181260833,0.266296906
75,42,529.0,1.510223145847597,0.26931039399999995
75,42,530.0,1.4271207412641929,0.256214386
75,42,531.0,1.5542419795292033,0.27938482699999995
75,42,532.0,1.4831499836032016,0.260321014
75,42,533.0,1.3027627463289642,0.231829575
75,42,534.0,1.4168757069432074,0.251551056
75,42,535.0,1.4450183132846954,0.24800334200000002
75,42,536.0,1.5334706815829084,0.265549469
75,42,537.0,1.4231256817059195,0.24015090900000002
75,42,538.0,1.4895273060268517,0.251976181
75,42,539.0,1.4840654398050672,0.257537506
75,42,540.0,1.4525213353255608,0.246254425
75,42,541.0,1.3282748855047521,0.219917389
75,42,542.0,1.4831753294968837,0.24169569400000002
75,42,543.0,1.420797655575689,0.231981476
75,42,544.0,1.4989731526376822,0.247337616
75,42,545.0,1.4752161103475199,0.241994965
75,42,546.0,1.4407223485130163,0.238757156
75,42,547.0,1.504543965633414,0.24551513700000002
75,42,548.0,1.3987645977002876,0.224557663
75,42,549.0,1.47219712849597,0.241031372
75,42,550.0,1.4410257361557954,0.226791245
75,42,551.0,1.4338645359463371,0.225693619
75,42,552.0,1.4966315552495921,0.241764694
75,42,553.0,1.4394828724927222,0.228410385
75,42,554.0,1.4877865917767796,0.234606232
75,42,555.0,1.4931675713698709,0.23695082099999998
75,42,556.0,1.4524997565426017,0.229956726
75,42,557.0,1.4097445760047214,0.221794266
75,42,558.0,1.4637840690971242,0.230846619
75,42,559.0,1.3841128745301556,0.213187088
75,42,560.0,1.3906688352761194,0.211959198
75,42,561.0,1.5290812151912447,0.234169281
75,42,562.0,1.404702462510009,0.217037384
75,42,563.0,1.4701869788959128,0.21542756700000001
75,42,564.0,1.4501828095815985,0.21647332800000002
75,42,565.0,1.4683429685379774,0.215840103
75,42,566.0,1.354677482722021,0.204948364
75,42,567.0,1.454130702981774,0.217783798
75,42,568.0,1.4545249939040652,0.215391693
75,42,569.0,1.4269010704127782,0.2029366
75,42,570.0,1.4333405405040915,0.209415436
75,42,571.0,1.3783391301775787,0.196911499
75,42,572.0,1.4585613178136376,0.21025131200000002
75,42,573.0,1.4749610769516048,0.21572430399999998
75,42,574.0,1.464009506525722,0.207839355
75,42,575.0,1.4311917322516707,0.19516272
75,42,576.0,1.4045649822871533,0.195449844
75,42,577.0,1.4608559808658284,0.206178894
75,42,578.0,1.420044909579262,0.202573578
75,42,579.0,1.4095550903353784,0.19248590100000001
75,42,580.0,1.4585317218463203,0.199590271
75,42,581.0,1.4328688982416316,0.19846539300000002
75,42,582.0,1.4556666119788981,0.20419293200000002
75,42,583.0,1.467950686741405,0.20270932
75,42,584.0,1.4668591808984401,0.205325272
75,42,585.0,1.457699277309966,0.204237045
75,42,586.0,1.3965126189103605,0.190964783
75,42,587.0,1.4537125923286067,0.19440396100000001
75,42,588.0,1.4489314236958664,0.193742706
75,42,589.0,1.2785789869865223,0.167261826
75,42,590.0,1.3351430721148057,0.17442259200000002
75,42,591.0,1.416534937970951,0.185084091
75,42,592.0,1.3769908232944368,0.179922256
75,42,593.0,1.41213344580275,0.182671967
75,42,594.0,1.4095886948948748,0.180739471
75,42,595.0,1.4039649395046043,0.18401731899999998
75,42,596.0,1.4299065003249853,0.182254639
75,42,597.0,1.4387071374616294,0.189760666
75,42,598.0,1.404888528801927,0.183408447
75,42,599.0,1.410465011782259,0.18086956799999998
75,42,600.0,1.41041807744636,0.17607901
75,42,601.0,1.4033775020540882,0.18765267900000002
75,42,602.0,1.3895311098823668,0.17803919999999998
75,42,603.0,1.3973240738785095,0.188014252
75,42,604.0,1.4415886390903236,0.181375961
75,42,605.0,1.4378151435980844,0.186715607
75,42,606.0,1.4222062169118752,0.177903595
75,42,607.0,1.4151542049578205,0.17838494900000001
75,42,608.0,1.4111932232626985,0.17936561599999998
75,42,609.0,1.3968280226704186,0.17756428500000002
75,42,610.0,1.375287480714584,0.17216864
75,42,611.0,1.3980139767406783,0.170479858
75,42,612.0,1.380854053295938,0.168989975
75,42,613.0,1.3613736476016707,0.173271866
75,42,614.0,1.312533781528473,0.165237991
75,42,615.0,1.375875739202052,0.16460455300000001
75,42,616.0,1.3091181422363576,0.159697128
75,42,617.0,1.317003545334076,0.16201384
75,42,618.0,1.3793762737150401,0.164053482
75,42,619.0,1.3673826142114653,0.169848236
75,42,620.0,1.3880593480193666,0.161255951
75,42,621.0,1.4121652827179845,0.165962479
75,42,622.0,1.3376592895737722,0.156421219
75,42,623.0,1.3482716268494621,0.157655624
75,42,624.0,1.3496225320730773,0.158309219
75,42,625.0,1.3128733624119633,0.155641312
75,42,626.0,1.3199527293854185,0.155124832
75,42,627.0,1.3465283142589175,0.15750058
75,42,628.0,1.33232735969414,0.1534375
75,42,629.0,1.3601585708677486,0.156342865
75,42,630.0,1.3177085359576515,0.14846263099999998
75,42,631.0,1.3696042919082216,0.157093964
75,42,632.0,1.27850776927535,0.145097351
75,42,633.0,1.3677052237781877,0.156894714
75,42,634.0,1.3257886117464004,0.150882858
75,42,635.0,1.3504009716964835,0.15031369
75,42,636.0,1.3024426191916154,0.145385452
75,42,637.0,1.3469790828642716,0.15476265
75,42,638.0,1.368234995456874,0.14793641700000001
75,42,639.0,1.3577534252195471,0.150938431
75,42,640.0,1.3156035903970025,0.147448456
75,42,641.0,1.3337379301560446,0.144761475
75,42,642.0,1.319059209359068,0.14956517
75,42,643.0,1.3432705555431086,0.148288422
75,42,644.0,1.3291950554246499,0.14301944
75,42,645.0,1.3423480191049368,0.149422302
75,42,646.0,1.294139569085126,0.136726212
75,42,647.0,1.3073346181536643,0.13918582200000001
75,42,648.0,1.2992028943109837,0.140475922
75,42,649.0,1.3315991482137004,0.133420593
75,42,650.0,1.238783007150803,0.137864105
75,42,651.0,1.3364722826443618,0.14446134900000002
75,42,652.0,1.3149434090725085,0.136913651
75,42,653.0,1.3356517383141877,0.14183139
75,42,654.0,1.319260595234591,0.13770271299999998
75,42,655.0,1.2704314702565818,0.132092728
75,42,656.0,1.0886303590541135,0.113650848
75,42,657.0,1.163087186573768,0.123281372
75,42,658.0,1.297703893339682,0.132328979
75,42,659.0,1.3021019757897163,0.13501849400000002
75,42,660.0,1.3099503549505134,0.14249899300000002
75,42,661.0,1.31502936681179,0.136056671
75,42,662.0,1.3319798775373908,0.14002330000000002
75,42,663.0,1.3174975970757066,0.13544442699999998
75,42,664.0,1.2971735324462417,0.131624924
75,42,665.0,1.3026036873231492,0.139913376
75,42,666.0,1.3184480777480332,0.13329063400000002
75,42,667.0,1.2928747375118919,0.12733182499999998
75,42,668.0,1.2997957506053852,0.13265535
75,42,669.0,1.3188332889675574,0.135076523
75,42,670.0,1.3031246111212669,0.13279512
75,42,671.0,1.2899859238246925,0.13124762
75,42,672.0,1.285506375190469,0.133188446
75,42,673.0,1.2952799990711923,0.12934652700000002
75,42,674.0,1.297664164810447,0.13089936800000002
75,42,675.0,1.2784246416987397,0.12816493199999998
75,42,676.0,1.3023673928882642,0.126825684
75,42,677.0,1.2766151825076106,0.12317942
75,42,678.0,1.2982782424952521,0.122931122
75,42,679.0,1.2800579449969283,0.12098452
75,42,680.0,1.2712467019947116,0.127637085
75,42,681.0,1.2730009778433848,0.125933403
75,42,682.0,1.2715200203665182,0.127782448
75,42,683.0,1.2795641347367543,0.12210660599999999
75,42,684.0,1.257907913503963,0.121115135
75,42,685.0,1.2724835893337914,0.121191811
75,42,686.0,1.2211975450832913,0.119249748
75,42,687.0,0.8620903328872798,0.07495146180000001
75,42,688.0,1.095266027999263,0.0960877991
75,42,689.0,1.146984208145928,0.103709808
75,42,690.0,1.1784204283698962,0.10760773500000001
75,42,691.0,1.1934232945556589,0.109602165
75,42,692.0,1.210655961874377,0.111368378
75,42,693.0,1.1896482535820976,0.11186442599999999
75,42,694.0,1.1702259773040564,0.103515778
75,42,695.0,1.1852456988954878,0.109629021
75,42,696.0,1.1918718148342153,0.104323669
75,42,697.0,1.237565583217123,0.115838173
75,42,698.0,1.2146409951225734,0.112357559
75,42,699.0,1.2182180599387784,0.110101189
75,42,700.0,1.2050238319071924,0.10592617
75,42,701.0,1.163792167538085,0.10278770400000001
75,42,702.0,1.1622273773587548,0.102039581
75,42,703.0,1.1825896346953912,0.102100037
75,42,704.0,1.1910641269767888,0.107930084
75,42,705.0,1.2028266790671656,0.106750015
75,42,706.0,1.1994261275364568,0.106892029
75,42,707.0,1.1863649074911509,0.10286276200000001
75,42,708.0,1.223810103984172,0.109889053
75,42,709.0,1.1807402054935703,0.104258087
75,42,710.0,1.2073528046447328,0.103914978
75,42,711.0,1.199573286336092,0.105297142
75,42,712.0,1.1800530265422318,0.099692627
75,42,713.0,1.1785496595861955,0.105051643
75,42,714.0,1.1970524710701922,0.10791257500000001
75,42,715.0,1.1417591096626833,0.10120386499999999
75,42,716.0,1.1772548843123463,0.107189674
75,42,717.0,1.0947350778910683,0.0863293533
75,42,718.0,0.9751603669661396,0.0789580688
75,42,719.0,0.9018109666448452,0.072734314
75,42,720.0,0.989271702932754,0.0742094879
75,42,721.0,1.111567678051054,0.09150801850000001
75,42,722.0,1.1270793263472978,0.09316409299999999
75,42,723.0,1.1130672682371094,0.089526886
75,42,724.0,0.9902106311321984,0.0783348694
75,42,725.0,1.0080382797821354,0.07869231410000001
75,42,726.0,1.072761559683599,0.08883133700000001
75,42,727.0,1.0594353958434006,0.0879558487
75,42,728.0,0.9828934918573439,0.07638660430000001
75,42,729.0,0.9710912112377319,0.0769566269
75,42,730.0,1.073217998273554,0.08425254820000001
75,42,731.0,1.0230875973408846,0.07881146239999999
75,42,732.0,1.0545521191915632,0.080274559
75,42,733.0,1.089722212630376,0.0884939346
75,42,734.0,1.1454940550551955,0.0934371872
75,42,735.0,1.114096636071669,0.08787095639999999
75,42,736.0,1.1109354409607148,0.0942113953
75,42,737.0,1.124461937817286,0.08817836
75,42,738.0,1.1284802278916815,0.0894265213
75,42,739.0,1.0919856279820863,0.0854905624
75,42,740.0,1.1122858728806746,0.08867118069999999
75,42,741.0,1.1084567207423246,0.0878308945
75,42,742.0,1.0917959104905448,0.092859375
75,42,743.0,1.1233755127441671,0.0922573624
75,42,744.0,1.135313399690532,0.0904987488
75,42,745.0,1.107506240069998,0.0906705475
75,42,746.0,1.1238763935813894,0.09224221040000001
75,42,747.0,1.1412612908103306,0.0901920395
75,42,748.0,1.1203946076886897,0.0919236755
75,42,749.0,1.120732063535362,0.0883082275
75,42,750.0,1.1047639863084215,0.08399656679999999
75,42,751.0,1.1019134908987511,0.0904417572
75,42,752.0,1.1195753576991225,0.0915007935
75,42,753.0,1.1091013410017572,0.08966017150000001
75,42,754.0,1.126539296536336,0.08978157040000001
75,42,755.0,1.1201860160065025,0.094416832
75,42,756.0,1.0983024737897522,0.0824428177
75,42,757.0,1.106894992547864,0.0873283539
75,42,758.0,1.1069749325692475,0.0879931107
75,42,759.0,1.0741170627141474,0.084559967
75,42,760.0,0.3454649868002669,0.0189534435
75,42,761.0,0.2557920330931443,0.013045399700000002
75,42,762.0,0.6938118335877095,0.0491059608
75,42,763.0,0.5931971348522092,0.0378068466
75,42,764.0,0.6579313799436528,0.0436686478
75,42,765.0,0.8141766621792843,0.057818401299999996
75,42,766.0,0.8985249681215791,0.0636459808
75,42,767.0,0.9568738678094596,0.068144783
75,42,768.0,1.0571429737391271,0.0812943649
75,42,769.0,1.0674337639665037,0.0799370651
75,42,770.0,1.058827683609791,0.08054006200000001
75,42,771.0,1.0672699815833981,0.07749021910000001
75,42,772.0,1.0662377932454254,0.0861554108
75,42,773.0,1.0618239179081315,0.08107159420000001
75,42,774.0,1.0727534265881422,0.0809018936
75,42,775.0,1.0324076321128408,0.0772716599
75,42,776.0,1.0750414827076809,0.0798206635
75,42,777.0,1.0679597588752094,0.07846334840000001
75,42,778.0,1.0625260687097777,0.07997061159999999
75,42,779.0,1.0662804775076893,0.0816552505
75,42,780.0,1.0533481312861266,0.0727672882
75,42,781.0,1.051860325395152,0.07654750060000001
75,42,782.0,1.0647910198835515,0.0787522812
75,42,783.0,1.0403222737853213,0.07720401
75,42,784.0,1.0456575071312795,0.0768178711
75,42,785.0,1.0487272000887093,0.0777092514
75,42,786.0,1.0289939922871856,0.0733385849
75,42,787.0,1.0438678590788475,0.07259519960000001
75,42,788.0,1.0228612133049773,0.07380409240000001
75,42,789.0,1.0335911037537266,0.0759165268
75,42,790.0,1.0103074810295452,0.0746668015
75,42,791.0,1.0078657750888187,0.07580302430000001
75,42,792.0,0.9955152059924303,0.070044342
75,42,793.0,0.9972093432991583,0.07124768829999999
75,42,794.0,0.9978317955608775,0.07633561709999999
75,42,795.0,0.9882765385317032,0.0685560303
75,42,796.0,0.9801907444620627,0.0674863358
75,42,797.0,1.0063884688115758,0.06979797360000001
75,42,798.0,1.0074662971448403,0.071946785
75,42,799.0,1.0114297516100774,0.07070360569999999
75,42,800.0,0.9755375706605639,0.0674239197
75,42,801.0,0.987595068201998,0.0695142441
75,42,802.0,0.9933304363214963,0.0686797409
75,42,803.0,0.977788902280187,0.0638036766
75,42,804.0,0.9855151884165412,0.0655369492
75,42,805.0,0.9607414029423688,0.06947448730000001
75,42,806.0,0.9971839974054766,0.0716518555
75,42,807.0,0.9854158429453074,0.06938447569999999
75,42,808.0,0.9864213330934412,0.0672119751
75,42,809.0,0.9609607173671535,0.0621226234
75,42,810.0,0.9517215759853714,0.0622946548
75,42,811.0,0.9666506280513408,0.0669467316
75,42,812.0,0.9529084670036826,0.0674014282
75,42,813.0,0.924489884062514,0.0585422745
75,42,814.0,0.8885419856135626,0.0539574013
75,42,815.0,0.8420164198646041,0.0532579384
75,42,816.0,0.8689443735136074,0.0505961494
75,42,817.0,0.7383664595636774,0.044519821200000004
75,42,818.0,0.8371349108570287,0.0536644707
75,42,819.0,0.8378258095887243,0.0522000999
75,42,820.0,0.78797409660953,0.047986640899999995
75,42,821.0,0.9294768654088393,0.0612787552
75,42,822.0,0.8843542035685023,0.0562624397
75,42,823.0,0.686319836624225,0.0415599823
75,42,824.0,0.8842124752038626,0.053132835399999995
75,42,825.0,0.9136436169383616,0.0593406219
75,42,826.0,0.886669973065923,0.0568358994
75,42,827.0,0.9167031097190661,0.0615737877
75,42,828.0,0.8327096569135011,0.0505154648
75,42,829.0,0.8948446158908432,0.0612590141
75,42,830.0,0.8692600796084493,0.0543196793
90,21,360.0,0.58451532,0.378829102
90,21,361.0,0.466601135,0.296465271
90,21,362.0,0.5167896120000001,0.325523071
90,21,363.0,0.5546837769999999,0.345615845
90,21,364.0,0.558944946,0.34502615400000003
90,21,365.0,0.528004578,0.321479919
90,21,366.0,0.7311470339999999,0.44505423
90,21,367.0,0.659934814,0.389982422
90,21,368.0,0.6275646970000001,0.369139771
90,21,369.0,0.608004089,0.352849152
90,21,370.0,0.705031372,0.406389862
90,21,371.0,0.567802246,0.327126984
90,21,372.0,0.602167908,0.340196686
90,21,373.0,0.604996094,0.329261017
90,21,374.0,0.472192169,0.26027706899999997
90,21,375.0,0.435311218,0.239728775
90,21,376.0,0.626981262,0.34750930799999996
90,21,377.0,0.646188843,0.334454224
90,21,378.0,0.840734192,0.433576965
90,21,379.0,0.6511494139999999,0.33409561200000004
90,21,380.0,0.613091003,0.31002362099999997
90,21,381.0,0.69126532,0.353399719
90,21,382.0,0.519447083,0.26034832799999996
90,21,383.0,0.364120117,0.180510956
90,21,384.0,0.402146881,0.196175293
90,21,385.0,0.60790979,0.29519500699999995
90,21,386.0,0.473351074,0.225686554
90,21,387.0,0.545378601,0.262965271
90,21,388.0,0.541467285,0.260093628
90,21,389.0,0.618264099,0.291991791
90,21,390.0,0.751831787,0.353219727
90,21,391.0,0.842639404,0.393331879
90,21,392.0,0.74979834,0.350480835
90,21,393.0,0.403268616,0.17733464100000002
90,21,394.0,0.44694372600000004,0.20302858000000001
90,21,395.0,0.7513178709999999,0.329670319
90,21,396.0,0.775219238,0.336562073
90,21,397.0,0.31606149299999997,0.131664825
90,21,398.0,0.8849463500000001,0.37764245599999996
90,21,399.0,1.06261853,0.45440875199999997
90,21,400.0,1.0455279499999999,0.44640982100000004
90,21,401.0,1.0403656000000001,0.43928515599999995
90,21,402.0,1.10336987,0.460150513
90,21,403.0,1.0343430200000001,0.425908234
90,21,404.0,1.11125464,0.449085968
90,21,405.0,1.01985297,0.412280853
90,21,406.0,1.0124174799999999,0.406103638
90,21,407.0,0.987425354,0.389597748
90,21,408.0,1.06903589,0.430035034
90,21,409.0,1.1836818800000002,0.461858154
90,21,410.0,0.9899156490000001,0.38354736300000003
90,21,411.0,1.16344739,0.443628693
90,21,412.0,1.20644397,0.45728866599999995
90,21,413.0,1.13888525,0.43139089999999997
90,21,414.0,1.11910876,0.41486969
90,21,415.0,1.19364771,0.44242330900000004
90,21,416.0,1.18739124,0.429328766
90,21,417.0,1.1505614,0.41888742100000004
90,21,418.0,1.12541748,0.406487061
90,21,419.0,1.15415088,0.40930697600000004
90,21,420.0,0.976738464,0.347170044
90,21,421.0,1.22397388,0.422545258
90,21,422.0,1.17238525,0.411257751
90,21,423.0,0.990615479,0.340069397
90,21,424.0,1.08954749,0.37472384599999997
90,21,425.0,1.1295831299999999,0.383893951
90,21,426.0,1.08580347,0.36762432899999997
90,21,427.0,1.04462305,0.34780413800000004
90,21,428.0,1.0577293700000001,0.34614685100000003
90,21,429.0,0.96288562,0.317265747
90,21,430.0,0.768613342,0.255931808
90,21,431.0,0.69025531,0.22710118099999999
90,21,432.0,1.24402478,0.399224609
90,21,433.0,1.10775684,0.353610291
90,21,434.0,1.05233167,0.328389343
90,21,435.0,1.14467029,0.35629858400000003
90,21,436.0,1.26989685,0.396083435
90,21,437.0,1.28406848,0.391642883
90,21,438.0,1.1498927,0.35465490699999996
90,21,439.0,1.11155078,0.33995867900000004
90,21,440.0,1.2465493200000002,0.372181946
90,21,441.0,1.24263586,0.369993774
90,21,442.0,1.30980286,0.38708639499999997
90,21,443.0,1.3179333500000001,0.388424622
90,21,444.0,1.31001868,0.388840302
90,21,445.0,1.37625879,0.397197327
90,21,446.0,1.22596191,0.35029235799999997
90,21,447.0,1.39964941,0.396322876
90,21,448.0,1.4209812,0.40157296800000003
90,21,449.0,1.4321571,0.414917999
90,21,450.0,1.46455359,0.41549920700000004
90,21,451.0,1.5824339600000001,0.436376892
90,21,452.0,1.47033545,0.40927813700000004
90,21,453.0,1.36530273,0.371747131
90,21,454.0,1.45729089,0.405248383
90,21,455.0,1.46658142,0.399683228
90,21,456.0,1.50241504,0.407214203
90,21,457.0,1.51138318,0.40525262500000003
90,21,458.0,1.48505273,0.396096008
90,21,459.0,1.48499426,0.386292755
90,21,460.0,1.4717406000000002,0.39366507
90,21,461.0,1.52561096,0.39924929800000003
90,21,462.0,1.5022603799999998,0.392679504
90,21,463.0,1.5011202399999999,0.381729736
90,21,464.0,1.50662158,0.385743073
90,21,465.0,1.48410376,0.37908667
90,21,466.0,1.53290198,0.386415375
90,21,467.0,1.4778291,0.365201752
90,21,468.0,1.56481213,0.38483123799999996
90,21,469.0,1.55088477,0.374804779
90,21,470.0,1.5300699500000001,0.37981808499999997
90,21,471.0,1.52865735,0.373025513
90,21,472.0,1.54702173,0.371215546
90,21,473.0,1.5297375500000001,0.36875994900000003
90,21,474.0,1.53993909,0.368053619
90,21,475.0,1.6016948199999999,0.373433655
90,21,476.0,1.55393384,0.366195557
90,21,477.0,1.54086438,0.353760193
90,21,478.0,1.6153974599999998,0.370900665
90,21,479.0,1.5404367700000001,0.351983887
90,21,480.0,1.56995532,0.35392953499999996
90,21,481.0,1.56186304,0.350233215
90,21,482.0,1.59519336,0.36279556300000004
90,21,483.0,1.59756213,0.365395294
90,21,484.0,1.53544434,0.348688171
90,21,485.0,1.54570972,0.337558472
90,21,486.0,1.25220215,0.27627633700000004
90,21,487.0,1.40796704,0.310065277
90,21,488.0,1.52800647,0.334237122
90,21,489.0,1.41948096,0.310100922
90,21,490.0,1.61669885,0.343567719
90,21,491.0,1.51267188,0.323213531
90,21,492.0,1.45385229,0.31040182499999996
90,21,493.0,1.5660424800000001,0.326115875
90,21,494.0,1.51268884,0.31777887
90,21,495.0,1.61677344,0.341301056
90,21,496.0,1.5749476299999998,0.341857239
90,21,497.0,1.52868884,0.320736267
90,21,498.0,1.49293762,0.30484668
90,21,499.0,1.49025403,0.303570312
90,21,500.0,1.48417578,0.300244965
90,21,501.0,1.45030127,0.293358093
90,21,502.0,1.43865137,0.294157379
90,21,503.0,1.52213428,0.304291565
90,21,504.0,1.41038086,0.273369507
90,21,505.0,1.52911572,0.30004538000000003
90,21,506.0,1.6356258499999998,0.318179901
90,21,507.0,1.5197417,0.297545105
90,21,508.0,1.4614891399999999,0.277186218
90,21,509.0,1.57650513,0.309996002
90,21,510.0,1.52914612,0.29610821499999995
90,21,511.0,1.5296942100000002,0.285857727
90,21,512.0,1.60524805,0.303165192
90,21,513.0,1.47077637,0.279528503
90,21,514.0,1.4394448199999998,0.276546783
90,21,515.0,1.47018884,0.273801971
90,21,516.0,1.5441121800000002,0.294623993
90,21,517.0,1.13818481,0.20945755
90,21,518.0,1.40873657,0.255849594
90,21,519.0,1.3351405,0.239595184
90,21,520.0,1.46968921,0.264822296
90,21,521.0,1.4712673299999999,0.264499817
90,21,522.0,1.52945386,0.278381989
90,21,523.0,1.4250292999999998,0.25296972700000003
90,21,524.0,1.54608789,0.272405396
90,21,525.0,1.53284985,0.274052917
90,21,526.0,1.4611699200000001,0.253738113
90,21,527.0,1.27624585,0.229006714
90,21,528.0,1.53288525,0.26289196800000003
90,21,529.0,1.57616956,0.27167163099999997
90,21,530.0,1.48942261,0.257668854
90,21,531.0,1.62205042,0.275361786
90,21,532.0,1.5478239699999998,0.267164825
90,21,533.0,1.35953088,0.22979298399999998
90,21,534.0,1.47855933,0.254161133
90,21,535.0,1.5078920900000001,0.250827332
90,21,536.0,1.60012964,0.262900177
90,21,537.0,1.4849229700000002,0.24892335499999999
90,21,538.0,1.55416809,0.250334351
90,21,539.0,1.5484449500000002,0.25374209600000003
90,21,540.0,1.51548682,0.25078343200000003
90,21,541.0,1.3859489699999998,0.22417245500000002
90,21,542.0,1.54748511,0.24945782500000002
90,21,543.0,1.48229431,0.239796463
90,21,544.0,1.5638103,0.257036835
90,21,545.0,1.53905286,0.246957123
90,21,546.0,1.50310437,0.235490662
90,21,547.0,1.5695733600000001,0.24367091400000002
90,21,548.0,1.45910242,0.229528824
90,21,549.0,1.5356777300000002,0.241711151
90,21,550.0,1.5031127899999999,0.240508896
90,21,551.0,1.49558228,0.229011337
90,21,552.0,1.56102234,0.246088898
90,21,553.0,1.50136938,0.23233616599999998
90,21,554.0,1.5517128900000001,0.23854219100000001
90,21,555.0,1.55729187,0.239483749
90,21,556.0,1.51487122,0.22864039600000002
90,21,557.0,1.4702824700000001,0.221876129
90,21,558.0,1.52664124,0.230586365
90,21,559.0,1.4435468800000002,0.219517532
90,21,560.0,1.45038635,0.221306976
90,21,561.0,1.59474121,0.232986053
90,21,562.0,1.4650150100000001,0.215383377
90,21,563.0,1.53331689,0.224034027
90,21,564.0,1.51245972,0.217978378
90,21,565.0,1.53140759,0.22509169
90,21,566.0,1.41285876,0.20301796
90,21,567.0,1.5166217,0.218105026
90,21,568.0,1.5170756799999998,0.22288298
90,21,569.0,1.4885665300000002,0.21317851300000001
90,21,570.0,1.49528882,0.211707016
90,21,571.0,1.43785205,0.19994989000000002
90,21,572.0,1.52173352,0.210885269
90,21,573.0,1.53876953,0.21479325900000001
90,21,574.0,1.5274510499999998,0.21397318999999998
90,21,575.0,1.49313696,0.20560730000000002
90,21,576.0,1.46538086,0.20270481899999998
90,21,577.0,1.5241069299999999,0.200766373
90,21,578.0,1.48135791,0.19561636400000001
90,21,579.0,1.4703096900000001,0.198781525
90,21,580.0,1.52129175,0.20157777400000002
90,21,581.0,1.49437109,0.206685165
90,21,582.0,1.5180122100000002,0.20527684
90,21,583.0,1.53069299,0.206957886
90,21,584.0,1.5293813500000002,0.208031784
90,21,585.0,1.5197793,0.207760773
90,21,586.0,1.4559054,0.187972916
90,21,587.0,1.51553577,0.20110549900000002
90,21,588.0,1.51066028,0.198546143
90,21,589.0,1.3338820800000002,0.170123138
90,21,590.0,1.39294922,0.179378708
90,21,591.0,1.47744177,0.186706985
90,21,592.0,1.43684619,0.180877319
90,21,593.0,1.47226416,0.185965027
90,21,594.0,1.47024475,0.18605394
90,21,595.0,1.46406018,0.181835144
90,21,596.0,1.4908734099999998,0.189623077
90,21,597.0,1.50005017,0.18651828
90,21,598.0,1.46474255,0.183739243
90,21,599.0,1.47030627,0.18569819599999998
90,21,600.0,1.4700877700000001,0.180937927
90,21,601.0,1.46260718,0.184659042
90,21,602.0,1.44810608,0.18067370600000002
90,21,603.0,1.45619849,0.178566849
90,21,604.0,1.5022600099999999,0.188354553
90,21,605.0,1.4982876,0.18884219400000002
90,21,606.0,1.48195496,0.18418183899999999
90,21,607.0,1.4745459,0.18273878500000001
90,21,608.0,1.47034961,0.176743607
90,21,609.0,1.45535437,0.180289032
90,21,610.0,1.4328570600000001,0.16896315
90,21,611.0,1.4564902300000002,0.17458264199999998
90,21,612.0,1.43854675,0.16934999099999998
90,21,613.0,1.41820081,0.16770401000000001
90,21,614.0,1.36728625,0.164841812
90,21,615.0,1.43322742,0.174850449
90,21,616.0,1.36363074,0.160220306
90,21,617.0,1.3718053,0.163190552
90,21,618.0,1.4367464600000002,0.168901566
90,21,619.0,1.42421802,0.163377274
90,21,620.0,1.4457253399999999,0.164574829
90,21,621.0,1.47081543,0.172850479
90,21,622.0,1.3932088599999999,0.163843719
90,21,623.0,1.404255,0.160885513
90,21,624.0,1.40566333,0.15752877799999998
90,21,625.0,1.36739355,0.158111298
90,21,626.0,1.37477344,0.156675018
90,21,627.0,1.40249622,0.161715607
90,21,628.0,1.3888771999999998,0.150699905
90,21,629.0,1.4172247299999998,0.15746180699999998
90,21,630.0,1.37281409,0.148206192
90,21,631.0,1.42650647,0.153618683
90,21,632.0,1.3315338099999998,0.147915359
90,21,633.0,1.42430676,0.15362403900000002
90,21,634.0,1.38054956,0.15374664300000002
90,21,635.0,1.40610535,0.154237061
90,21,636.0,1.3560957,0.15126499899999998
90,21,637.0,1.40234473,0.150029083
90,21,638.0,1.42432739,0.150776794
90,21,639.0,1.4133407,0.15487384
90,21,640.0,1.36936267,0.150193268
90,21,641.0,1.38822839,0.15014720199999998
90,21,642.0,1.37284082,0.15074880999999998
90,21,643.0,1.3980347899999999,0.154115112
90,21,644.0,1.3833111599999999,0.152382278
90,21,645.0,1.39700732,0.14446435500000002
90,21,646.0,1.34706689,0.146890411
90,21,647.0,1.3611814,0.141341354
90,21,648.0,1.3531406199999998,0.141407379
90,21,649.0,1.38641174,0.141936615
90,21,650.0,1.28915698,0.132076492
90,21,651.0,1.39073047,0.14665666200000002
90,21,652.0,1.36858105,0.14342099
90,21,653.0,1.3898353300000001,0.14406073
90,21,654.0,1.3727790500000001,0.141127121
90,21,655.0,1.32257507,0.129600266
90,21,656.0,1.13292249,0.117566727
90,21,657.0,1.21027344,0.120285912
90,21,658.0,1.3501015600000001,0.138191788
90,21,659.0,1.35452271,0.14276796
90,21,660.0,1.3627142300000001,0.139353439
90,21,661.0,1.36788647,0.132793045
90,21,662.0,1.38551672,0.136923721
90,21,663.0,1.37043787,0.138272095
90,21,664.0,1.34923938,0.135323303
90,21,665.0,1.3548641399999999,0.139191177
90,21,666.0,1.37130017,0.140587845
90,21,667.0,1.3446479500000001,0.13119883699999998
90,21,668.0,1.3518228799999998,0.13130569499999997
90,21,669.0,1.37158289,0.136799759
90,21,670.0,1.35522058,0.134329834
90,21,671.0,1.34150928,0.129299164
90,21,672.0,1.33683997,0.127319611
90,21,673.0,1.34696362,0.13348748800000002
90,21,674.0,1.34942725,0.131642975
90,21,675.0,1.3293793900000002,0.125697754
90,21,676.0,1.35426416,0.131264633
90,21,677.0,1.32746387,0.1301875
90,21,678.0,1.34995361,0.12785676599999998
90,21,679.0,1.33099023,0.13391645800000002
90,21,680.0,1.32179407,0.12703717
90,21,681.0,1.32361328,0.125704155
90,21,682.0,1.32202014,0.124724724
90,21,683.0,1.33039868,0.132181488
90,21,684.0,1.307854,0.12065314499999999
90,21,685.0,1.3229565399999998,0.120840088
90,21,686.0,1.26962537,0.118848091
90,21,687.0,0.902952576,0.0731245117
90,21,688.0,1.14367273,0.0977869415
90,21,689.0,1.19610693,0.104208939
90,21,690.0,1.22799963,0.10299501800000001
90,21,691.0,1.24275476,0.110863579
90,21,692.0,1.25964697,0.115571983
90,21,693.0,1.23852649,0.10961144299999999
90,21,694.0,1.21924561,0.10222605900000001
90,21,695.0,1.23358862,0.10787278
90,21,696.0,1.24064563,0.107110626
90,21,697.0,1.2866419699999998,0.12068096199999999
90,21,698.0,1.2628290999999998,0.109312134
90,21,699.0,1.26731091,0.114932938
90,21,700.0,1.25352368,0.10933927900000001
90,21,701.0,1.21115747,0.107959846
90,21,702.0,1.2093576700000002,0.10253669
90,21,703.0,1.23027295,0.107365318
90,21,704.0,1.2389080799999999,0.10891069
90,21,705.0,1.25111353,0.106490685
90,21,706.0,1.2472529300000001,0.107356041
90,21,707.0,1.2334860799999998,0.10674369
90,21,708.0,1.27229163,0.108651207
90,21,709.0,1.22745996,0.103837448
90,21,710.0,1.25518958,0.107080658
90,21,711.0,1.24690063,0.109120903
90,21,712.0,1.2266676,0.110231743
90,21,713.0,1.2250107399999999,0.10758691399999999
90,21,714.0,1.24430164,0.10449915300000001
90,21,715.0,1.18731995,0.0968702011
90,21,716.0,1.22406787,0.102489594
90,21,717.0,1.14009692,0.0891548691
90,21,718.0,1.01821216,0.0793295364
90,21,719.0,0.9419949339999999,0.0745181961
90,21,720.0,1.03311328,0.0771587524
90,21,721.0,1.1565668900000001,0.0924368057
90,21,722.0,1.1726628399999999,0.0947163544
90,21,723.0,1.1584563,0.0935992126
90,21,724.0,1.0334332300000002,0.0802991638
90,21,725.0,1.05215564,0.0775107574
90,21,726.0,1.11764587,0.0882422409
90,21,727.0,1.1046290300000001,0.0849577484
90,21,728.0,1.02648743,0.07770817569999999
90,21,729.0,1.0134855999999999,0.0772989655
90,21,730.0,1.11781128,0.08962820429999999
90,21,731.0,1.06664746,0.080797821
90,21,732.0,1.09903113,0.0822852402
90,21,733.0,1.13388623,0.0884559021
90,21,734.0,1.19076355,0.0975912323
90,21,735.0,1.15887024,0.0894978867
90,21,736.0,1.15501392,0.08874466710000001
90,21,737.0,1.1690964400000001,0.0909832077
90,21,738.0,1.1730127,0.0915896683
90,21,739.0,1.13505859,0.0873601608
90,21,740.0,1.1557957799999998,0.0920842209
90,21,741.0,1.15162292,0.09107937619999999
90,21,742.0,1.13424963,0.0905191193
90,21,743.0,1.16705981,0.0920456009
90,21,744.0,1.17940564,0.0922764664
90,21,745.0,1.1504498300000001,0.0923557587
90,21,746.0,1.16741504,0.09045610050000001
90,21,747.0,1.18547461,0.0920889282
90,21,748.0,1.16378369,0.0895982056
90,21,749.0,1.16412476,0.08837174989999999
90,21,750.0,1.1475230699999999,0.09092967989999999
90,21,751.0,1.14455908,0.08762455749999999
90,21,752.0,1.1628659700000001,0.0890808487
90,21,753.0,1.15197766,0.0936868744
90,21,754.0,1.1700824,0.089654129
90,21,755.0,1.16347607,0.0889423676
90,21,756.0,1.14074133,0.0879601364
90,21,757.0,1.14964355,0.0904689865
90,21,758.0,1.14970435,0.08384658810000001
90,21,759.0,1.1160769,0.0834578323
90,21,760.0,0.36796716300000004,0.0211876106
90,21,761.0,0.27554660000000003,0.0151057978
90,21,762.0,0.727701599,0.046515892
90,21,763.0,0.624759949,0.039345466600000004
90,21,764.0,0.6904830319999999,0.0432124557
90,21,765.0,0.8507638550000001,0.058695529899999994
90,21,766.0,0.936818604,0.0668903122
90,21,767.0,0.996592163,0.07176849369999999
90,21,768.0,1.09881238,0.0831719208
90,21,769.0,1.10896838,0.0825893021
90,21,770.0,1.10000415,0.0805058594
90,21,771.0,1.10846436,0.0833930588
90,21,772.0,1.10726514,0.0822083588
90,21,773.0,1.1026752899999999,0.0804724426
90,21,774.0,1.11402332,0.0815962219
90,21,775.0,1.07211804,0.0785184402
90,21,776.0,1.11638147,0.0819753876
90,21,777.0,1.1090133100000001,0.0814575729
90,21,778.0,1.1033623,0.0829542236
90,21,779.0,1.10725293,0.08028926850000001
90,21,780.0,1.09381714,0.0817017365
90,21,781.0,1.09225671,0.08171575160000001
90,21,782.0,1.1056779799999998,0.07728928380000001
90,21,783.0,1.08025781,0.0775049896
90,21,784.0,1.0858221399999999,0.0758936081
90,21,785.0,1.08902502,0.0796992188
90,21,786.0,1.0686283,0.0762733231
90,21,787.0,1.08416309,0.0771892014
90,21,788.0,1.0625614,0.0735550842
90,21,789.0,1.07367285,0.0772052765
90,21,790.0,1.04992139,0.0740946503
90,21,791.0,1.047271,0.07238886259999999
90,21,792.0,1.03429858,0.0708829803
90,21,793.0,1.0359095500000002,0.07398818210000001
90,21,794.0,1.03609253,0.07480171199999999
90,21,795.0,1.02638196,0.07307732389999999
90,21,796.0,1.01896942,0.06786623380000001
90,21,797.0,1.04547986,0.06867046360000001
90,21,798.0,1.0464794899999998,0.0701277466
90,21,799.0,1.0504621600000001,0.0703097
90,21,800.0,1.01357666,0.06892948909999999
90,21,801.0,1.02630249,0.068982605
90,21,802.0,1.03201709,0.0681778793
90,21,803.0,1.0159060100000001,0.06795358280000001
90,21,804.0,1.02393927,0.0665216522
90,21,805.0,0.998060242,0.06746933749999999
90,21,806.0,1.03552246,0.0690557632
90,21,807.0,1.02349884,0.0701180801
90,21,808.0,1.0243233600000001,0.0686397018
90,21,809.0,0.998207886,0.0677913666
90,21,810.0,0.9888094479999999,0.0647548294
90,21,811.0,1.00438098,0.06896732330000001
90,21,812.0,0.990511169,0.06456185910000001
90,21,813.0,0.9617935790000001,0.064771965
90,21,814.0,0.925564697,0.0602523766
90,21,815.0,0.877977539,0.0514224701
90,21,816.0,0.905254211,0.0551318626
90,21,817.0,0.771560974,0.0456215782
90,21,818.0,0.872548767,0.052418251
90,21,819.0,0.873027466,0.055213802299999996
90,21,820.0,0.821337524,0.0509408112
90,21,821.0,0.9657780760000001,0.061986049700000004
90,21,822.0,0.919600342,0.059260231
90,21,823.0,0.718005859,0.0433970871
90,21,824.0,0.920314331,0.0527438927
90,21,825.0,0.9497489010000001,0.0596787453
90,21,826.0,0.922728882,0.0558347549
90,21,827.0,0.9529693600000001,0.0613718414
90,21,828.0,0.868060486,0.049726108600000006
90,21,829.0,0.930875671,0.054866332999999996
90,21,830.0,0.90457019,0.055470760300000005
90,42,360.0,0.58451532,0.378151917
90,42,361.0,0.466601135,0.298886658
90,42,362.0,0.5167896120000001,0.31894235200000004
90,42,363.0,0.5546837769999999,0.344271149
90,42,364.0,0.558944946,0.345421204
90,42,365.0,0.528004578,0.324150665
90,42,366.0,0.7311470339999999,0.444117798
90,42,367.0,0.659934814,0.391200867
90,42,368.0,0.6275646970000001,0.368345276
90,42,369.0,0.608004089,0.352587189
90,42,370.0,0.705031372,0.39835434
90,42,371.0,0.567802246,0.317600677
90,42,372.0,0.602167908,0.342362762
90,42,373.0,0.604996094,0.332109894
90,42,374.0,0.472192169,0.264730499
90,42,375.0,0.435311218,0.23339172400000002
90,42,376.0,0.626981262,0.34110055499999997
90,42,377.0,0.646188843,0.340785461
90,42,378.0,0.840734192,0.442693787
90,42,379.0,0.6511494139999999,0.337965546
90,42,380.0,0.613091003,0.312683289
90,42,381.0,0.69126532,0.354935944
90,42,382.0,0.519447083,0.266142822
90,42,383.0,0.364120117,0.183681168
90,42,384.0,0.402146881,0.20233149700000003
90,42,385.0,0.60790979,0.29738473499999996
90,42,386.0,0.473351074,0.238719696
90,42,387.0,0.545378601,0.266786285
90,42,388.0,0.541467285,0.259889282
90,42,389.0,0.618264099,0.297063416
90,42,390.0,0.751831787,0.357319946
90,42,391.0,0.842639404,0.39337710600000003
90,42,392.0,0.74979834,0.341161987
90,42,393.0,0.403268616,0.181656372
90,42,394.0,0.44694372600000004,0.207265594
90,42,395.0,0.7513178709999999,0.332595734
90,42,396.0,0.775219238,0.338433563
90,42,397.0,0.31606149299999997,0.14127720600000002
90,42,398.0,0.8849463500000001,0.38022390699999997
90,42,399.0,1.06261853,0.455308441
90,42,400.0,1.0455279499999999,0.445255585
90,42,401.0,1.0403656000000001,0.441392181
90,42,402.0,1.10336987,0.451898376
90,42,403.0,1.0343430200000001,0.429469788
90,42,404.0,1.11125464,0.451251801
90,42,405.0,1.01985297,0.408895813
90,42,406.0,1.0124174799999999,0.402698669
90,42,407.0,0.987425354,0.385086792
90,42,408.0,1.06903589,0.414652771
90,42,409.0,1.1836818800000002,0.454092041
90,42,410.0,0.9899156490000001,0.388924164
90,42,411.0,1.16344739,0.44835516400000003
90,42,412.0,1.20644397,0.461204895
90,42,413.0,1.13888525,0.429779266
90,42,414.0,1.11910876,0.417883636
90,42,415.0,1.19364771,0.438804382
90,42,416.0,1.18739124,0.434631683
90,42,417.0,1.1505614,0.42156030299999997
90,42,418.0,1.12541748,0.402279602
90,42,419.0,1.15415088,0.40818158
90,42,420.0,0.976738464,0.35162341300000005
90,42,421.0,1.22397388,0.43081143200000005
90,42,422.0,1.17238525,0.413917572
90,42,423.0,0.990615479,0.34183932499999997
90,42,424.0,1.08954749,0.37639590500000003
90,42,425.0,1.1295831299999999,0.376427582
90,42,426.0,1.08580347,0.36471814
90,42,427.0,1.04462305,0.351479156
90,42,428.0,1.0577293700000001,0.34385333300000004
90,42,429.0,0.96288562,0.311977264
90,42,430.0,0.768613342,0.252759018
90,42,431.0,0.69025531,0.22131123400000002
90,42,432.0,1.24402478,0.40163855
90,42,433.0,1.10775684,0.355017029
90,42,434.0,1.05233167,0.334743347
90,42,435.0,1.14467029,0.35333966099999997
90,42,436.0,1.26989685,0.390683777
90,42,437.0,1.28406848,0.393297791
90,42,438.0,1.1498927,0.355356781
90,42,439.0,1.11155078,0.337762177
90,42,440.0,1.2465493200000002,0.368645203
90,42,441.0,1.24263586,0.375857147
90,42,442.0,1.30980286,0.385249146
90,42,443.0,1.3179333500000001,0.388877777
90,42,444.0,1.31001868,0.393958893
90,42,445.0,1.37625879,0.397150818
90,42,446.0,1.22596191,0.349061127
90,42,447.0,1.39964941,0.40823757899999996
90,42,448.0,1.4209812,0.404347656
90,42,449.0,1.4321571,0.39268160999999996
90,42,450.0,1.46455359,0.41599585
90,42,451.0,1.5824339600000001,0.447623108
90,42,452.0,1.47033545,0.413652649
90,42,453.0,1.36530273,0.376950073
90,42,454.0,1.45729089,0.400550659
90,42,455.0,1.46658142,0.391131256
90,42,456.0,1.50241504,0.399644684
90,42,457.0,1.51138318,0.405425964
90,42,458.0,1.48505273,0.39075906400000004
90,42,459.0,1.48499426,0.387861542
90,42,460.0,1.4717406000000002,0.385389282
90,42,461.0,1.52561096,0.395011139
90,42,462.0,1.5022603799999998,0.390008514
90,42,463.0,1.5011202399999999,0.384224396
90,42,464.0,1.50662158,0.386788818
90,42,465.0,1.48410376,0.367202789
90,42,466.0,1.53290198,0.384490417
90,42,467.0,1.4778291,0.36730490099999996
90,42,468.0,1.56481213,0.389627319
90,42,469.0,1.55088477,0.389445374
90,42,470.0,1.5300699500000001,0.373105988
90,42,471.0,1.52865735,0.369744934
90,42,472.0,1.54702173,0.368587524
90,42,473.0,1.5297375500000001,0.368520416
90,42,474.0,1.53993909,0.36577975500000004
90,42,475.0,1.6016948199999999,0.37660446200000003
90,42,476.0,1.55393384,0.363385315
90,42,477.0,1.54086438,0.35860125699999995
90,42,478.0,1.6153974599999998,0.379108002
90,42,479.0,1.5404367700000001,0.35237554899999995
90,42,480.0,1.56995532,0.36158624300000003
90,42,481.0,1.56186304,0.353829651
90,42,482.0,1.59519336,0.36121261600000004
90,42,483.0,1.59756213,0.358022583
90,42,484.0,1.53544434,0.347401367
90,42,485.0,1.54570972,0.345530029
90,42,486.0,1.25220215,0.278097839
90,42,487.0,1.40796704,0.314056183
90,42,488.0,1.52800647,0.333657898
90,42,489.0,1.41948096,0.306597961
90,42,490.0,1.61669885,0.347973663
90,42,491.0,1.51267188,0.328105011
90,42,492.0,1.45385229,0.31221881100000004
90,42,493.0,1.5660424800000001,0.335142365
90,42,494.0,1.51268884,0.32068151899999997
90,42,495.0,1.61677344,0.34629785199999996
90,42,496.0,1.5749476299999998,0.322536316
90,42,497.0,1.52868884,0.312633911
90,42,498.0,1.49293762,0.31025293
90,42,499.0,1.49025403,0.302391327
90,42,500.0,1.48417578,0.301939423
90,42,501.0,1.45030127,0.296928772
90,42,502.0,1.43865137,0.29180954000000003
90,42,503.0,1.52213428,0.307967712
90,42,504.0,1.41038086,0.279535095
90,42,505.0,1.52911572,0.295140259
90,42,506.0,1.6356258499999998,0.315248993
90,42,507.0,1.5197417,0.295408447
90,42,508.0,1.4614891399999999,0.287809143
90,42,509.0,1.57650513,0.300339264
90,42,510.0,1.52914612,0.2901521
90,42,511.0,1.5296942100000002,0.293375885
90,42,512.0,1.60524805,0.30951739500000003
90,42,513.0,1.47077637,0.28016693099999995
90,42,514.0,1.4394448199999998,0.27386554
90,42,515.0,1.47018884,0.27792288200000004
90,42,516.0,1.5441121800000002,0.28540835600000003
90,42,517.0,1.13818481,0.21253566000000002
90,42,518.0,1.40873657,0.257687408
90,42,519.0,1.3351405,0.242310532
90,42,520.0,1.46968921,0.26328024299999997
90,42,521.0,1.4712673299999999,0.268707092
90,42,522.0,1.52945386,0.276257233
90,42,523.0,1.4250292999999998,0.255779221
90,42,524.0,1.54608789,0.280300781
90,42,525.0,1.53284985,0.268823273
90,42,526.0,1.4611699200000001,0.25818221999999996
90,42,527.0,1.27624585,0.222947037
90,42,528.0,1.53288525,0.26987991299999997
90,42,529.0,1.57616956,0.273690094
90,42,530.0,1.48942261,0.259717438
90,42,531.0,1.62205042,0.285869812
90,42,532.0,1.5478239699999998,0.26743631
90,42,533.0,1.35953088,0.233670654
90,42,534.0,1.47855933,0.25131166099999996
90,42,535.0,1.5078920900000001,0.255314987
90,42,536.0,1.60012964,0.270475311
90,42,537.0,1.4849229700000002,0.24581407200000002
90,42,538.0,1.55416809,0.252966278
90,42,539.0,1.5484449500000002,0.261244843
90,42,540.0,1.51548682,0.250266144
90,42,541.0,1.3859489699999998,0.22268090799999998
90,42,542.0,1.54748511,0.24586814899999998
90,42,543.0,1.48229431,0.23238093599999998
90,42,544.0,1.5638103,0.255112213
90,42,545.0,1.53905286,0.244277466
90,42,546.0,1.50310437,0.239766571
90,42,547.0,1.5695733600000001,0.248920364
90,42,548.0,1.45910242,0.23051686100000002
90,42,549.0,1.5356777300000002,0.247119034
90,42,550.0,1.5031127899999999,0.230964828
90,42,551.0,1.49558228,0.22938382
90,42,552.0,1.56102234,0.24371305799999998
90,42,553.0,1.50136938,0.233455734
90,42,554.0,1.5517128900000001,0.242772064
90,42,555.0,1.55729187,0.235534424
90,42,556.0,1.51487122,0.229357666
90,42,557.0,1.4702824700000001,0.224823868
90,42,558.0,1.52664124,0.23254707300000002
90,42,559.0,1.4435468800000002,0.212529602
90,42,560.0,1.45038635,0.215016449
90,42,561.0,1.59474121,0.23888681
90,42,562.0,1.4650150100000001,0.217397552
90,42,563.0,1.53331689,0.22025308200000002
90,42,564.0,1.51245972,0.21955534399999999
90,42,565.0,1.53140759,0.221840271
90,42,566.0,1.41285876,0.20538273599999998
90,42,567.0,1.5166217,0.217551987
90,42,568.0,1.5170756799999998,0.220144485
90,42,569.0,1.4885665300000002,0.20536975100000002
90,42,570.0,1.49528882,0.21286764500000002
90,42,571.0,1.43785205,0.198513031
90,42,572.0,1.52173352,0.208267181
90,42,573.0,1.53876953,0.21567974899999998
90,42,574.0,1.5274510499999998,0.20985320999999998
90,42,575.0,1.49313696,0.201750504
90,42,576.0,1.46538086,0.197454224
90,42,577.0,1.5241069299999999,0.209663116
90,42,578.0,1.48135791,0.203392212
90,42,579.0,1.4703096900000001,0.196536911
90,42,580.0,1.52129175,0.202080444
90,42,581.0,1.49437109,0.20195813
90,42,582.0,1.5180122100000002,0.205886993
90,42,583.0,1.53069299,0.206914886
90,42,584.0,1.5293813500000002,0.204707077
90,42,585.0,1.5197793,0.20626380900000002
90,42,586.0,1.4559054,0.19704582199999998
90,42,587.0,1.51553577,0.198646042
90,42,588.0,1.51066028,0.196634705
90,42,589.0,1.3338820800000002,0.173565247
90,42,590.0,1.39294922,0.175071442
90,42,591.0,1.47744177,0.186070312
90,42,592.0,1.43684619,0.18048053
90,42,593.0,1.47226416,0.186913147
90,42,594.0,1.47024475,0.18083718899999998
90,42,595.0,1.46406018,0.18712825
90,42,596.0,1.4908734099999998,0.184454834
90,42,597.0,1.50005017,0.18911852999999998
90,42,598.0,1.46474255,0.18515800500000001
90,42,599.0,1.47030627,0.18881315599999998
90,42,600.0,1.4700877700000001,0.179873642
90,42,601.0,1.46260718,0.18686767599999998
90,42,602.0,1.44810608,0.18071031199999998
90,42,603.0,1.45619849,0.188662552
90,42,604.0,1.5022600099999999,0.184292114
90,42,605.0,1.4982876,0.189436752
90,42,606.0,1.48195496,0.18365763899999998
90,42,607.0,1.4745459,0.183685928
90,42,608.0,1.47034961,0.183701584
90,42,609.0,1.45535437,0.179300903
90,42,610.0,1.4328570600000001,0.17292701700000002
90,42,611.0,1.4564902300000002,0.173052887
90,42,612.0,1.43854675,0.173287308
90,42,613.0,1.41820081,0.17147508199999997
90,42,614.0,1.36728625,0.1671633
90,42,615.0,1.43322742,0.16807487499999998
90,42,616.0,1.36363074,0.160076187
90,42,617.0,1.3718053,0.16395068399999999
90,42,618.0,1.4367464600000002,0.167565689
90,42,619.0,1.42421802,0.169515121
90,42,620.0,1.4457253399999999,0.166612762
90,42,621.0,1.47081543,0.16873611500000002
90,42,622.0,1.3932088599999999,0.163933456
90,42,623.0,1.404255,0.159100342
90,42,624.0,1.40566333,0.157247299
90,42,625.0,1.36739355,0.157788193
90,42,626.0,1.37477344,0.157604477
90,42,627.0,1.40249622,0.161780182
90,42,628.0,1.3888771999999998,0.155103683
90,42,629.0,1.4172247299999998,0.15898912
90,42,630.0,1.37281409,0.154972076
90,42,631.0,1.42650647,0.15926744099999998
90,42,632.0,1.3315338099999998,0.148534698
90,42,633.0,1.42430676,0.15650701900000002
90,42,634.0,1.38054956,0.153480179
90,42,635.0,1.40610535,0.15224554399999998
90,42,636.0,1.3560957,0.14370323200000001
90,42,637.0,1.40234473,0.16110143999999998
90,42,638.0,1.42432739,0.148751038
90,42,639.0,1.4133407,0.154626038
90,42,640.0,1.36936267,0.146582565
90,42,641.0,1.38822839,0.14943156400000002
90,42,642.0,1.37284082,0.150847244
90,42,643.0,1.3980347899999999,0.149620758
90,42,644.0,1.3833111599999999,0.145796219
90,42,645.0,1.39700732,0.150322998
90,42,646.0,1.34706689,0.140131454
90,42,647.0,1.3611814,0.14146489
90,42,648.0,1.3531406199999998,0.143692566
90,42,649.0,1.38641174,0.13995263700000002
90,42,650.0,1.28915698,0.135784515
90,42,651.0,1.39073047,0.148986816
90,42,652.0,1.36858105,0.140754349
90,42,653.0,1.3898353300000001,0.13954007
90,42,654.0,1.3727790500000001,0.13959951799999998
90,42,655.0,1.32257507,0.13554759200000002
90,42,656.0,1.13292249,0.115965263
90,42,657.0,1.21027344,0.12535627700000002
90,42,658.0,1.3501015600000001,0.139316315
90,42,659.0,1.35452271,0.134461334
90,42,660.0,1.3627142300000001,0.139703033
90,42,661.0,1.36788647,0.13551966899999998
90,42,662.0,1.38551672,0.142522659
90,42,663.0,1.37043787,0.138337372
90,42,664.0,1.34923938,0.131609116
90,42,665.0,1.3548641399999999,0.137690704
90,42,666.0,1.37130017,0.138054398
90,42,667.0,1.3446479500000001,0.130630386
90,42,668.0,1.3518228799999998,0.13374671900000001
90,42,669.0,1.37158289,0.136394226
90,42,670.0,1.35522058,0.133818619
90,42,671.0,1.34150928,0.13264643899999998
90,42,672.0,1.33683997,0.137253082
90,42,673.0,1.34696362,0.133008438
90,42,674.0,1.34942725,0.132580429
90,42,675.0,1.3293793900000002,0.12881910700000002
90,42,676.0,1.35426416,0.125649132
90,42,677.0,1.32746387,0.12283409899999999
90,42,678.0,1.34995361,0.121459618
90,42,679.0,1.33099023,0.12412722
90,42,680.0,1.32179407,0.127200394
90,42,681.0,1.32361328,0.130724609
90,42,682.0,1.32202014,0.127492348
90,42,683.0,1.33039868,0.123866669
90,42,684.0,1.307854,0.123051834
90,42,685.0,1.3229565399999998,0.12334771700000001
90,42,686.0,1.26962537,0.118123962
90,42,687.0,0.902952576,0.0748813171
90,42,688.0,1.14367273,0.09783615109999999
90,42,689.0,1.19610693,0.103136116
90,42,690.0,1.22799963,0.10805617499999999
90,42,691.0,1.24275476,0.10784934199999999
90,42,692.0,1.25964697,0.11375327299999999
90,42,693.0,1.23852649,0.11254742400000001
90,42,694.0,1.21924561,0.105347412
90,42,695.0,1.23358862,0.10875733200000001
90,42,696.0,1.24064563,0.1049757
90,42,697.0,1.2866419699999998,0.122601608
90,42,698.0,1.2628290999999998,0.114762115
90,42,699.0,1.26731091,0.110649696
90,42,700.0,1.25352368,0.11018402899999999
90,42,701.0,1.21115747,0.10430956999999999
90,42,702.0,1.2093576700000002,0.100636261
90,42,703.0,1.23027295,0.102420418
90,42,704.0,1.2389080799999999,0.110265495
90,42,705.0,1.25111353,0.107610023
90,42,706.0,1.2472529300000001,0.10984448999999999
90,42,707.0,1.2334860799999998,0.104193924
90,42,708.0,1.27229163,0.112057533
90,42,709.0,1.22745996,0.103616264
90,42,710.0,1.25518958,0.106782372
90,42,711.0,1.24690063,0.10797081
90,42,712.0,1.2266676,0.105552803
90,42,713.0,1.2250107399999999,0.105848618
90,42,714.0,1.24430164,0.110988922
90,42,715.0,1.18731995,0.100577171
90,42,716.0,1.22406787,0.10753746
90,42,717.0,1.14009692,0.0847794037
90,42,718.0,1.01821216,0.0799989853
90,42,719.0,0.9419949339999999,0.07446778109999999
90,42,720.0,1.03311328,0.07606884770000001
90,42,721.0,1.1565668900000001,0.092092926
90,42,722.0,1.1726628399999999,0.0947332993
90,42,723.0,1.1584563,0.08835910029999999
90,42,724.0,1.0334332300000002,0.0788751831
90,42,725.0,1.05215564,0.0793025131
90,42,726.0,1.11764587,0.0881620178
90,42,727.0,1.1046290300000001,0.0839581757
90,42,728.0,1.02648743,0.0784421844
90,42,729.0,1.0134855999999999,0.07727720639999999
90,42,730.0,1.11781128,0.0862705307
90,42,731.0,1.06664746,0.0810291672
90,42,732.0,1.09903113,0.0811225586
90,42,733.0,1.13388623,0.08912059779999999
90,42,734.0,1.19076355,0.0920963669
90,42,735.0,1.15887024,0.0896649704
90,42,736.0,1.15501392,0.094747818
90,42,737.0,1.1690964400000001,0.09125816349999999
90,42,738.0,1.1730127,0.09189208979999999
90,42,739.0,1.13505859,0.0862731247
90,42,740.0,1.1557957799999998,0.0903817139
90,42,741.0,1.15162292,0.0912829514
90,42,742.0,1.13424963,0.0921245804
90,42,743.0,1.16705981,0.0916771851
90,42,744.0,1.17940564,0.09471251680000001
90,42,745.0,1.1504498300000001,0.0913145142
90,42,746.0,1.16741504,0.0939469299
90,42,747.0,1.18547461,0.0919296951
90,42,748.0,1.16378369,0.0907457275
90,42,749.0,1.16412476,0.09167713929999999
90,42,750.0,1.1475230699999999,0.0859946213
90,42,751.0,1.14455908,0.08774006649999999
90,42,752.0,1.1628659700000001,0.09304960629999999
90,42,753.0,1.15197766,0.0910015717
90,42,754.0,1.1700824,0.0927855453
90,42,755.0,1.16347607,0.0915678864
90,42,756.0,1.14074133,0.0851141052
90,42,757.0,1.14964355,0.0896482468
90,42,758.0,1.14970435,0.0841737595
90,42,759.0,1.1160769,0.0859742584
90,42,760.0,0.36796716300000004,0.020448822
90,42,761.0,0.27554660000000003,0.0148120918
90,42,762.0,0.727701599,0.0507209435
90,42,763.0,0.624759949,0.0392054825
90,42,764.0,0.6904830319999999,0.044195621500000004
90,42,765.0,0.8507638550000001,0.0599220123
90,42,766.0,0.936818604,0.0647076035
90,42,767.0,0.996592163,0.06935046389999999
90,42,768.0,1.09881238,0.0845992813
90,42,769.0,1.10896838,0.0816022339
90,42,770.0,1.10000415,0.08423766329999999
90,42,771.0,1.10846436,0.0771442947
90,42,772.0,1.10726514,0.0865229263
90,42,773.0,1.1026752899999999,0.0829849319
90,42,774.0,1.11402332,0.0823510742
90,42,775.0,1.07211804,0.0767521744
90,42,776.0,1.11638147,0.0803952637
90,42,777.0,1.1090133100000001,0.0825852585
90,42,778.0,1.1033623,0.081282402
90,42,779.0,1.10725293,0.0791989594
90,42,780.0,1.09381714,0.077006218
90,42,781.0,1.09225671,0.0789467697
90,42,782.0,1.1056779799999998,0.0773758163
90,42,783.0,1.08025781,0.075691246
90,42,784.0,1.0858221399999999,0.07669628140000001
90,42,785.0,1.08902502,0.0782170639
90,42,786.0,1.0686283,0.0757523193
90,42,787.0,1.08416309,0.0740937881
90,42,788.0,1.0625614,0.0716231003
90,42,789.0,1.07367285,0.0758211288
90,42,790.0,1.04992139,0.07653037260000001
90,42,791.0,1.047271,0.0744091263
90,42,792.0,1.03429858,0.07165141300000001
90,42,793.0,1.0359095500000002,0.0716138611
90,42,794.0,1.03609253,0.0755859299
90,42,795.0,1.02638196,0.0685370102
90,42,796.0,1.01896942,0.0676013565
90,42,797.0,1.04547986,0.0698745117
90,42,798.0,1.0464794899999998,0.07437094879999999
90,42,799.0,1.0504621600000001,0.07064953610000001
90,42,800.0,1.01357666,0.06948937990000001
90,42,801.0,1.02630249,0.0733378906
90,42,802.0,1.03201709,0.07076106260000001
90,42,803.0,1.0159060100000001,0.06466313169999999
90,42,804.0,1.02393927,0.0668748703
90,42,805.0,0.998060242,0.0701560669
90,42,806.0,1.03552246,0.07559926609999999
90,42,807.0,1.02349884,0.0682656326
90,42,808.0,1.0243233600000001,0.0680763016
90,42,809.0,0.998207886,0.0643974915
90,42,810.0,0.9888094479999999,0.0644213867
90,42,811.0,1.00438098,0.06468667600000001
90,42,812.0,0.990511169,0.0655044708
90,42,813.0,0.9617935790000001,0.0601405258
90,42,814.0,0.925564697,0.055377681699999994
90,42,815.0,0.877977539,0.0519940414
90,42,816.0,0.905254211,0.053426044500000006
90,42,817.0,0.771560974,0.0452980232
90,42,818.0,0.872548767,0.053713504800000006
90,42,819.0,0.873027466,0.0533708611
90,42,820.0,0.821337524,0.0480090523
90,42,821.0,0.9657780760000001,0.0617943878
90,42,822.0,0.919600342,0.0575932579
90,42,823.0,0.718005859,0.0420742683
90,42,824.0,0.920314331,0.055173332199999994
90,42,825.0,0.9497489010000001,0.0573099289
90,42,826.0,0.922728882,0.055868888900000004
90,42,827.0,0.9529693600000001,0.0615341492
90,42,828.0,0.868060486,0.0513857117
90,42,829.0,0.930875671,0.0580954704
90,42,830.0,0.90457019,0.054074386599999996
